,movie_id,language_id
0,1,30
1,3,30
2,3,38
3,3,49
4,4,30
5,5,30
6,6,30
7,6,91
8,7,30
9,7,34
10,8,30
11,11,30
12,11,34
13,11,91
14,12,38
15,12,30
16,13,30
17,14,61
18,14,83
19,14,30
20,15,30
21,16,30
22,17,34
23,17,30
24,18,30
25,19,30
26,20,30
27,21,30
28,22,30
29,24,30
30,25,83
31,25,30
32,26,30
33,27,30
34,28,18
35,28,34
36,29,61
37,30,30
38,31,30
39,31,34
40,32,30
41,33,30
42,34,30
43,35,30
44,36,91
45,36,30
46,37,30
47,38,30
48,39,30
49,40,30
50,40,55
51,41,30
52,42,30
53,43,30
54,44,30
55,45,30
56,45,4
57,46,30
58,47,44
59,47,91
60,47,30
61,47,34
62,48,30
63,48,55
64,49,30
65,50,42
66,50,30
67,51,30
68,52,49
69,52,91
70,53,34
71,53,30
72,54,30
73,55,91
74,55,30
75,55,34
76,55,52
77,56,5
78,56,30
79,57,30
80,57,91
81,58,30
82,59,30
83,60,30
84,61,91
85,61,30
86,61,34
87,62,30
88,63,30
89,63,91
90,64,83
91,64,30
92,65,30
93,66,34
94,66,38
95,66,30
96,67,30
97,68,30
98,69,30
99,70,30
100,70,91
101,71,75
102,72,30
103,73,28
104,74,30
105,75,30
106,76,30
107,77,91
108,77,27
109,77,30
110,78,34
111,78,30
112,79,30
113,80,30
114,81,30
115,82,30
116,83,30
117,84,30
118,85,30
119,86,34
120,87,30
121,88,30
122,89,30
123,89,91
124,90,91
125,90,30
126,91,30
127,92,30
128,93,30
129,94,34
130,94,30
131,94,55
132,94,49
133,94,36
134,95,91
135,95,30
136,96,30
137,96,18
138,97,30
139,98,30
140,98,36
141,98,18
142,99,30
143,99,38
144,100,30
145,101,30
146,102,30
147,103,34
148,103,30
149,104,18
150,104,50
151,104,43
152,104,79
153,104,103
154,104,61
155,104,30
156,105,30
157,106,30
158,107,30
159,108,30
160,109,30
161,110,30
162,111,30
163,112,30
164,113,30
165,114,30
166,115,30
167,116,30
168,117,30
169,118,30
170,119,30
171,120,30
172,121,30
173,122,30
174,123,30
175,124,34
176,124,91
177,125,30
178,126,30
179,127,30
180,128,30
181,129,30
182,129,5
183,130,30
184,131,30
185,131,91
186,132,30
187,133,38
188,133,30
189,133,81
190,134,30
191,135,30
192,136,46
193,136,28
194,136,59
195,136,33
196,136,35
197,136,30
198,136,57
199,136,27
200,137,49
201,137,50
202,137,83
203,137,30
204,138,30
205,139,30
206,139,50
207,140,30
208,141,30
209,142,30
210,143,30
211,144,30
212,145,30
213,146,30
214,147,30
215,148,30
216,149,83
217,149,30
218,150,30
219,151,91
220,151,30
221,152,83
222,152,30
223,153,8
224,153,30
225,154,30
226,155,30
227,156,30
228,156,91
229,157,30
230,158,30
231,159,30
232,160,30
233,161,30
234,162,30
235,163,30
236,163,34
237,164,30
238,165,30
239,166,30
240,167,30
241,167,49
242,167,34
243,168,30
244,169,30
245,170,30
246,171,30
247,172,30
248,173,30
249,174,34
250,174,83
251,175,34
252,175,3
253,175,30
254,175,58
255,176,38
256,176,30
257,176,34
258,177,91
259,177,34
260,177,30
261,178,30
262,179,30
263,180,30
264,181,93
265,181,30
266,181,49
267,182,30
268,183,30
269,184,30
270,184,91
271,185,30
272,186,30
273,187,30
274,188,30
275,189,30
276,190,38
277,190,30
278,190,93
279,191,34
280,191,61
281,192,42
282,192,30
283,193,30
284,194,30
285,195,30
286,195,34
287,196,30
288,196,34
289,197,30
290,198,30
291,199,30
292,200,30
293,201,34
294,201,49
295,202,30
296,203,30
297,204,30
298,205,30
299,205,34
300,206,30
301,206,44
302,207,30
303,208,38
304,208,30
305,209,30
306,209,34
307,210,30
308,211,30
309,212,30
310,213,30
311,214,30
312,215,38
313,215,34
314,215,30
315,216,30
316,216,34
317,217,30
318,218,91
319,218,30
320,219,30
321,219,22
322,220,104
323,220,30
324,221,30
325,222,30
326,223,30
327,224,30
328,225,30
329,226,30
330,227,30
331,228,30
332,229,30
333,229,5
334,229,49
335,229,83
336,229,92
337,229,28
338,230,30
339,231,91
340,231,30
341,232,30
342,233,30
343,234,30
344,235,30
345,236,30
346,237,30
347,237,65
348,237,50
349,238,30
350,238,49
351,239,30
352,239,91
353,239,62
354,240,30
355,241,52
356,241,30
357,241,34
358,242,49
359,242,34
360,242,30
361,243,30
362,244,30
363,245,91
364,245,30
365,245,34
366,246,30
367,246,55
368,247,30
369,248,49
370,248,34
371,249,30
372,249,91
373,250,30
374,251,83
375,251,49
376,251,30
377,251,91
378,251,34
379,252,34
380,253,76
381,253,34
382,253,81
383,254,76
384,254,34
385,254,30
386,255,61
387,256,30
388,257,30
389,258,48
390,258,30
391,259,30
392,260,8
393,260,29
394,260,71
395,260,93
396,260,30
397,261,91
398,261,30
399,262,30
400,263,30
401,264,30
402,265,34
403,265,30
404,265,91
405,266,30
406,267,30
407,268,30
408,269,61
409,270,30
410,271,30
411,272,30
412,272,51
413,273,30
414,274,30
415,275,30
416,276,30
417,277,30
418,278,30
419,279,30
420,280,30
421,281,30
422,282,30
423,283,30
424,284,30
425,285,30
426,286,30
427,287,32
428,287,30
429,288,30
430,288,38
431,288,34
432,288,83
433,289,30
434,289,34
435,290,30
436,291,30
437,291,91
438,292,30
439,293,49
440,293,30
441,293,91
442,294,30
443,295,30
444,296,30
445,297,30
446,298,16
447,298,30
448,299,30
449,300,30
450,301,30
451,301,91
452,302,30
453,303,109
454,303,30
455,303,92
456,303,107
457,304,30
458,305,30
459,306,93
460,306,30
461,307,30
462,308,30
463,309,30
464,310,30
465,311,30
466,312,30
467,313,30
468,313,55
469,314,30
470,315,30
471,315,5
472,316,30
473,317,91
474,317,30
475,318,30
476,319,30
477,319,38
478,319,34
479,319,8
480,320,30
481,320,104
482,321,91
483,321,30
484,322,91
485,322,30
486,323,30
487,324,30
488,325,30
489,326,30
490,327,30
491,327,50
492,327,31
493,328,30
494,329,30
495,330,30
496,331,30
497,332,30
498,333,49
499,333,30
500,333,34
501,334,30
502,335,30
503,336,91
504,336,30
505,337,91
506,337,30
507,338,36
508,338,30
509,339,30
510,340,30
511,341,30
512,342,30
513,343,30
514,343,48
515,344,30
516,345,34
517,345,30
518,346,30
519,347,30
520,348,49
521,348,30
522,349,30
523,350,91
524,350,30
525,351,30
526,352,30
527,353,30
528,354,30
529,355,30
530,356,30
531,357,30
532,358,91
533,358,30
534,359,30
535,360,30
536,361,38
537,361,30
538,362,30
539,362,108
540,363,61
541,364,30
542,365,30
543,366,30
544,367,30
545,368,30
546,369,48
547,369,30
548,370,30
549,371,30
550,372,30
551,373,91
552,373,30
553,374,76
554,374,91
555,374,30
556,375,7
557,375,30
558,376,30
559,377,30
560,378,30
561,379,30
562,380,34
563,380,30
564,381,30
565,381,104
566,382,30
567,383,30
568,384,30
569,384,106
570,385,34
571,385,91
572,385,30
573,386,30
574,387,30
575,388,30
576,389,30
577,390,30
578,391,30
579,392,30
580,393,30
581,394,91
582,394,30
583,395,30
584,396,34
585,396,30
586,397,30
587,398,30
588,399,30
589,400,30
590,401,50
591,401,30
592,402,30
593,402,34
594,403,30
595,404,30
596,405,30
597,406,8
598,406,30
599,407,50
600,408,30
601,409,30
602,410,30
603,411,30
604,412,30
605,413,30
606,414,30
607,415,30
608,416,30
609,417,30
610,417,34
611,418,30
612,419,30
613,420,30
614,420,16
615,420,62
616,421,30
617,422,38
618,422,30
619,423,30
620,424,30
621,425,30
622,426,38
623,426,34
624,426,30
625,427,30
626,428,50
627,428,30
628,429,30
629,430,30
630,430,50
631,431,30
632,432,30
633,433,38
634,433,30
635,433,104
636,433,50
637,434,30
638,434,91
639,435,30
640,435,76
641,435,55
642,435,42
643,435,38
644,436,30
645,437,30
646,438,30
647,439,30
648,440,30
649,441,30
650,442,30
651,443,30
652,444,30
653,445,30
654,445,49
655,446,30
656,447,30
657,448,50
658,448,30
659,448,44
660,448,38
661,448,18
662,448,8
663,448,52
664,449,30
665,450,30
666,450,83
667,451,30
668,452,30
669,453,30
670,454,30
671,455,30
672,456,30
673,457,30
674,458,30
675,458,55
676,458,91
677,459,30
678,460,30
679,460,49
680,461,30
681,462,30
682,463,30
683,464,30
684,465,34
685,466,30
686,467,30
687,467,91
688,468,30
689,469,30
690,470,30
691,471,30
692,472,30
693,473,30
694,474,30
695,475,30
696,476,30
697,477,30
698,477,91
699,478,89
700,478,74
701,478,30
702,479,30
703,479,34
704,479,91
705,480,55
706,480,30
707,481,30
708,482,30
709,482,34
710,483,30
711,484,30
712,485,91
713,485,38
714,485,30
715,486,30
716,487,91
717,487,30
718,488,30
719,489,30
720,490,30
721,491,30
722,492,30
723,493,30
724,494,34
725,494,30
726,495,30
727,496,34
728,496,91
729,497,30
730,498,34
731,499,30
732,500,30
733,501,30
734,501,91
735,502,30
736,503,30
737,504,19
738,504,30
739,504,91
740,505,30
741,506,30
742,507,30
743,508,30
744,509,30
745,510,91
746,510,30
747,511,30
748,511,8
749,512,30
750,512,34
751,512,26
752,513,30
753,514,30
754,515,30
755,515,34
756,515,49
757,516,30
758,517,30
759,518,30
760,519,30
761,520,85
762,520,38
763,520,83
764,520,34
765,520,30
766,521,30
767,522,14
768,523,30
769,524,30
770,525,34
771,525,30
772,526,30
773,527,30
774,527,34
775,528,30
776,529,30
777,529,104
778,530,30
779,530,91
780,531,30
781,532,30
782,533,30
783,534,30
784,535,30
785,536,30
786,537,30
787,538,30
788,539,30
789,540,30
790,541,30
791,542,30
792,543,23
793,543,30
794,544,30
795,544,38
796,544,34
797,545,30
798,546,34
799,546,30
800,547,30
801,548,30
802,549,30
803,550,30
804,551,30
805,552,49
806,552,30
807,553,30
808,554,34
809,554,38
810,554,30
811,555,50
812,556,30
813,557,34
814,557,30
815,557,91
816,558,30
817,559,30
818,559,34
819,560,30
820,560,91
821,561,83
822,561,30
823,562,30
824,563,30
825,564,30
826,564,83
827,565,61
828,565,18
829,566,38
830,566,83
831,567,30
832,568,30
833,569,30
834,570,30
835,570,91
836,571,30
837,572,30
838,573,34
839,573,30
840,573,49
841,574,30
842,575,30
843,576,38
844,576,91
845,576,30
846,576,49
847,576,34
848,577,91
849,577,30
850,578,30
851,578,55
852,579,30
853,579,34
854,580,30
855,581,30
856,582,30
857,583,30
858,584,30
859,585,30
860,585,91
861,586,30
862,587,30
863,587,91
864,587,78
865,588,30
866,589,30
867,590,30
868,591,91
869,591,30
870,592,30
871,593,30
872,594,30
873,595,34
874,596,30
875,597,91
876,597,30
877,598,30
878,598,34
879,598,49
880,599,30
881,600,30
882,601,30
883,602,30
884,603,30
885,604,30
886,604,21
887,605,30
888,606,30
889,607,30
890,608,30
891,609,34
892,610,91
893,610,30
894,611,50
895,611,38
896,611,30
897,612,30
898,613,91
899,613,30
900,614,30
901,614,91
902,615,30
903,616,50
904,617,49
905,617,30
906,617,55
907,618,97
908,618,61
909,618,18
910,618,30
911,618,59
912,619,30
913,620,30
914,620,49
915,621,30
916,622,30
917,623,30
918,624,61
919,625,18
920,626,30
921,627,30
922,627,46
923,628,30
924,629,49
925,629,30
926,630,34
927,630,30
928,631,30
929,632,30
930,633,30
931,634,30
932,635,108
933,635,30
934,635,38
935,636,30
936,636,91
937,637,34
938,637,30
939,638,30
940,639,34
941,639,30
942,639,38
943,640,34
944,640,30
945,641,78
946,641,30
947,641,34
948,641,50
949,642,30
950,643,30
951,644,30
952,645,49
953,645,30
954,646,34
955,646,49
956,646,30
957,647,34
958,647,30
959,648,30
960,649,30
961,650,91
962,650,34
963,650,49
964,650,30
965,650,38
966,651,49
967,651,30
968,651,34
969,651,38
970,652,30
971,653,30
972,654,30
973,654,34
974,655,38
975,655,30
976,655,49
977,656,43
978,656,30
979,657,30
980,658,30
981,659,30
982,660,30
983,661,30
984,662,49
985,662,30
986,663,34
987,663,30
988,663,83
989,664,34
990,664,30
991,665,30
992,665,34
993,666,34
994,666,30
995,667,30
996,667,56
997,667,38
998,667,28
999,668,78
1000,668,34
1001,668,30
1002,669,30
1003,670,49
1004,670,30
1005,670,34
1006,671,30
1007,671,34
1008,672,30
1009,673,30
1010,673,38
1011,673,34
1012,674,83
1013,674,30
1014,675,34
1015,675,30
1016,676,30
1017,676,34
1018,677,30
1019,678,30
1020,679,30
1021,679,91
1022,680,30
1023,681,30
1024,682,61
1025,682,30
1026,683,49
1027,683,30
1028,684,30
1029,684,38
1030,685,83
1031,685,30
1032,686,30
1033,686,91
1034,687,30
1035,688,30
1036,689,34
1037,689,30
1038,690,91
1039,690,30
1040,690,34
1041,691,30
1042,691,34
1043,692,30
1044,693,30
1045,694,30
1046,695,30
1047,696,30
1048,697,30
1049,698,30
1050,699,30
1051,700,30
1052,700,49
1053,701,30
1054,702,38
1055,702,30
1056,702,92
1057,703,49
1058,703,30
1059,704,30
1060,705,30
1061,706,55
1062,706,30
1063,706,49
1064,707,30
1065,707,18
1066,708,30
1067,708,109
1068,709,30
1069,710,30
1070,711,30
1071,712,30
1072,713,30
1073,714,30
1074,715,30
1075,716,30
1076,716,49
1077,717,91
1078,717,30
1079,718,30
1080,719,30
1081,720,30
1082,720,104
1083,721,30
1084,722,21
1085,722,83
1086,722,30
1087,723,30
1088,724,30
1089,725,30
1090,726,91
1091,726,30
1092,727,30
1093,728,91
1094,728,18
1095,728,30
1096,729,30
1097,730,30
1098,731,30
1099,732,30
1100,733,30
1101,734,30
1102,735,30
1103,736,34
1104,736,30
1105,737,30
1106,738,83
1107,738,38
1108,738,30
1109,739,30
1110,740,30
1111,740,91
1112,740,78
1113,741,30
1114,742,30
1115,742,8
1116,743,30
1117,744,30
1118,745,30
1119,746,30
1120,746,38
1121,747,30
1122,748,30
1123,749,30
1124,750,38
1125,750,30
1126,751,50
1127,751,49
1128,751,30
1129,751,38
1130,752,30
1131,753,30
1132,754,30
1133,755,30
1134,756,30
1135,757,30
1136,758,30
1137,759,43
1138,759,30
1139,760,30
1140,761,30
1141,762,30
1142,763,30
1143,764,30
1144,765,30
1145,765,55
1146,766,49
1147,766,43
1148,766,30
1149,766,34
1150,767,30
1151,768,30
1152,769,30
1153,770,30
1154,771,30
1155,772,34
1156,772,30
1157,773,30
1158,774,30
1159,775,34
1160,775,49
1161,775,38
1162,775,30
1163,776,30
1164,777,108
1165,777,30
1166,778,108
1167,778,30
1168,778,91
1169,778,49
1170,779,34
1171,779,30
1172,779,49
1173,779,83
1174,780,55
1175,780,30
1176,781,34
1177,781,30
1178,782,30
1179,783,30
1180,784,30
1181,785,30
1182,786,30
1183,787,30
1184,788,30
1185,789,30
1186,789,104
1187,790,30
1188,791,30
1189,792,30
1190,793,30
1191,794,30
1192,795,30
1193,795,83
1194,795,34
1195,795,76
1196,795,38
1197,796,30
1198,797,30
1199,798,30
1200,798,34
1201,799,30
1202,800,30
1203,801,91
1204,801,30
1205,802,30
1206,803,34
1207,804,30
1208,805,30
1209,806,49
1210,806,30
1211,807,30
1212,808,30
1213,809,30
1214,810,30
1215,811,30
1216,812,30
1217,813,30
1218,814,91
1219,814,30
1220,815,34
1221,816,34
1222,817,30
1223,818,30
1224,818,55
1225,818,34
1226,819,30
1227,820,30
1228,821,34
1229,822,18
1230,822,91
1231,822,30
1232,823,30
1233,824,30
1234,824,49
1235,825,83
1236,825,49
1237,825,76
1238,825,55
1239,825,42
1240,825,38
1241,826,49
1242,826,30
1243,826,55
1244,826,34
1245,826,38
1246,827,30
1247,828,30
1248,829,49
1249,830,28
1250,830,34
1251,830,30
1252,831,34
1253,832,34
1254,832,76
1255,832,49
1256,833,49
1257,833,30
1258,834,55
1259,834,38
1260,834,30
1261,835,30
1262,836,30
1263,837,49
1264,837,8
1265,837,38
1266,837,30
1267,838,30
1268,839,30
1269,840,34
1270,840,30
1271,841,91
1272,841,30
1273,842,30
1274,843,91
1275,844,30
1276,845,91
1277,845,30
1278,846,30
1279,847,30
1280,848,38
1281,848,42
1282,848,91
1283,848,30
1284,848,8
1285,848,67
1286,849,30
1287,850,30
1288,851,49
1289,852,30
1290,852,55
1291,853,30
1292,854,8
1293,854,100
1294,854,30
1295,855,30
1296,856,30
1297,857,104
1298,857,34
1299,857,30
1300,858,91
1301,858,49
1302,858,30
1303,859,30
1304,860,100
1305,860,42
1306,860,50
1307,860,34
1308,860,91
1309,860,38
1310,860,30
1311,861,38
1312,861,30
1313,861,83
1314,862,30
1315,862,49
1316,863,30
1317,864,30
1318,865,34
1319,865,49
1320,865,30
1321,866,50
1322,867,50
1323,867,61
1324,867,18
1325,868,30
1326,869,30
1327,870,49
1328,870,30
1329,870,55
1330,870,91
1331,870,86
1332,871,104
1333,871,30
1334,872,30
1335,873,55
1336,873,30
1337,873,34
1338,874,30
1339,874,38
1340,874,55
1341,874,49
1342,875,30
1343,875,48
1344,876,34
1345,876,30
1346,876,42
1347,876,108
1348,876,49
1349,877,30
1350,878,38
1351,878,30
1352,879,30
1353,879,83
1354,880,83
1355,881,30
1356,882,30
1357,883,30
1358,884,93
1359,884,55
1360,885,30
1361,885,83
1362,885,50
1363,886,30
1364,886,91
1365,887,91
1366,887,30
1367,888,30
1368,889,30
1369,890,30
1370,891,48
1371,891,30
1372,891,49
1373,891,108
1374,892,30
1375,892,55
1376,893,30
1377,894,91
1378,894,30
1379,895,49
1380,895,34
1381,895,30
1382,896,50
1383,896,97
1384,896,30
1385,897,34
1386,897,38
1387,897,49
1388,897,30
1389,898,30
1390,898,91
1391,898,18
1392,899,30
1393,899,43
1394,899,83
1395,899,34
1396,900,91
1397,900,30
1398,901,62
1399,901,30
1400,902,30
1401,903,30
1402,904,30
1403,905,38
1404,906,30
1405,906,55
1406,907,38
1407,907,91
1408,907,34
1409,907,30
1410,907,83
1411,908,34
1412,908,30
1413,908,18
1414,908,83
1415,908,104
1416,909,49
1417,909,55
1418,909,34
1419,909,30
1420,910,30
1421,910,34
1422,910,49
1423,911,30
1424,912,30
1425,912,91
1426,913,30
1427,914,38
1428,914,30
1429,915,30
1430,916,30
1431,917,83
1432,917,30
1433,917,34
1434,917,49
1435,917,8
1436,917,38
1437,918,49
1438,918,34
1439,918,30
1440,919,50
1441,920,30
1442,921,30
1443,922,34
1444,923,38
1445,923,30
1446,924,49
1447,924,30
1448,924,34
1449,924,38
1450,924,33
1451,925,61
1452,926,31
1453,926,30
1454,927,30
1455,928,30
1456,928,91
1457,929,30
1458,930,30
1459,931,30
1460,932,30
1461,933,30
1462,934,30
1463,935,30
1464,935,38
1465,935,8
1466,935,39
1467,936,49
1468,936,30
1469,936,83
1470,937,43
1471,937,30
1472,938,30
1473,939,30
1474,939,49
1475,940,30
1476,941,30
1477,942,30
1478,942,83
1479,942,34
1480,942,20
1481,943,93
1482,944,30
1483,945,30
1484,946,103
1485,946,8
1486,946,30
1487,947,91
1488,947,30
1489,948,30
1490,948,91
1491,949,49
1492,949,30
1493,949,34
1494,949,50
1495,949,38
1496,950,30
1497,951,30
1498,952,30
1499,953,30
1500,954,30
1501,955,30
1502,956,30
1503,957,30
1504,958,30
1505,959,30
1506,960,30
1507,961,30
1508,962,30
1509,963,30
1510,964,30
1511,965,30
1512,966,30
1513,967,30
1514,968,49
1515,968,30
1516,969,30
1517,970,30
1518,971,30
1519,972,30
1520,972,81
1521,972,55
1522,972,39
1523,972,17
1524,973,30
1525,974,30
1526,975,30
1527,976,30
1528,977,30
1529,978,30
1530,979,30
1531,980,30
1532,981,55
1533,981,49
1534,981,30
1535,982,30
1536,983,30
1537,984,30
1538,985,30
1539,986,30
1540,987,30
1541,988,30
1542,988,108
1543,989,30
1544,990,30
1545,991,30
1546,992,30
1547,993,91
1548,993,30
1549,994,91
1550,994,30
1551,995,30
1552,995,51
1553,996,30
1554,996,51
1555,997,30
1556,997,51
1557,998,30
1558,999,30
1559,999,34
1560,999,83
1561,999,51
1562,1000,33
1563,1000,30
1564,1001,30
1565,1002,30
1566,1003,30
1567,1004,30
1568,1005,30
1569,1006,30
1570,1007,49
1571,1007,30
1572,1008,30
1573,1009,30
1574,1010,30
1575,1011,91
1576,1011,30
1577,1012,34
1578,1012,30
1579,1013,30
1580,1014,5
1581,1014,30
1582,1015,30
1583,1016,30
1584,1017,21
1585,1017,30
1586,1017,83
1587,1018,49
1588,1018,30
1589,1019,30
1590,1020,30
1591,1021,30
1592,1022,91
1593,1022,43
1594,1022,30
1595,1023,30
1596,1024,70
1597,1024,34
1598,1024,30
1599,1025,78
1600,1025,30
1601,1026,30
1602,1027,30
1603,1028,30
1604,1029,30
1605,1030,30
1606,1031,30
1607,1031,49
1608,1032,1
1609,1032,30
1610,1032,34
1611,1032,26
1612,1033,30
1613,1034,30
1614,1035,30
1615,1036,30
1616,1037,101
1617,1037,18
1618,1037,83
1619,1037,61
1620,1038,30
1621,1039,30
1622,1040,30
1623,1041,30
1624,1042,91
1625,1042,30
1626,1043,30
1627,1044,30
1628,1045,30
1629,1046,83
1630,1046,26
1631,1046,90
1632,1047,30
1633,1048,30
1634,1049,30
1635,1050,30
1636,1051,30
1637,1052,91
1638,1052,30
1639,1053,30
1640,1053,91
1641,1054,30
1642,1055,30
1643,1056,30
1644,1057,30
1645,1058,30
1646,1059,49
1647,1059,50
1648,1059,30
1649,1060,30
1650,1061,30
1651,1062,30
1652,1063,30
1653,1064,49
1654,1064,30
1655,1065,30
1656,1066,83
1657,1066,30
1658,1067,47
1659,1067,30
1660,1068,30
1661,1068,93
1662,1069,30
1663,1070,30
1664,1071,30
1665,1071,91
1666,1072,30
1667,1072,91
1668,1073,30
1669,1074,30
1670,1074,49
1671,1075,30
1672,1076,30
1673,1076,49
1674,1077,30
1675,1078,30
1676,1079,30
1677,1080,30
1678,1080,91
1679,1081,50
1680,1081,59
1681,1081,28
1682,1081,30
1683,1082,30
1684,1083,30
1685,1084,91
1686,1084,30
1687,1084,38
1688,1085,30
1689,1086,30
1690,1087,30
1691,1088,30
1692,1089,30
1693,1089,61
1694,1090,30
1695,1091,8
1696,1091,29
1697,1091,93
1698,1091,30
1699,1091,38
1700,1092,30
1701,1093,30
1702,1094,30
1703,1095,50
1704,1096,30
1705,1096,34
1706,1097,30
1707,1098,91
1708,1098,30
1709,1099,50
1710,1099,49
1711,1099,30
1712,1099,34
1713,1100,30
1714,1101,30
1715,1102,91
1716,1102,30
1717,1103,30
1718,1103,61
1719,1103,34
1720,1103,18
1721,1103,49
1722,1103,50
1723,1104,30
1724,1104,5
1725,1104,78
1726,1105,30
1727,1106,30
1728,1107,91
1729,1107,30
1730,1107,39
1731,1108,49
1732,1108,30
1733,1108,34
1734,1109,50
1735,1110,34
1736,1111,34
1737,1111,30
1738,1111,49
1739,1111,38
1740,1112,55
1741,1112,30
1742,1113,30
1743,1113,91
1744,1114,30
1745,1114,50
1746,1114,91
1747,1114,49
1748,1115,30
1749,1116,30
1750,1117,83
1751,1117,38
1752,1117,91
1753,1117,30
1754,1118,30
1755,1119,30
1756,1120,30
1757,1120,91
1758,1121,30
1759,1122,30
1760,1122,55
1761,1123,30
1762,1124,30
1763,1125,30
1764,1126,5
1765,1126,30
1766,1127,30
1767,1128,30
1768,1129,30
1769,1130,30
1770,1131,30
1771,1132,30
1772,1133,30
1773,1134,30
1774,1135,30
1775,1135,49
1776,1136,30
1777,1136,34
1778,1137,30
1779,1138,30
1780,1139,83
1781,1139,30
1782,1140,91
1783,1140,30
1784,1141,30
1785,1141,83
1786,1142,30
1787,1142,49
1788,1142,38
1789,1143,30
1790,1144,30
1791,1145,85
1792,1145,24
1793,1145,15
1794,1145,83
1795,1145,76
1796,1145,30
1797,1146,30
1798,1147,98
1799,1147,38
1800,1147,61
1801,1147,43
1802,1147,30
1803,1148,30
1804,1148,61
1805,1149,30
1806,1150,30
1807,1151,30
1808,1152,18
1809,1152,30
1810,1152,38
1811,1153,30
1812,1154,30
1813,1155,30
1814,1156,91
1815,1156,34
1816,1156,30
1817,1157,18
1818,1157,50
1819,1157,30
1820,1158,30
1821,1159,30
1822,1160,30
1823,1161,30
1824,1162,30
1825,1163,30
1826,1164,30
1827,1165,30
1828,1166,30
1829,1167,30
1830,1167,91
1831,1167,38
1832,1167,49
1833,1167,61
1834,1168,30
1835,1169,83
1836,1169,30
1837,1170,31
1838,1170,30
1839,1171,30
1840,1172,30
1841,1173,30
1842,1174,30
1843,1175,30
1844,1176,76
1845,1176,83
1846,1176,30
1847,1177,30
1848,1178,30
1849,1179,30
1850,1180,91
1851,1180,30
1852,1180,34
1853,1181,85
1854,1181,30
1855,1181,15
1856,1182,91
1857,1182,30
1858,1183,30
1859,1184,30
1860,1185,30
1861,1185,38
1862,1186,30
1863,1187,30
1864,1187,18
1865,1187,61
1866,1188,30
1867,1189,30
1868,1190,30
1869,1191,30
1870,1192,30
1871,1193,61
1872,1193,30
1873,1194,83
1874,1194,30
1875,1195,30
1876,1195,83
1877,1195,34
1878,1196,30
1879,1197,91
1880,1197,30
1881,1198,91
1882,1198,78
1883,1198,30
1884,1198,63
1885,1199,30
1886,1200,30
1887,1201,30
1888,1202,30
1889,1202,42
1890,1203,30
1891,1204,30
1892,1205,30
1893,1206,30
1894,1206,76
1895,1207,30
1896,1207,34
1897,1208,30
1898,1209,30
1899,1210,30
1900,1211,93
1901,1211,49
1902,1211,30
1903,1211,34
1904,1212,38
1905,1212,27
1906,1212,18
1907,1212,61
1908,1212,30
1909,1213,30
1910,1214,30
1911,1215,30
1912,1216,30
1913,1216,61
1914,1216,98
1915,1217,30
1916,1218,91
1917,1218,38
1918,1218,30
1919,1218,42
1920,1219,34
1921,1219,30
1922,1220,34
1923,1221,78
1924,1221,34
1925,1221,30
1926,1222,30
1927,1223,30
1928,1224,30
1929,1225,3
1930,1225,30
1931,1226,30
1932,1227,30
1933,1228,30
1934,1229,100
1935,1229,30
1936,1230,94
1937,1230,11
1938,1230,30
1939,1231,30
1940,1232,91
1941,1232,55
1942,1232,30
1943,1233,18
1944,1233,61
1945,1233,64
1946,1233,30
1947,1233,50
1948,1234,30
1949,1235,30
1950,1235,52
1951,1236,30
1952,1237,18
1953,1237,30
1954,1238,30
1955,1239,83
1956,1239,30
1957,1240,30
1958,1241,30
1959,1242,30
1960,1243,30
1961,1244,30
1962,1245,30
1963,1246,30
1964,1247,30
1965,1248,91
1966,1249,30
1967,1250,30
1968,1251,30
1969,1252,30
1970,1253,30
1971,1253,49
1972,1254,30
1973,1255,30
1974,1256,91
1975,1256,30
1976,1257,30
1977,1258,30
1978,1259,30
1979,1260,30
1980,1261,30
1981,1262,30
1982,1263,30
1983,1264,30
1984,1265,30
1985,1266,30
1986,1267,30
1987,1268,30
1988,1269,30
1989,1270,30
1990,1271,30
1991,1271,91
1992,1272,30
1993,1272,81
1994,1273,30
1995,1274,30
1996,1275,17
1997,1275,49
1998,1275,91
1999,1276,30
2000,1277,30
2001,1278,30
2002,1279,30
2003,1280,30
2004,1280,61
2005,1280,18
2006,1281,75
2007,1282,30
2008,1283,30
2009,1284,30
2010,1285,30
2011,1286,30
2012,1287,30
2013,1288,30
2014,1289,30
2015,1290,30
2016,1290,83
2017,1291,30
2018,1292,30
2019,1293,34
2020,1293,83
2021,1293,91
2022,1293,30
2023,1293,50
2024,1294,30
2025,1295,30
2026,1296,30
2027,1297,30
2028,1298,30
2029,1299,30
2030,1300,93
2031,1300,71
2032,1301,30
2033,1302,30
2034,1302,8
2035,1303,30
2036,1303,38
2037,1304,30
2038,1305,30
2039,1306,30
2040,1307,75
2041,1308,30
2042,1309,30
2043,1310,30
2044,1310,61
2045,1311,30
2046,1311,8
2047,1312,30
2048,1313,30
2049,1314,30
2050,1314,91
2051,1315,34
2052,1315,30
2053,1316,30
2054,1317,30
2055,1318,46
2056,1318,30
2057,1318,83
2058,1319,18
2059,1319,61
2060,1319,30
2061,1320,34
2062,1320,30
2063,1320,91
2064,1321,30
2065,1322,30
2066,1322,42
2067,1323,34
2068,1323,30
2069,1324,30
2070,1325,30
2071,1326,30
2072,1327,30
2073,1328,34
2074,1328,38
2075,1328,55
2076,1328,30
2077,1329,34
2078,1329,30
2079,1330,83
2080,1330,30
2081,1331,30
2082,1331,77
2083,1332,30
2084,1333,30
2085,1334,30
2086,1334,83
2087,1335,30
2088,1335,106
2089,1336,30
2090,1336,38
2091,1337,30
2092,1338,30
2093,1339,30
2094,1340,30
2095,1341,30
2096,1342,30
2097,1343,83
2098,1343,30
2099,1344,30
2100,1345,30
2101,1346,30
2102,1346,49
2103,1346,38
2104,1347,30
2105,1347,91
2106,1348,30
2107,1349,55
2108,1349,91
2109,1349,30
2110,1349,34
2111,1350,30
2112,1351,30
2113,1352,30
2114,1352,49
2115,1353,34
2116,1353,30
2117,1354,30
2118,1355,30
2119,1356,30
2120,1357,34
2121,1357,30
2122,1358,30
2123,1359,92
2124,1359,30
2125,1360,30
2126,1360,50
2127,1360,61
2128,1361,49
2129,1361,30
2130,1362,30
2131,1362,42
2132,1363,30
2133,1363,108
2134,1364,30
2135,1365,30
2136,1365,91
2137,1366,30
2138,1367,30
2139,1368,30
2140,1369,30
2141,1370,30
2142,1371,30
2143,1372,30
2144,1373,30
2145,1374,30
2146,1375,30
2147,1376,30
2148,1377,30
2149,1378,30
2150,1379,30
2151,1380,30
2152,1381,30
2153,1382,30
2154,1383,30
2155,1384,30
2156,1385,30
2157,1386,30
2158,1387,30
2159,1388,30
2160,1389,30
2161,1390,30
2162,1391,30
2163,1392,30
2164,1393,30
2165,1394,30
2166,1395,30
2167,1396,30
2168,1397,55
2169,1397,38
2170,1397,34
2171,1397,8
2172,1397,53
2173,1397,39
2174,1397,30
2175,1398,34
2176,1398,30
2177,1398,91
2178,1399,30
2179,1400,30
2180,1401,30
2181,1401,2
2182,1402,30
2183,1403,91
2184,1403,30
2185,1404,30
2186,1405,30
2187,1405,18
2188,1405,91
2189,1405,49
2190,1406,30
2191,1407,30
2192,1408,30
2193,1408,91
2194,1409,68
2195,1409,38
2196,1410,30
2197,1411,30
2198,1412,42
2199,1412,30
2200,1413,30
2201,1414,30
2202,1415,30
2203,1416,50
2204,1417,30
2205,1418,30
2206,1419,30
2207,1420,55
2208,1420,30
2209,1420,38
2210,1420,49
2211,1421,30
2212,1422,30
2213,1423,30
2214,1424,30
2215,1424,49
2216,1425,34
2217,1425,38
2218,1425,26
2219,1425,30
2220,1426,30
2221,1426,91
2222,1427,30
2223,1428,30
2224,1429,30
2225,1429,78
2226,1430,30
2227,1431,30
2228,1432,30
2229,1433,30
2230,1434,30
2231,1435,30
2232,1435,45
2233,1436,48
2234,1436,30
2235,1437,30
2236,1438,30
2237,1439,30
2238,1440,49
2239,1440,38
2240,1440,30
2241,1440,34
2242,1441,30
2243,1441,91
2244,1442,34
2245,1442,30
2246,1443,30
2247,1443,34
2248,1444,30
2249,1445,30
2250,1446,30
2251,1447,34
2252,1447,30
2253,1448,30
2254,1449,30
2255,1450,30
2256,1450,34
2257,1451,30
2258,1452,30
2259,1453,30
2260,1454,30
2261,1455,30
2262,1455,5
2263,1456,83
2264,1456,34
2265,1456,30
2266,1457,38
2267,1457,93
2268,1457,108
2269,1457,34
2270,1457,30
2271,1458,30
2272,1459,30
2273,1460,34
2274,1460,30
2275,1460,27
2276,1461,30
2277,1462,30
2278,1463,55
2279,1463,38
2280,1463,30
2281,1464,38
2282,1464,30
2283,1464,44
2284,1465,30
2285,1466,30
2286,1467,30
2287,1468,30
2288,1469,34
2289,1469,30
2290,1470,30
2291,1471,30
2292,1472,30
2293,1473,30
2294,1474,30
2295,1475,5
2296,1475,30
2297,1476,30
2298,1477,30
2299,1478,30
2300,1478,38
2301,1478,34
2302,1478,83
2303,1479,30
2304,1480,30
2305,1481,30
2306,1482,38
2307,1482,30
2308,1483,30
2309,1484,30
2310,1485,30
2311,1486,30
2312,1487,30
2313,1488,30
2314,1488,93
2315,1489,30
2316,1490,30
2317,1491,30
2318,1492,30
2319,1493,30
2320,1494,30
2321,1495,30
2322,1496,30
2323,1497,30
2324,1498,30
2325,1498,91
2326,1499,30
2327,1500,30
2328,1501,88
2329,1501,43
2330,1501,30
2331,1502,30
2332,1502,87
2333,1503,30
2334,1504,30
2335,1504,76
2336,1504,83
2337,1505,30
2338,1506,30
2339,1507,30
2340,1508,30
2341,1509,30
2342,1510,34
2343,1510,49
2344,1510,30
2345,1511,30
2346,1512,30
2347,1513,30
2348,1514,34
2349,1514,30
2350,1515,30
2351,1515,93
2352,1516,91
2353,1516,30
2354,1516,55
2355,1517,30
2356,1518,30
2357,1519,30
2358,1520,30
2359,1521,30
2360,1522,30
2361,1523,30
2362,1524,30
2363,1525,30
2364,1526,30
2365,1527,49
2366,1527,30
2367,1528,30
2368,1529,30
2369,1530,30
2370,1531,30
2371,1532,30
2372,1533,30
2373,1534,102
2374,1534,30
2375,1534,2
2376,1535,30
2377,1535,102
2378,1535,2
2379,1536,30
2380,1537,30
2381,1538,30
2382,1539,30
2383,1540,30
2384,1541,30
2385,1542,30
2386,1543,30
2387,1544,30
2388,1545,30
2389,1546,30
2390,1547,30
2391,1548,30
2392,1548,83
2393,1548,85
2394,1549,30
2395,1550,30
2396,1551,30
2397,1552,30
2398,1553,30
2399,1554,30
2400,1555,30
2401,1556,30
2402,1557,71
2403,1557,93
2404,1557,27
2405,1557,34
2406,1557,30
2407,1557,38
2408,1558,30
2409,1559,30
2410,1559,49
2411,1559,91
2412,1560,30
2413,1560,8
2414,1560,34
2415,1561,30
2416,1562,34
2417,1562,30
2418,1563,30
2419,1564,30
2420,1565,30
2421,1566,30
2422,1567,30
2423,1568,30
2424,1569,30
2425,1570,30
2426,1570,34
2427,1571,30
2428,1572,30
2429,1573,30
2430,1573,34
2431,1573,38
2432,1574,30
2433,1575,30
2434,1576,30
2435,1577,30
2436,1578,30
2437,1579,34
2438,1579,38
2439,1579,30
2440,1579,49
2441,1580,30
2442,1581,49
2443,1581,30
2444,1581,38
2445,1581,34
2446,1582,30
2447,1583,68
2448,1584,83
2449,1584,30
2450,1584,42
2451,1585,34
2452,1585,30
2453,1585,38
2454,1586,30
2455,1587,30
2456,1587,33
2457,1587,38
2458,1588,66
2459,1588,49
2460,1588,30
2461,1588,91
2462,1588,38
2463,1589,86
2464,1589,49
2465,1589,34
2466,1590,30
2467,1591,30
2468,1592,91
2469,1592,30
2470,1592,38
2471,1592,34
2472,1593,30
2473,1594,30
2474,1595,30
2475,1596,30
2476,1597,30
2477,1598,30
2478,1599,30
2479,1600,30
2480,1601,30
2481,1602,30
2482,1603,30
2483,1604,30
2484,1604,78
2485,1605,30
2486,1606,30
2487,1607,30
2488,1608,42
2489,1608,30
2490,1609,30
2491,1609,34
2492,1609,55
2493,1609,24
2494,1610,30
2495,1611,30
2496,1612,30
2497,1613,30
2498,1613,34
2499,1614,30
2500,1615,30
2501,1616,78
2502,1616,30
2503,1617,18
2504,1617,61
2505,1617,30
2506,1618,30
2507,1619,34
2508,1619,30
2509,1620,83
2510,1620,34
2511,1620,30
2512,1621,30
2513,1622,30
2514,1623,30
2515,1624,34
2516,1624,30
2517,1624,8
2518,1625,10
2519,1625,43
2520,1626,55
2521,1626,30
2522,1627,30
2523,1628,30
2524,1629,30
2525,1629,71
2526,1630,30
2527,1631,30
2528,1631,75
2529,1631,34
2530,1632,30
2531,1633,30
2532,1634,30
2533,1635,30
2534,1636,30
2535,1637,30
2536,1638,30
2537,1638,38
2538,1639,34
2539,1639,55
2540,1639,30
2541,1640,30
2542,1641,30
2543,1642,34
2544,1642,30
2545,1643,30
2546,1644,30
2547,1645,30
2548,1646,83
2549,1646,30
2550,1647,30
2551,1647,5
2552,1648,30
2553,1648,34
2554,1649,30
2555,1650,30
2556,1651,30
2557,1652,83
2558,1652,30
2559,1653,38
2560,1653,30
2561,1654,30
2562,1655,30
2563,1656,38
2564,1656,30
2565,1656,49
2566,1657,30
2567,1658,30
2568,1659,30
2569,1659,55
2570,1660,30
2571,1661,30
2572,1662,30
2573,1662,44
2574,1663,91
2575,1663,8
2576,1663,30
2577,1664,30
2578,1665,30
2579,1665,34
2580,1666,30
2581,1666,34
2582,1667,30
2583,1668,30
2584,1669,30
2585,1669,28
2586,1670,38
2587,1670,30
2588,1671,30
2589,1672,30
2590,1673,30
2591,1674,30
2592,1675,30
2593,1676,30
2594,1677,30
2595,1678,49
2596,1678,55
2597,1679,30
2598,1680,30
2599,1681,30
2600,1682,30
2601,1683,30
2602,1684,78
2603,1684,38
2604,1685,55
2605,1685,30
2606,1685,48
2607,1686,30
2608,1686,27
2609,1686,38
2610,1687,30
2611,1688,30
2612,1689,50
2613,1690,83
2614,1690,30
2615,1690,50
2616,1691,30
2617,1692,30
2618,1693,30
2619,1694,30
2620,1695,30
2621,1696,78
2622,1696,30
2623,1697,30
2624,1698,30
2625,1699,30
2626,1700,30
2627,1701,91
2628,1701,78
2629,1701,21
2630,1701,83
2631,1701,30
2632,1702,34
2633,1702,30
2634,1703,30
2635,1704,30
2636,1705,30
2637,1706,30
2638,1707,30
2639,1708,30
2640,1709,30
2641,1710,30
2642,1711,30
2643,1712,30
2644,1713,30
2645,1714,30
2646,1715,30
2647,1716,30
2648,1717,30
2649,1718,30
2650,1719,30
2651,1719,42
2652,1720,30
2653,1720,55
2654,1720,91
2655,1720,34
2656,1721,30
2657,1722,28
2658,1722,30
2659,1723,30
2660,1724,30
2661,1725,30
2662,1726,30
2663,1726,83
2664,1726,104
2665,1727,30
2666,1728,30
2667,1728,83
2668,1729,30
2669,1729,8
2670,1730,34
2671,1730,91
2672,1730,30
2673,1731,30
2674,1732,30
2675,1733,49
2676,1733,30
2677,1734,30
2678,1735,83
2679,1735,30
2680,1736,49
2681,1736,30
2682,1737,34
2683,1737,30
2684,1738,30
2685,1739,30
2686,1740,30
2687,1741,30
2688,1742,30
2689,1743,50
2690,1743,30
2691,1744,30
2692,1745,30
2693,1746,30
2694,1747,30
2695,1748,30
2696,1749,30
2697,1749,39
2698,1749,99
2699,1749,50
2700,1750,30
2701,1751,92
2702,1751,30
2703,1752,92
2704,1752,30
2705,1753,30
2706,1754,30
2707,1755,30
2708,1756,49
2709,1756,30
2710,1757,49
2711,1757,30
2712,1758,30
2713,1759,30
2714,1760,30
2715,1761,30
2716,1762,30
2717,1763,30
2718,1763,38
2719,1764,30
2720,1765,30
2721,1766,30
2722,1767,30
2723,1767,83
2724,1768,30
2725,1769,30
2726,1770,30
2727,1771,30
2728,1772,34
2729,1772,30
2730,1773,30
2731,1774,30
2732,1775,30
2733,1776,30
2734,1777,30
2735,1778,30
2736,1779,30
2737,1780,30
2738,1781,30
2739,1782,30
2740,1783,30
2741,1784,49
2742,1784,38
2743,1784,30
2744,1784,55
2745,1785,30
2746,1786,30
2747,1787,30
2748,1788,91
2749,1788,50
2750,1788,30
2751,1789,30
2752,1790,30
2753,1791,91
2754,1791,30
2755,1792,30
2756,1793,91
2757,1793,30
2758,1794,91
2759,1794,38
2760,1794,30
2761,1795,30
2762,1796,30
2763,1797,30
2764,1798,91
2765,1798,49
2766,1799,30
2767,1800,30
2768,1801,30
2769,1802,30
2770,1803,30
2771,1804,30
2772,1804,34
2773,1805,30
2774,1806,34
2775,1806,42
2776,1806,38
2777,1806,30
2778,1807,34
2779,1807,26
2780,1808,34
2781,1808,38
2782,1808,55
2783,1808,30
2784,1809,30
2785,1810,30
2786,1811,30
2787,1812,30
2788,1813,30
2789,1814,30
2790,1815,30
2791,1816,91
2792,1816,30
2793,1817,30
2794,1818,30
2795,1819,30
2796,1820,30
2797,1821,30
2798,1822,30
2799,1823,30
2800,1824,30
2801,1824,49
2802,1825,30
2803,1826,44
2804,1826,30
2805,1827,30
2806,1828,30
2807,1829,30
2808,1830,83
2809,1830,30
2810,1831,30
2811,1832,30
2812,1833,30
2813,1834,30
2814,1835,30
2815,1836,30
2816,1837,30
2817,1838,30
2818,1839,30
2819,1840,91
2820,1840,30
2821,1840,34
2822,1841,30
2823,1842,30
2824,1843,18
2825,1843,30
2826,1844,43
2827,1844,104
2828,1844,30
2829,1844,34
2830,1845,30
2831,1846,30
2832,1847,30
2833,1848,30
2834,1849,30
2835,1850,30
2836,1851,30
2837,1852,30
2838,1853,30
2839,1853,83
2840,1854,30
2841,1855,34
2842,1856,30
2843,1857,30
2844,1858,30
2845,1858,105
2846,1858,49
2847,1858,91
2848,1859,30
2849,1860,30
2850,1860,38
2851,1861,30
2852,1862,97
2853,1862,30
2854,1863,30
2855,1864,30
2856,1865,30
2857,1866,30
2858,1867,30
2859,1868,30
2860,1869,30
2861,1869,34
2862,1870,91
2863,1871,30
2864,1872,30
2865,1873,30
2866,1874,30
2867,1875,18
2868,1876,30
2869,1877,91
2870,1877,30
2871,1878,30
2872,1879,30
2873,1880,30
2874,1881,8
2875,1881,30
2876,1881,34
2877,1882,91
2878,1883,30
2879,1884,30
2880,1885,34
2881,1885,30
2882,1886,91
2883,1886,30
2884,1887,30
2885,1888,30
2886,1889,30
2887,1890,30
2888,1891,30
2889,1891,104
2890,1892,34
2891,1892,30
2892,1893,30
2893,1894,55
2894,1894,30
2895,1895,30
2896,1896,42
2897,1896,44
2898,1896,21
2899,1896,8
2900,1896,30
2901,1896,29
2902,1897,30
2903,1898,30
2904,1899,30
2905,1899,49
2906,1899,55
2907,1900,50
2908,1901,30
2909,1901,18
2910,1902,30
2911,1903,30
2912,1903,84
2913,1904,30
2914,1905,30
2915,1905,49
2916,1905,92
2917,1906,34
2918,1906,29
2919,1906,8
2920,1906,30
2921,1907,30
2922,1908,30
2923,1908,34
2924,1909,30
2925,1910,30
2926,1911,30
2927,1912,30
2928,1913,30
2929,1914,34
2930,1914,83
2931,1914,30
2932,1915,49
2933,1915,91
2934,1915,30
2935,1916,49
2936,1916,83
2937,1916,30
2938,1916,34
2939,1917,30
2940,1917,55
2941,1917,44
2942,1918,30
2943,1919,55
2944,1919,30
2945,1920,30
2946,1921,30
2947,1922,30
2948,1923,30
2949,1924,30
2950,1925,30
2951,1926,30
2952,1926,26
2953,1927,30
2954,1928,30
2955,1929,30
2956,1930,30
2957,1931,91
2958,1931,30
2959,1932,30
2960,1933,30
2961,1934,30
2962,1935,30
2963,1935,50
2964,1936,91
2965,1936,30
2966,1937,30
2967,1938,30
2968,1939,91
2969,1939,30
2970,1940,30
2971,1941,38
2972,1941,30
2973,1942,30
2974,1942,49
2975,1942,61
2976,1942,34
2977,1942,38
2978,1943,30
2979,1944,30
2980,1945,30
2981,1946,30
2982,1946,49
2983,1946,34
2984,1947,30
2985,1947,38
2986,1947,50
2987,1948,49
2988,1948,30
2989,1949,34
2990,1950,30
2991,1951,91
2992,1951,30
2993,1952,30
2994,1953,30
2995,1954,30
2996,1954,49
2997,1955,34
2998,1956,30
2999,1957,30
3000,1958,34
3001,1959,30
3002,1960,30
3003,1961,30
3004,1962,30
3005,1963,30
3006,1964,30
3007,1965,30
3008,1966,30
3009,1967,30
3010,1968,30
3011,1969,91
3012,1969,71
3013,1969,34
3014,1969,30
3015,1970,30
3016,1971,91
3017,1971,30
3018,1972,30
3019,1973,30
3020,1974,30
3021,1975,30
3022,1976,30
3023,1977,30
3024,1978,30
3025,1978,38
3026,1978,91
3027,1978,34
3028,1979,38
3029,1979,34
3030,1979,30
3031,1980,34
3032,1980,30
3033,1981,30
3034,1981,38
3035,1981,34
3036,1982,30
3037,1983,91
3038,1983,30
3039,1984,30
3040,1985,30
3041,1986,30
3042,1987,30
3043,1988,34
3044,1988,30
3045,1989,40
3046,1989,30
3047,1989,91
3048,1989,55
3049,1990,30
3050,1991,30
3051,1992,30
3052,1993,34
3053,1993,30
3054,1994,49
3055,1994,91
3056,1994,30
3057,1995,30
3058,1996,30
3059,1996,83
3060,1997,30
3061,1998,30
3062,1999,30
3063,2000,30
3064,2001,30
3065,2002,30
3066,2003,30
3067,2004,91
3068,2004,30
3069,2004,55
3070,2005,30
3071,2005,38
3072,2005,34
3073,2005,76
3074,2006,30
3075,2007,30
3076,2008,30
3077,2009,30
3078,2009,91
3079,2010,30
3080,2011,97
3081,2011,30
3082,2012,30
3083,2013,30
3084,2014,30
3085,2014,39
3086,2015,30
3087,2016,30
3088,2017,5
3089,2017,30
3090,2018,30
3091,2019,30
3092,2020,30
3093,2020,55
3094,2021,30
3095,2022,30
3096,2023,30
3097,2024,30
3098,2025,30
3099,2026,30
3100,2027,30
3101,2028,38
3102,2028,30
3103,2028,34
3104,2029,49
3105,2029,30
3106,2029,34
3107,2029,38
3108,2030,30
3109,2031,30
3110,2032,30
3111,2032,91
3112,2033,30
3113,2034,30
3114,2035,30
3115,2036,30
3116,2036,34
3117,2037,91
3118,2037,30
3119,2038,30
3120,2039,30
3121,2040,30
3122,2041,30
3123,2042,30
3124,2043,30
3125,2044,30
3126,2045,50
3127,2046,30
3128,2047,30
3129,2048,30
3130,2048,83
3131,2049,30
3132,2049,34
3133,2050,30
3134,2051,27
3135,2051,55
3136,2051,69
3137,2051,8
3138,2051,72
3139,2051,93
3140,2051,30
3141,2052,30
3142,2053,30
3143,2054,30
3144,2055,30
3145,2056,30
3146,2057,9
3147,2057,11
3148,2057,78
3149,2057,30
3150,2057,49
3151,2058,30
3152,2058,52
3153,2058,91
3154,2059,17
3155,2059,85
3156,2059,82
3157,2060,30
3158,2061,30
3159,2061,50
3160,2062,91
3161,2062,30
3162,2063,30
3163,2064,30
3164,2065,30
3165,2066,55
3166,2066,30
3167,2067,30
3168,2068,30
3169,2069,30
3170,2070,30
3171,2071,91
3172,2071,30
3173,2072,30
3174,2073,30
3175,2074,38
3176,2074,30
3177,2074,34
3178,2075,30
3179,2076,30
3180,2077,30
3181,2078,30
3182,2079,30
3183,2080,30
3184,2081,30
3185,2082,30
3186,2083,30
3187,2084,30
3188,2085,30
3189,2086,30
3190,2087,18
3191,2088,30
3192,2088,18
3193,2089,30
3194,2090,30
3195,2091,30
3196,2092,30
3197,2093,30
3198,2094,30
3199,2095,8
3200,2095,30
3201,2096,30
3202,2097,30
3203,2098,30
3204,2098,34
3205,2099,30
3206,2100,30
3207,2101,30
3208,2102,30
3209,2103,30
3210,2104,30
3211,2105,30
3212,2106,50
3213,2107,30
3214,2108,30
3215,2109,30
3216,2110,30
3217,2111,30
3218,2111,38
3219,2112,30
3220,2113,30
3221,2114,30
3222,2114,38
3223,2115,30
3224,2115,46
3225,2115,32
3226,2115,95
3227,2116,34
3228,2117,30
3229,2118,30
3230,2119,18
3231,2119,61
3232,2120,49
3233,2120,34
3234,2120,21
3235,2120,55
3236,2121,30
3237,2122,30
3238,2122,34
3239,2123,30
3240,2124,38
3241,2124,30
3242,2124,49
3243,2124,34
3244,2124,33
3245,2124,83
3246,2125,30
3247,2125,49
3248,2126,30
3249,2127,30
3250,2128,30
3251,2129,30
3252,2130,30
3253,2130,91
3254,2130,38
3255,2130,34
3256,2131,30
3257,2131,34
3258,2132,30
3259,2133,34
3260,2133,104
3261,2134,91
3262,2134,34
3263,2134,55
3264,2134,30
3265,2134,38
3266,2135,30
3267,2136,30
3268,2137,21
3269,2137,30
3270,2137,91
3271,2138,100
3272,2138,83
3273,2138,30
3274,2138,82
3275,2139,34
3276,2139,30
3277,2140,30
3278,2141,91
3279,2141,49
3280,2142,30
3281,2143,91
3282,2143,34
3283,2143,30
3284,2144,30
3285,2145,30
3286,2146,49
3287,2146,30
3288,2147,30
3289,2148,30
3290,2149,30
3291,2150,30
3292,2151,30
3293,2152,34
3294,2152,30
3295,2152,91
3296,2153,49
3297,2153,80
3298,2153,91
3299,2153,30
3300,2153,38
3301,2154,30
3302,2154,91
3303,2155,50
3304,2155,61
3305,2156,30
3306,2156,42
3307,2157,30
3308,2158,30
3309,2159,30
3310,2160,30
3311,2161,30
3312,2162,30
3313,2163,3
3314,2163,30
3315,2164,30
3316,2165,30
3317,2166,30
3318,2167,30
3319,2168,39
3320,2168,91
3321,2168,49
3322,2168,30
3323,2169,91
3324,2169,30
3325,2170,44
3326,2170,30
3327,2171,30
3328,2172,30
3329,2172,34
3330,2173,30
3331,2174,30
3332,2174,91
3333,2175,30
3334,2176,50
3335,2177,30
3336,2178,38
3337,2178,34
3338,2179,30
3339,2180,50
3340,2180,75
3341,2180,8
3342,2180,30
3343,2181,30
3344,2181,34
3345,2182,34
3346,2183,30
3347,2184,30
3348,2185,30
3349,2186,30
3350,2187,30
3351,2188,30
3352,2188,38
3353,2189,30
3354,2190,52
3355,2190,91
3356,2190,30
3357,2191,30
3358,2192,30
3359,2193,30
3360,2194,30
3361,2195,30
3362,2196,38
3363,2196,30
3364,2196,34
3365,2196,93
3366,2197,50
3367,2198,30
3368,2199,30
3369,2200,38
3370,2200,30
3371,2201,78
3372,2201,30
3373,2202,30
3374,2203,34
3375,2203,68
3376,2204,30
3377,2205,30
3378,2206,30
3379,2207,30
3380,2208,30
3381,2209,30
3382,2210,30
3383,2211,30
3384,2211,49
3385,2212,30
3386,2213,30
3387,2214,30
3388,2215,55
3389,2215,30
3390,2216,50
3391,2217,34
3392,2217,48
3393,2217,30
3394,2218,30
3395,2219,48
3396,2219,30
3397,2220,30
3398,2221,30
3399,2221,34
3400,2221,38
3401,2222,30
3402,2223,30
3403,2224,30
3404,2224,50
3405,2225,91
3406,2226,30
3407,2227,30
3408,2228,91
3409,2228,30
3410,2229,30
3411,2229,55
3412,2229,49
3413,2230,34
3414,2230,25
3415,2230,30
3416,2231,30
3417,2232,30
3418,2233,38
3419,2233,30
3420,2233,108
3421,2234,30
3422,2235,30
3423,2235,55
3424,2236,83
3425,2236,30
3426,2236,91
3427,2237,91
3428,2237,19
3429,2238,30
3430,2239,30
3431,2240,55
3432,2240,91
3433,2240,30
3434,2241,49
3435,2241,30
3436,2241,38
3437,2242,49
3438,2242,30
3439,2243,50
3440,2244,18
3441,2244,30
3442,2245,30
3443,2246,30
3444,2247,30
3445,2248,30
3446,2249,30
3447,2250,30
3448,2251,30
3449,2252,30
3450,2253,30
3451,2254,30
3452,2255,30
3453,2256,30
3454,2256,50
3455,2257,30
3456,2258,30
3457,2259,30
3458,2260,30
3459,2261,30
3460,2262,30
3461,2263,55
3462,2263,30
3463,2264,91
3464,2264,8
3465,2264,30
3466,2265,30
3467,2266,30
3468,2267,38
3469,2267,30
3470,2268,30
3471,2269,30
3472,2269,91
3473,2270,30
3474,2271,30
3475,2272,30
3476,2272,43
3477,2273,30
3478,2274,30
3479,2275,30
3480,2276,30
3481,2276,68
3482,2277,83
3483,2277,30
3484,2277,38
3485,2277,34
3486,2278,30
3487,2279,30
3488,2280,30
3489,2281,30
3490,2281,49
3491,2282,30
3492,2283,30
3493,2283,34
3494,2284,30
3495,2285,30
3496,2286,30
3497,2287,30
3498,2288,97
3499,2288,30
3500,2288,34
3501,2289,30
3502,2290,30
3503,2290,28
3504,2291,30
3505,2292,38
3506,2292,34
3507,2292,30
3508,2293,49
3509,2293,34
3510,2293,38
3511,2293,50
3512,2293,30
3513,2294,30
3514,2295,30
3515,2296,30
3516,2297,30
3517,2297,91
3518,2297,6
3519,2297,39
3520,2298,30
3521,2299,30
3522,2299,34
3523,2300,30
3524,2301,30
3525,2302,30
3526,2303,49
3527,2303,30
3528,2304,30
3529,2304,91
3530,2305,30
3531,2306,30
3532,2307,30
3533,2308,55
3534,2308,30
3535,2309,30
3536,2310,38
3537,2310,50
3538,2310,30
3539,2311,30
3540,2312,30
3541,2312,38
3542,2313,30
3543,2314,96
3544,2315,34
3545,2315,30
3546,2316,83
3547,2316,38
3548,2316,30
3549,2317,30
3550,2318,30
3551,2318,91
3552,2319,30
3553,2320,30
3554,2321,30
3555,2322,38
3556,2323,30
3557,2324,30
3558,2325,49
3559,2325,30
3560,2326,91
3561,2326,30
3562,2327,91
3563,2327,92
3564,2327,34
3565,2327,30
3566,2328,30
3567,2329,30
3568,2330,30
3569,2331,30
3570,2332,30
3571,2333,38
3572,2334,30
3573,2335,30
3574,2335,50
3575,2336,28
3576,2336,38
3577,2336,30
3578,2337,30
3579,2337,34
3580,2338,34
3581,2338,30
3582,2339,30
3583,2340,30
3584,2341,30
3585,2342,30
3586,2343,30
3587,2344,50
3588,2344,30
3589,2345,8
3590,2345,30
3591,2346,30
3592,2347,30
3593,2348,30
3594,2349,30
3595,2350,34
3596,2350,55
3597,2350,30
3598,2351,30
3599,2352,18
3600,2352,30
3601,2353,18
3602,2353,30
3603,2354,30
3604,2355,30
3605,2356,30
3606,2357,30
3607,2358,30
3608,2359,38
3609,2359,30
3610,2360,30
3611,2361,30
3612,2362,30
3613,2363,30
3614,2364,18
3615,2364,30
3616,2365,34
3617,2366,91
3618,2367,30
3619,2368,30
3620,2369,83
3621,2369,34
3622,2369,30
3623,2370,30
3624,2371,30
3625,2371,91
3626,2372,30
3627,2373,30
3628,2374,55
3629,2374,83
3630,2374,30
3631,2374,91
3632,2374,73
3633,2375,30
3634,2376,30
3635,2377,30
3636,2377,85
3637,2377,97
3638,2377,34
3639,2377,93
3640,2378,30
3641,2379,30
3642,2380,61
3643,2381,55
3644,2381,93
3645,2381,30
3646,2381,38
3647,2382,30
3648,2383,30
3649,2384,30
3650,2384,83
3651,2385,30
3652,2385,8
3653,2386,91
3654,2386,30
3655,2386,34
3656,2387,30
3657,2388,30
3658,2389,30
3659,2390,30
3660,2390,68
3661,2391,30
3662,2392,30
3663,2392,68
3664,2393,30
3665,2394,30
3666,2395,30
3667,2396,30
3668,2397,30
3669,2398,30
3670,2398,34
3671,2399,30
3672,2400,30
3673,2401,30
3674,2401,34
3675,2402,30
3676,2403,30
3677,2404,30
3678,2404,49
3679,2405,83
3680,2405,38
3681,2405,34
3682,2405,30
3683,2406,30
3684,2407,30
3685,2408,30
3686,2409,30
3687,2410,30
3688,2411,30
3689,2411,47
3690,2412,30
3691,2413,30
3692,2414,30
3693,2415,30
3694,2416,30
3695,2416,91
3696,2416,78
3697,2416,55
3698,2416,34
3699,2417,50
3700,2417,30
3701,2418,34
3702,2418,30
3703,2418,49
3704,2419,30
3705,2420,30
3706,2421,30
3707,2422,30
3708,2423,38
3709,2423,30
3710,2424,65
3711,2424,91
3712,2424,30
3713,2425,91
3714,2425,30
3715,2426,30
3716,2427,30
3717,2428,30
3718,2428,38
3719,2429,30
3720,2430,30
3721,2430,91
3722,2431,30
3723,2432,91
3724,2432,30
3725,2433,30
3726,2434,30
3727,2435,30
3728,2436,30
3729,2437,30
3730,2437,34
3731,2438,30
3732,2439,30
3733,2440,30
3734,2441,30
3735,2442,30
3736,2443,30
3737,2444,5
3738,2444,30
3739,2445,30
3740,2446,30
3741,2446,34
3742,2447,30
3743,2447,13
3744,2447,91
3745,2447,34
3746,2448,76
3747,2448,83
3748,2448,30
3749,2448,38
3750,2448,49
3751,2449,91
3752,2449,34
3753,2449,30
3754,2450,30
3755,2451,30
3756,2451,34
3757,2452,34
3758,2452,30
3759,2453,61
3760,2453,30
3761,2454,91
3762,2454,83
3763,2455,30
3764,2456,30
3765,2457,30
3766,2458,30
3767,2458,49
3768,2459,30
3769,2460,30
3770,2461,52
3771,2461,91
3772,2461,30
3773,2461,49
3774,2462,30
3775,2463,30
3776,2464,30
3777,2465,30
3778,2466,34
3779,2466,49
3780,2466,30
3781,2466,38
3782,2467,30
3783,2468,91
3784,2468,30
3785,2469,30
3786,2469,49
3787,2470,30
3788,2471,30
3789,2472,30
3790,2473,30
3791,2473,34
3792,2474,30
3793,2475,30
3794,2476,30
3795,2476,83
3796,2476,91
3797,2477,30
3798,2478,30
3799,2479,30
3800,2480,30
3801,2481,30
3802,2482,30
3803,2483,30
3804,2484,30
3805,2485,30
3806,2485,21
3807,2486,30
3808,2487,30
3809,2488,12
3810,2488,75
3811,2489,30
3812,2490,30
3813,2491,30
3814,2492,30
3815,2493,30
3816,2494,30
3817,2495,30
3818,2496,30
3819,2497,30
3820,2498,83
3821,2498,21
3822,2499,91
3823,2499,30
3824,2499,34
3825,2499,43
3826,2500,30
3827,2501,30
3828,2502,30
3829,2503,91
3830,2503,30
3831,2504,30
3832,2505,30
3833,2506,27
3834,2506,30
3835,2507,30
3836,2508,30
3837,2509,91
3838,2509,30
3839,2510,30
3840,2511,30
3841,2511,91
3842,2512,30
3843,2513,30
3844,2514,30
3845,2515,30
3846,2516,34
3847,2516,30
3848,2516,60
3849,2516,100
3850,2517,30
3851,2518,30
3852,2519,30
3853,2520,30
3854,2521,38
3855,2521,83
3856,2522,30
3857,2523,30
3858,2524,30
3859,2525,65
3860,2525,30
3861,2525,91
3862,2526,30
3863,2527,30
3864,2528,30
3865,2529,49
3866,2529,30
3867,2530,8
3868,2530,30
3869,2531,30
3870,2531,34
3871,2532,30
3872,2532,91
3873,2533,24
3874,2533,85
3875,2533,30
3876,2533,38
3877,2534,30
3878,2534,38
3879,2534,34
3880,2534,49
3881,2535,49
3882,2535,50
3883,2535,30
3884,2536,30
3885,2537,50
3886,2537,30
3887,2538,91
3888,2538,30
3889,2539,91
3890,2539,83
3891,2539,30
3892,2540,30
3893,2541,30
3894,2541,39
3895,2542,30
3896,2543,30
3897,2543,91
3898,2543,18
3899,2544,42
3900,2544,30
3901,2544,91
3902,2545,103
3903,2545,30
3904,2546,30
3905,2546,34
3906,2547,30
3907,2548,30
3908,2549,38
3909,2549,42
3910,2549,30
3911,2549,34
3912,2550,30
3913,2551,30
3914,2552,30
3915,2552,34
3916,2552,83
3917,2552,43
3918,2553,30
3919,2554,30
3920,2555,38
3921,2555,34
3922,2555,108
3923,2555,91
3924,2555,30
3925,2556,30
3926,2557,49
3927,2557,30
3928,2558,30
3929,2558,91
3930,2559,38
3931,2559,30
3932,2560,30
3933,2561,30
3934,2562,30
3935,2563,50
3936,2564,30
3937,2565,30
3938,2566,30
3939,2567,30
3940,2568,34
3941,2568,30
3942,2568,91
3943,2568,78
3944,2569,30
3945,2570,30
3946,2571,30
3947,2572,30
3948,2573,30
3949,2574,30
3950,2575,30
3951,2576,30
3952,2577,30
3953,2578,30
3954,2579,49
3955,2579,30
3956,2580,49
3957,2580,30
3958,2581,50
3959,2581,30
3960,2582,30
3961,2583,30
3962,2584,30
3963,2585,30
3964,2586,30
3965,2587,30
3966,2588,30
3967,2588,91
3968,2589,30
3969,2589,34
3970,2589,41
3971,2590,30
3972,2590,49
3973,2590,38
3974,2591,30
3975,2592,30
3976,2593,30
3977,2594,30
3978,2594,34
3979,2595,78
3980,2595,30
3981,2596,30
3982,2596,55
3983,2596,34
3984,2597,49
3985,2597,30
3986,2598,30
3987,2598,41
3988,2599,30
3989,2600,30
3990,2601,30
3991,2602,30
3992,2603,30
3993,2604,30
3994,2605,38
3995,2605,34
3996,2605,30
3997,2606,30
3998,2606,83
3999,2607,30
4000,2608,89
4001,2608,61
4002,2608,91
4003,2608,30
4004,2609,30
4005,2610,30
4006,2611,30
4007,2612,30
4008,2613,38
4009,2613,30
4010,2613,34
4011,2614,30
4012,2615,8
4013,2615,49
4014,2615,30
4015,2616,8
4016,2616,34
4017,2616,30
4018,2617,30
4019,2617,49
4020,2617,78
4021,2618,30
4022,2618,97
4023,2618,18
4024,2619,30
4025,2620,30
4026,2621,30
4027,2622,34
4028,2622,93
4029,2622,38
4030,2622,30
4031,2623,30
4032,2624,55
4033,2624,39
4034,2624,38
4035,2624,30
4036,2625,30
4037,2626,91
4038,2626,30
4039,2627,30
4040,2628,30
4041,2629,30
4042,2630,30
4043,2631,30
4044,2632,30
4045,2633,30
4046,2634,30
4047,2635,30
4048,2635,34
4049,2636,30
4050,2637,38
4051,2637,30
4052,2637,108
4053,2638,30
4054,2639,30
4055,2639,39
4056,2640,30
4057,2641,30
4058,2642,68
4059,2643,30
4060,2644,49
4061,2644,30
4062,2645,30
4063,2646,30
4064,2646,91
4065,2647,30
4066,2648,49
4067,2648,30
4068,2649,30
4069,2650,30
4070,2651,30
4071,2652,30
4072,2653,30
4073,2654,38
4074,2654,30
4075,2655,30
4076,2656,30
4077,2656,83
4078,2656,50
4079,2657,30
4080,2658,30
4081,2659,30
4082,2660,49
4083,2660,50
4084,2660,30
4085,2661,30
4086,2662,30
4087,2663,30
4088,2664,30
4089,2665,30
4090,2666,30
4091,2667,34
4092,2667,30
4093,2668,30
4094,2668,91
4095,2669,30
4096,2670,30
4097,2671,30
4098,2672,30
4099,2673,30
4100,2674,30
4101,2675,30
4102,2676,30
4103,2677,30
4104,2678,30
4105,2679,30
4106,2679,108
4107,2679,42
4108,2679,83
4109,2680,30
4110,2681,30
4111,2682,30
4112,2683,30
4113,2684,30
4114,2685,91
4115,2685,30
4116,2686,30
4117,2687,30
4118,2687,55
4119,2688,30
4120,2688,49
4121,2688,91
4122,2689,49
4123,2689,30
4124,2689,91
4125,2690,91
4126,2690,30
4127,2690,55
4128,2691,91
4129,2691,30
4130,2692,30
4131,2693,18
4132,2693,30
4133,2694,91
4134,2694,30
4135,2695,83
4136,2695,68
4137,2696,30
4138,2697,30
4139,2697,91
4140,2697,38
4141,2698,30
4142,2698,61
4143,2699,55
4144,2699,37
4145,2699,91
4146,2700,30
4147,2701,30
4148,2702,38
4149,2702,30
4150,2703,34
4151,2703,30
4152,2704,30
4153,2705,30
4154,2706,30
4155,2707,30
4156,2708,30
4157,2709,52
4158,2709,30
4159,2710,91
4160,2710,8
4161,2710,30
4162,2711,30
4163,2712,30
4164,2713,30
4165,2714,104
4166,2714,30
4167,2715,30
4168,2716,30
4169,2717,30
4170,2718,30
4171,2718,8
4172,2719,30
4173,2720,30
4174,2721,38
4175,2722,30
4176,2723,30
4177,2724,30
4178,2725,30
4179,2726,30
4180,2727,30
4181,2728,91
4182,2728,38
4183,2728,30
4184,2729,30
4185,2730,30
4186,2731,30
4187,2732,30
4188,2733,30
4189,2734,30
4190,2735,50
4191,2736,30
4192,2737,30
4193,2738,30
4194,2739,30
4195,2740,30
4196,2740,8
4197,2741,30
4198,2742,30
4199,2743,30
4200,2743,2
4201,2744,30
4202,2744,49
4203,2745,30
4204,2746,30
4205,2747,91
4206,2747,30
4207,2748,50
4208,2749,30
4209,2750,30
4210,2751,100
4211,2751,49
4212,2751,34
4213,2751,39
4214,2752,30
4215,2753,30
4216,2754,30
4217,2755,30
4218,2756,30
4219,2757,30
4220,2757,34
4221,2758,49
4222,2759,30
4223,2760,30
4224,2761,30
4225,2762,34
4226,2762,30
4227,2762,38
4228,2763,30
4229,2764,30
4230,2765,30
4231,2766,30
4232,2767,54
4233,2767,30
4234,2768,30
4235,2769,30
4236,2770,34
4237,2770,30
4238,2771,30
4239,2772,30
4240,2773,30
4241,2774,30
4242,2775,38
4243,2776,30
4244,2777,30
4245,2778,30
4246,2778,76
4247,2779,5
4248,2779,30
4249,2780,30
4250,2781,50
4251,2782,30
4252,2783,30
4253,2784,30
4254,2784,91
4255,2785,30
4256,2786,30
4257,2787,30
4258,2788,30
4259,2789,30
4260,2790,30
4261,2791,30
4262,2792,30
4263,2793,30
4264,2794,30
4265,2795,30
4266,2796,36
4267,2796,34
4268,2796,30
4269,2797,30
4270,2798,55
4271,2798,38
4272,2799,30
4273,2799,91
4274,2800,30
4275,2800,104
4276,2801,30
4277,2801,91
4278,2802,34
4279,2802,30
4280,2803,30
4281,2804,30
4282,2805,30
4283,2806,30
4284,2806,49
4285,2806,91
4286,2807,30
4287,2808,38
4288,2808,30
4289,2808,26
4290,2809,30
4291,2810,30
4292,2811,30
4293,2811,91
4294,2812,30
4295,2813,30
4296,2814,30
4297,2815,30
4298,2816,34
4299,2816,30
4300,2816,83
4301,2816,49
4302,2816,38
4303,2817,30
4304,2818,30
4305,2818,34
4306,2819,30
4307,2820,44
4308,2820,30
4309,2820,49
4310,2821,30
4311,2821,34
4312,2822,30
4313,2823,30
4314,2824,30
4315,2824,91
4316,2825,30
4317,2826,30
4318,2826,91
4319,2827,30
4320,2828,30
4321,2829,30
4322,2830,30
4323,2831,30
4324,2832,30
4325,2833,30
4326,2834,30
4327,2835,30
4328,2836,91
4329,2836,30
4330,2837,30
4331,2838,30
4332,2839,42
4333,2839,91
4334,2839,97
4335,2839,30
4336,2839,34
4337,2840,30
4338,2841,30
4339,2842,30
4340,2843,30
4341,2882,30
4342,2886,30
4343,2890,110
4344,2895,30
4345,2896,30
4346,2897,43
4347,2898,96
4348,2899,30
4349,2904,30
4350,9,30
4351,23,28
4352,23,30
4353,23,91
4354,10,30
4355,10,83
4356,10,91
4357,2914,30
4358,2915,30
4359,2916,43
4360,2917,110
4361,2918,30
4362,2919,8
4363,2920,30
4364,2921,43
4365,2922,30
4366,2923,30
4367,2924,30
4368,2925,30
4369,2926,8
4370,2927,96
4371,2930,30
4372,2931,30
4373,2932,30
4374,2933,30
4375,2934,8
4376,2935,8
4377,2936,30
4378,2937,30
4379,2938,8
4380,2939,30
4381,2940,111
4382,2941,8
4383,2943,30
4384,2944,30
4385,2945,30
4386,2947,43
4387,2948,110
4388,2949,30
4389,2950,43
4390,2951,30
4391,2952,30
4392,2953,30
4393,2954,30
4394,2955,30
4395,2956,30
4396,2957,30
4397,2958,30
4398,2959,112
4399,2960,112
4400,2961,30
4401,2962,112
4402,2,30
4403,2,34
4404,2929,30
