,movie_id,director_id
0,1,696
1,3,525
2,4,384
3,5,195
4,6,936
5,7,1316
6,8,1057
7,11,1145
8,12,907
9,13,1259
10,14,1008
11,15,1109
12,16,893
13,17,67
14,18,43
15,18,33
16,18,1170
17,19,1298
18,20,742
19,21,98
20,22,722
21,24,1399
22,25,955
23,26,831
24,27,1191
25,28,859
26,28,611
27,29,1454
28,30,705
29,31,1333
30,32,206
31,33,215
32,34,1348
33,35,65
34,36,44
35,37,260
36,38,1122
37,39,42
38,39,26
39,40,933
40,41,1039
41,42,486
42,43,651
43,44,274
44,45,956
45,45,360
46,46,1023
47,47,167
48,48,1452
49,49,524
50,50,1394
51,51,652
52,52,943
53,52,899
54,53,1163
55,54,395
56,55,713
57,56,1278
58,57,1016
59,58,112
60,59,599
61,60,378
62,61,749
63,62,377
64,63,1170
65,64,57
66,65,995
67,66,225
68,67,928
69,68,210
70,69,1247
71,70,144
72,71,563
73,72,414
74,73,884
75,74,1347
76,75,513
77,76,1079
78,77,1137
79,78,776
80,79,1044
81,80,663
82,81,1276
83,82,1422
84,83,1327
85,84,721
86,85,779
87,86,900
88,87,1039
89,88,499
90,89,1421
91,90,674
92,91,312
93,92,228
94,93,281
95,93,147
96,94,908
97,95,893
98,96,1271
99,97,94
100,98,970
101,99,724
102,100,105
103,101,365
104,102,51
105,103,1107
106,104,761
107,105,293
108,106,1065
109,107,166
110,108,1106
111,109,935
112,110,1437
113,111,297
114,112,723
115,113,962
116,114,346
117,115,919
118,116,213
119,117,1241
120,118,961
121,119,493
122,120,1199
123,121,920
124,122,4
125,123,662
126,124,849
127,125,508
128,125,1419
129,125,1025
130,126,938
131,127,138
132,128,1264
133,129,394
134,130,1386
135,131,1170
136,132,176
137,133,701
138,134,477
139,135,635
140,136,341
141,137,532
142,138,212
143,139,1165
144,140,256
145,141,679
146,142,815
147,143,1364
148,144,229
149,145,314
150,146,79
151,147,794
152,148,168
153,149,76
154,150,915
155,151,540
156,152,203
157,153,240
158,154,482
159,155,1002
160,156,1356
161,157,1195
162,158,1038
163,159,1419
164,160,820
165,161,1189
166,162,765
167,163,561
168,164,1424
169,165,886
170,166,9
171,167,102
172,168,432
173,169,318
174,170,34
175,171,792
176,172,317
177,173,955
178,174,994
179,175,964
180,176,1121
181,177,1323
182,178,488
183,179,518
184,180,1059
185,181,1310
186,182,1017
187,183,794
188,184,627
189,185,97
190,186,663
191,187,550
192,188,1196
193,189,1325
194,190,132
195,190,1054
196,191,67
197,192,92
198,193,413
199,194,1342
200,195,822
201,196,120
202,197,1083
203,198,791
204,199,140
205,200,179
206,201,491
207,202,874
208,203,190
209,204,1295
210,205,1062
211,206,107
212,207,1302
213,208,406
214,209,981
215,210,585
216,211,545
217,212,83
218,213,930
219,214,94
220,215,461
221,216,35
222,217,777
223,218,34
224,219,351
225,220,988
226,221,579
227,222,465
228,223,1277
229,224,984
230,225,779
231,226,587
232,227,997
233,228,1113
234,229,830
235,230,275
236,231,481
237,232,861
238,233,1152
239,234,917
240,235,989
241,236,16
242,237,1008
243,238,1001
244,239,824
245,240,69
246,241,1449
247,242,847
248,243,968
249,244,747
250,245,1090
251,246,79
252,247,1169
253,248,1020
254,249,1226
255,250,1074
256,251,1151
257,252,809
258,253,809
259,254,809
260,255,1086
261,256,500
262,257,1127
263,258,712
264,259,850
265,260,1194
266,261,708
267,262,392
268,263,255
269,264,300
270,264,1242
271,265,751
272,265,1378
273,266,440
274,267,431
275,267,786
276,268,773
277,269,1454
278,270,1092
279,271,370
280,272,269
281,273,1217
282,274,145
283,275,668
284,276,1071
285,277,845
286,278,1305
287,279,1088
288,280,820
289,281,140
290,282,726
291,283,723
292,284,1014
293,285,911
294,286,1372
295,287,1275
296,288,532
297,289,1196
298,290,1452
299,291,1084
300,292,662
301,293,1264
302,294,31
303,295,1201
304,296,148
305,297,1179
306,298,961
307,299,715
308,300,195
309,301,49
310,302,1285
311,303,1144
312,303,1185
313,304,108
314,305,1422
315,306,222
316,307,1115
317,308,21
318,309,1071
319,310,1199
320,311,103
321,312,674
322,313,333
323,314,1149
324,315,238
325,316,596
326,317,1202
327,318,1061
328,319,570
329,320,851
330,321,962
331,322,822
332,323,241
333,324,769
334,325,1214
335,326,336
336,327,1303
337,328,54
338,329,668
339,330,681
340,331,618
341,332,98
342,333,893
343,334,934
344,335,663
345,336,731
346,337,1425
347,338,116
348,339,1044
349,340,695
350,341,183
351,342,917
352,343,1279
353,344,1437
354,345,1385
355,346,4
356,347,623
357,348,1155
358,349,5
359,350,142
360,351,1040
361,352,1109
362,353,1288
363,354,1128
364,355,944
365,356,478
366,357,4
367,358,545
368,359,1121
369,360,863
370,361,486
371,362,177
372,363,760
373,364,333
374,365,1073
375,366,1217
376,367,29
377,368,1296
378,369,693
379,370,98
380,371,1316
381,372,1261
382,373,123
383,374,51
384,375,1412
385,376,1189
386,377,525
387,378,1205
388,379,1257
389,380,721
390,381,1008
391,382,638
392,383,753
393,384,217
394,385,118
395,386,363
396,387,373
397,387,661
398,388,582
399,389,252
400,390,1449
401,391,648
402,392,904
403,393,1279
404,394,1306
405,395,320
406,396,1186
407,397,1305
408,398,251
409,399,701
410,400,583
411,401,1113
412,402,499
413,403,908
414,404,1452
415,405,26
416,405,42
417,406,1308
418,407,974
419,408,1370
420,409,779
421,410,955
422,411,74
423,412,203
424,413,959
425,414,213
426,415,888
427,416,1145
428,417,1221
429,418,228
430,419,729
431,420,597
432,421,715
433,422,297
434,423,1311
435,424,909
436,425,1327
437,426,580
438,427,1045
439,428,1080
440,429,20
441,430,403
442,431,907
443,432,1067
444,433,433
445,434,266
446,435,1306
447,436,944
448,437,1307
449,438,9
450,439,720
451,440,1215
452,441,1112
453,442,1151
454,443,462
455,444,676
456,445,406
457,446,997
458,447,1084
459,448,1137
460,449,1299
461,450,1339
462,451,1208
463,452,68
464,452,1181
465,453,370
466,454,315
467,455,52
468,456,516
469,457,1278
470,458,447
471,458,789
472,459,522
473,460,1386
474,461,659
475,461,1087
476,462,629
477,463,875
478,464,1359
479,465,224
480,466,313
481,467,484
482,468,56
483,469,293
484,470,1044
485,471,918
486,472,621
487,472,1142
488,473,109
489,474,203
490,475,635
491,476,1197
492,476,704
493,477,570
494,478,785
495,479,1342
496,480,729
497,481,1434
498,481,1426
499,481,276
500,482,422
501,482,805
502,483,1426
503,483,999
504,483,1318
505,484,413
506,485,1224
507,486,173
508,487,933
509,488,113
510,489,373
511,489,661
512,490,295
513,491,685
514,491,665
515,491,457
516,492,797
517,493,901
518,494,388
519,495,1450
520,496,1042
521,497,114
522,498,63
523,499,890
524,500,1265
525,501,479
526,502,164
527,503,1035
528,503,818
529,504,777
530,505,494
531,506,1125
532,507,732
533,508,1350
534,509,1264
535,510,625
536,511,351
537,512,142
538,513,1043
539,514,1141
540,515,1110
541,516,516
542,517,576
543,518,773
544,519,1030
545,520,357
546,521,1081
547,521,17
548,522,1236
549,523,645
550,524,660
551,525,1193
552,526,1074
553,527,607
554,528,1101
555,529,1261
556,530,998
557,531,1167
558,532,1019
559,533,1301
560,534,1455
561,535,1024
562,536,669
563,537,604
564,538,824
565,539,934
566,540,450
567,541,1361
568,542,1252
569,542,22
570,543,644
571,544,608
572,545,500
573,546,52
574,547,1107
575,548,154
576,549,713
577,550,1077
578,551,919
579,552,950
580,553,596
581,554,278
582,555,857
583,556,1366
584,557,1135
585,558,990
586,559,695
587,560,302
588,561,1270
589,562,693
590,563,788
591,564,1400
592,565,761
593,566,744
594,567,1261
595,568,49
596,569,584
597,570,386
598,571,894
599,572,194
600,573,845
601,573,1193
602,573,379
603,574,255
604,575,1194
605,576,108
606,577,1386
607,578,805
608,578,422
609,579,103
610,580,1054
611,580,132
612,581,222
613,582,1372
614,583,1141
615,584,1062
616,585,712
617,586,153
618,587,726
619,588,346
620,589,662
621,590,402
622,591,787
623,592,1031
624,593,526
625,594,82
626,595,849
627,596,1288
628,597,709
629,598,531
630,599,993
631,600,1199
632,601,506
633,602,334
634,603,71
635,604,51
636,605,257
637,606,338
638,607,1346
639,608,504
640,609,456
641,610,460
642,611,493
643,612,823
644,613,668
645,614,752
646,615,1201
647,616,770
648,617,386
649,618,1271
650,619,462
651,620,838
652,620,813
653,621,87
654,622,1151
655,623,213
656,624,967
657,625,1271
658,626,1061
659,627,1131
660,627,680
661,628,288
662,629,280
663,630,1001
664,631,370
665,632,1210
666,633,656
667,634,1388
668,635,771
669,636,1229
670,637,438
671,638,427
672,638,1268
673,639,1404
674,640,1268
675,641,122
676,642,36
677,643,36
678,644,390
679,645,438
680,646,881
681,647,36
682,648,121
683,649,121
684,650,1268
685,651,927
686,652,692
687,653,438
688,654,121
689,655,1446
690,656,1430
691,656,1413
692,657,1404
693,658,438
694,658,913
695,658,1397
696,659,1397
697,659,1229
698,659,438
699,660,1113
700,661,121
701,662,1010
702,663,1270
703,664,741
704,665,438
705,666,36
706,667,36
707,668,36
708,669,36
709,670,826
710,671,36
711,672,1404
712,673,1404
713,674,371
714,675,121
715,676,1404
716,676,198
717,677,1404
718,678,1439
719,678,927
720,679,1207
721,680,1013
722,681,741
723,682,390
724,683,881
725,684,371
726,685,480
727,686,453
728,687,353
729,688,1410
730,689,527
731,690,916
732,690,677
733,691,390
734,692,390
735,693,527
736,694,453
737,695,81
738,696,672
739,697,515
740,698,574
741,699,36
742,700,835
743,701,434
744,702,692
745,703,692
746,704,1114
747,705,390
748,706,389
749,707,234
750,708,260
751,709,748
752,710,1129
753,711,184
754,712,43
755,713,1138
756,714,981
757,715,45
758,716,1272
759,716,175
760,717,1412
761,718,1166
762,719,377
763,720,688
764,721,917
765,722,683
766,723,1164
767,724,576
768,725,1004
769,726,1000
770,727,689
771,728,1173
772,729,1173
773,730,1173
774,731,301
775,732,301
776,733,340
777,734,189
778,735,774
779,736,1173
780,737,1116
781,738,726
782,739,1435
783,740,999
784,740,231
785,740,554
786,741,1450
787,741,232
788,741,277
789,742,792
790,743,1173
791,744,1426
792,744,999
793,744,1231
794,745,323
795,745,324
796,746,1417
797,746,1173
798,747,495
799,747,1426
800,747,231
801,748,1326
802,748,1127
803,748,86
804,749,903
805,750,1176
806,751,701
807,752,140
808,753,215
809,754,959
810,755,1365
811,756,942
812,757,521
813,758,1109
814,759,1279
815,760,12
816,761,1290
817,762,700
818,763,1264
819,764,447
820,765,948
821,766,1452
822,767,101
823,768,335
824,769,97
825,770,1244
826,771,1319
827,772,881
828,773,348
829,774,348
830,775,910
831,776,552
832,777,1452
833,778,1452
834,779,192
835,779,670
836,780,1335
837,781,122
838,782,944
839,783,122
840,784,89
841,785,716
842,785,408
843,786,36
844,787,355
845,788,1090
846,789,1008
847,790,1328
848,791,1038
849,792,1008
850,793,981
851,794,576
852,795,15
853,796,1306
854,797,352
855,798,1386
856,799,1386
857,800,986
858,801,353
859,802,476
860,803,226
861,803,865
862,804,23
863,805,333
864,806,4
865,807,965
866,808,880
867,809,122
868,810,91
869,811,570
870,812,668
871,813,668
872,814,658
873,815,224
874,816,224
875,817,528
876,818,1335
877,818,1333
878,819,157
879,819,1133
880,820,990
881,821,254
882,822,73
883,822,37
884,823,73
885,824,73
886,825,1407
887,826,1067
888,827,364
889,828,1348
890,829,464
891,830,1056
892,831,611
893,831,859
894,832,809
895,833,961
896,834,1270
897,835,1276
898,836,405
899,837,74
900,838,648
901,839,1305
902,840,712
903,841,101
904,842,372
905,843,1042
906,844,965
907,845,1375
908,845,844
909,846,537
910,847,1145
911,848,1306
912,849,1333
913,850,570
914,851,1250
915,852,163
916,853,1257
917,854,282
918,855,1270
919,856,1168
920,857,386
921,858,1250
922,859,1123
923,860,1447
924,861,182
925,862,893
926,863,1137
927,864,1226
928,865,847
929,866,11
930,867,721
931,868,36
932,869,695
933,870,386
934,871,1270
935,872,990
936,873,779
937,874,965
938,875,678
939,876,1250
940,877,893
941,878,1452
942,879,1080
943,880,48
944,881,449
945,882,492
946,883,493
947,884,536
948,885,116
949,886,570
950,887,1062
951,888,351
952,889,1373
953,890,1452
954,891,661
955,891,373
956,892,1073
957,893,962
958,894,1010
959,895,847
960,896,282
961,897,379
962,898,1196
963,899,1176
964,900,692
965,901,1062
966,902,1237
967,903,1270
968,904,1145
969,905,411
970,906,1226
971,907,716
972,908,922
973,909,606
974,910,500
975,911,228
976,912,680
977,913,41
978,914,390
979,915,1179
980,916,723
981,917,399
982,918,644
983,919,767
984,920,1215
985,921,1312
986,922,609
987,923,907
988,924,644
989,925,1454
990,926,191
991,927,567
992,927,1232
993,927,383
994,928,408
995,929,527
996,930,934
997,931,612
998,932,1446
999,933,1145
1000,934,525
1001,935,1306
1002,936,492
1003,937,1112
1004,938,1080
1005,939,580
1006,940,886
1007,941,20
1008,942,1195
1009,943,820
1010,944,404
1011,945,1076
1012,946,692
1013,947,449
1014,948,1447
1015,949,1447
1016,950,1145
1017,951,703
1018,952,1315
1019,953,517
1020,954,274
1021,955,695
1022,956,1384
1023,957,1116
1024,958,1300
1025,959,703
1026,960,242
1027,961,1312
1028,962,1360
1029,963,1033
1030,964,407
1031,965,1176
1032,966,713
1033,967,36
1034,968,1216
1035,968,538
1036,969,619
1037,970,364
1038,971,1176
1039,972,386
1040,973,590
1041,974,246
1042,975,107
1043,976,893
1044,977,547
1045,978,142
1046,979,1036
1047,980,1422
1048,981,1115
1049,982,129
1050,983,795
1051,984,95
1052,985,819
1053,986,1006
1054,987,730
1055,988,1240
1056,989,119
1057,990,148
1058,991,1045
1059,992,984
1060,993,1278
1061,994,1109
1062,995,1176
1063,996,985
1064,997,1444
1065,998,985
1066,999,827
1067,1000,827
1068,1001,1342
1069,1002,213
1070,1003,432
1071,1004,1101
1072,1005,1022
1073,1006,341
1074,1007,51
1075,1008,1306
1076,1009,612
1077,1010,653
1078,1011,1071
1079,1012,1342
1080,1013,32
1081,1014,174
1082,1015,373
1083,1015,661
1084,1016,97
1085,1017,1076
1086,1018,1112
1087,1019,634
1088,1020,1145
1089,1021,1257
1090,1022,149
1091,1022,958
1092,1022,963
1093,1023,1422
1094,1024,936
1095,1025,997
1096,1026,1159
1097,1027,779
1098,1028,247
1099,1029,25
1100,1030,20
1101,1031,597
1102,1032,991
1103,1033,341
1104,1034,1177
1105,1034,406
1106,1035,1154
1107,1036,945
1108,1037,1271
1109,1038,312
1110,1039,1338
1111,1040,50
1112,1041,1189
1113,1042,342
1114,1043,625
1115,1044,1295
1116,1045,168
1117,1046,595
1118,1047,1408
1119,1048,214
1120,1049,776
1121,1050,1121
1122,1051,1032
1123,1052,65
1124,1053,228
1125,1054,131
1126,1055,1282
1127,1056,177
1128,1057,284
1129,1058,715
1130,1059,961
1131,1060,618
1132,1061,693
1133,1062,1323
1134,1063,708
1135,1064,968
1136,1065,109
1137,1066,1084
1138,1067,118
1139,1068,270
1140,1069,475
1141,1070,1372
1142,1071,481
1143,1072,15
1144,1073,869
1145,1074,1175
1146,1075,304
1147,1075,1254
1148,1076,497
1149,1077,1017
1150,1078,850
1151,1079,436
1152,1080,1371
1153,1081,154
1154,1082,556
1155,1083,290
1156,1084,952
1157,1085,1052
1158,1086,600
1159,1087,733
1160,1088,798
1161,1089,1204
1162,1090,545
1163,1091,847
1164,1092,477
1165,1093,784
1166,1094,1217
1167,1095,898
1168,1096,483
1169,1097,870
1170,1098,1306
1171,1099,1305
1172,1100,223
1173,1101,732
1174,1102,1260
1175,1103,1056
1176,1104,596
1177,1105,662
1178,1106,1040
1179,1107,1197
1180,1107,704
1181,1108,1014
1182,1109,1253
1183,1110,239
1184,1111,607
1185,1112,721
1186,1113,98
1187,1114,886
1188,1115,1435
1189,1116,944
1190,1117,1179
1191,1118,1137
1192,1119,702
1193,1120,1228
1194,1121,584
1195,1122,1039
1196,1123,867
1197,1124,193
1198,1125,465
1199,1126,982
1200,1127,1225
1201,1128,959
1202,1129,1115
1203,1130,94
1204,1131,780
1205,1132,987
1206,1133,115
1207,1134,64
1208,1135,484
1209,1136,141
1210,1137,863
1211,1138,706
1212,1139,1449
1213,1140,792
1214,1141,701
1215,1142,486
1216,1143,395
1217,1144,824
1218,1145,966
1219,1146,238
1220,1147,605
1221,1148,414
1222,1149,454
1223,1150,1162
1224,1151,651
1225,1152,274
1226,1153,412
1227,1154,1008
1228,1155,872
1229,1156,210
1230,1157,772
1231,1158,1398
1232,1159,67
1233,1160,425
1234,1161,794
1235,1162,841
1236,1163,1050
1237,1164,975
1238,1165,698
1239,1166,641
1240,1167,1325
1241,1168,1309
1242,1169,66
1243,1170,55
1244,1171,196
1245,1172,656
1246,1173,255
1247,1174,764
1248,1175,613
1249,1176,545
1250,1177,909
1251,1178,235
1252,1179,955
1253,1180,1221
1254,1181,948
1255,1182,746
1256,1182,727
1257,1183,386
1258,1184,1037
1259,1185,1073
1260,1186,1038
1261,1187,1419
1262,1188,1060
1263,1189,710
1264,1190,1073
1265,1191,532
1266,1192,884
1267,1193,723
1268,1194,920
1269,1195,322
1270,1195,415
1271,1196,722
1272,1197,611
1273,1198,1306
1274,1199,1156
1275,1200,1245
1276,1201,981
1277,1202,1452
1278,1203,830
1279,1204,168
1280,1205,486
1281,1206,1094
1282,1207,228
1283,1208,469
1284,1209,1422
1285,1210,92
1286,1211,570
1287,1212,1192
1288,1213,785
1289,1214,1169
1290,1215,1090
1291,1216,893
1292,1217,1271
1293,1218,661
1294,1218,373
1295,1219,21
1296,1220,13
1297,1221,35
1298,1222,1246
1299,1223,308
1300,1224,1044
1301,1225,97
1302,1226,31
1303,1227,858
1304,1228,954
1305,1229,1323
1306,1230,479
1307,1231,1274
1308,1232,476
1309,1233,761
1310,1234,131
1311,1235,1285
1312,1236,200
1313,1237,77
1314,1238,876
1315,1239,695
1316,1240,391
1317,1241,97
1318,1242,1407
1319,1243,582
1320,1244,4
1321,1245,1152
1322,1246,1308
1323,1247,1118
1324,1248,736
1325,1249,1455
1326,1250,474
1327,1250,268
1328,1250,1280
1329,1251,728
1330,1252,1068
1331,1253,1102
1332,1254,1121
1333,1255,700
1334,1256,711
1335,1257,705
1336,1258,962
1337,1259,854
1338,1260,589
1339,1261,984
1340,1262,1289
1341,1263,1277
1342,1264,1292
1343,1265,938
1344,1266,1279
1345,1267,499
1346,1268,285
1347,1269,138
1348,1270,1425
1349,1271,525
1350,1272,934
1351,1273,1264
1352,1274,1151
1353,1275,1042
1354,1276,564
1355,1277,418
1356,1278,1057
1357,1279,1357
1358,1280,1230
1359,1281,2
1360,1282,1067
1361,1283,719
1362,1284,816
1363,1285,806
1364,1286,1345
1365,1287,118
1366,1288,575
1367,1289,637
1368,1290,966
1369,1291,240
1370,1292,409
1371,1293,1194
1372,1294,1418
1373,1295,1333
1374,1296,328
1375,1297,937
1376,1298,214
1377,1299,384
1378,1300,367
1379,1301,1243
1380,1302,51
1381,1303,545
1382,1304,309
1383,1304,503
1384,1305,316
1385,1306,842
1386,1307,855
1387,1308,219
1388,1309,493
1389,1310,96
1390,1310,1379
1391,1311,1140
1392,1312,1015
1393,1313,109
1394,1314,1305
1395,1315,1073
1396,1316,204
1397,1317,1401
1398,1318,919
1399,1319,1115
1400,1320,240
1401,1321,658
1402,1322,261
1403,1323,1314
1404,1324,132
1405,1324,1054
1406,1325,347
1407,1326,505
1408,1326,1431
1409,1327,502
1410,1328,835
1411,1329,1423
1412,1330,343
1413,1331,393
1414,1332,1178
1415,1333,1436
1416,1334,390
1417,1335,678
1418,1336,1446
1419,1337,826
1420,1338,121
1421,1339,1446
1422,1340,353
1423,1341,821
1424,1342,1171
1425,1343,186
1426,1344,408
1427,1345,353
1428,1346,311
1429,1347,628
1430,1347,1176
1431,1348,1385
1432,1349,408
1433,1350,1001
1434,1351,182
1435,1352,713
1436,1353,1437
1437,1354,681
1438,1355,1152
1439,1356,1169
1440,1357,529
1441,1358,582
1442,1359,1316
1443,1360,108
1444,1361,97
1445,1362,154
1446,1363,1452
1447,1364,15
1448,1365,30
1449,1366,1425
1450,1367,643
1451,1368,691
1452,1369,558
1453,1370,222
1454,1371,1109
1455,1372,1279
1456,1373,1092
1457,1374,1248
1458,1375,1297
1459,1376,1297
1460,1377,745
1461,1378,258
1462,1379,1367
1463,1380,667
1464,1381,1143
1465,1382,668
1466,1383,1136
1467,1384,1376
1468,1385,341
1469,1386,321
1470,1387,1029
1471,1388,162
1472,1389,1070
1473,1389,1200
1474,1390,227
1475,1391,1366
1476,1392,694
1477,1393,551
1478,1394,1352
1479,1395,144
1480,1396,420
1481,1397,1437
1482,1398,1206
1483,1398,664
1484,1399,1443
1485,1400,1115
1486,1401,1115
1487,1402,1115
1488,1403,658
1489,1404,658
1490,1404,221
1491,1405,1115
1492,1406,888
1493,1407,1336
1494,1408,1116
1495,1409,411
1496,1410,1179
1497,1411,1179
1498,1412,1203
1499,1413,417
1500,1414,1173
1501,1415,1402
1502,1416,11
1503,1417,1276
1504,1418,284
1505,1419,893
1506,1420,386
1507,1421,946
1508,1422,8
1509,1423,292
1510,1424,638
1511,1425,1306
1512,1426,1377
1513,1427,1402
1514,1428,1154
1515,1429,1326
1516,1429,1127
1517,1430,417
1518,1431,1173
1519,1432,1213
1520,1433,1004
1521,1434,1154
1522,1435,1228
1523,1436,1173
1524,1437,954
1525,1438,1101
1526,1439,1173
1527,1440,287
1528,1440,1197
1529,1440,170
1530,1441,1402
1531,1442,1402
1532,1443,781
1533,1444,1101
1534,1445,659
1535,1446,1154
1536,1447,1173
1537,1448,381
1538,1449,377
1539,1450,976
1540,1451,305
1541,1452,1233
1542,1453,938
1543,1454,1452
1544,1455,562
1545,1456,282
1546,1457,536
1547,1458,1066
1548,1459,154
1549,1460,1192
1550,1461,658
1551,1462,792
1552,1463,837
1553,1464,543
1554,1465,284
1555,1466,626
1556,1467,1450
1557,1468,1426
1558,1468,231
1559,1468,495
1560,1469,704
1561,1469,1197
1562,1470,1278
1563,1471,147
1564,1472,781
1565,1473,495
1566,1473,231
1567,1473,1450
1568,1474,1083
1569,1475,1426
1570,1475,231
1571,1475,495
1572,1476,1151
1573,1477,510
1574,1477,956
1575,1478,697
1576,1478,86
1577,1478,1450
1578,1479,689
1579,1480,24
1580,1480,1353
1581,1480,1319
1582,1481,1415
1583,1482,659
1584,1483,1173
1585,1484,231
1586,1484,361
1587,1484,829
1588,1485,552
1589,1486,1173
1590,1487,1426
1591,1487,507
1592,1488,1199
1593,1489,1453
1594,1490,1392
1595,1490,1411
1596,1491,1304
1597,1492,1338
1598,1493,1297
1599,1494,952
1600,1495,177
1601,1496,177
1602,1497,177
1603,1498,822
1604,1499,1096
1605,1500,386
1606,1501,1306
1607,1502,1095
1608,1503,943
1609,1504,270
1610,1505,1283
1611,1506,402
1612,1507,836
1613,1508,410
1614,1509,248
1615,1509,415
1616,1509,322
1617,1510,98
1618,1511,65
1619,1512,142
1620,1513,686
1621,1514,845
1622,1515,536
1623,1516,962
1624,1517,203
1625,1518,691
1626,1519,1116
1627,1520,631
1628,1521,187
1629,1521,546
1630,1522,690
1631,1522,892
1632,1523,322
1633,1524,643
1634,1524,395
1635,1525,322
1636,1526,1078
1637,1526,1259
1638,1527,1137
1639,1528,691
1640,1529,525
1641,1530,662
1642,1531,921
1643,1532,1297
1644,1533,374
1645,1534,594
1646,1535,594
1647,1536,1124
1648,1537,625
1649,1538,793
1650,1539,1322
1651,1540,700
1652,1541,1196
1653,1542,1449
1654,1543,445
1655,1544,675
1656,1545,1055
1657,1546,982
1658,1547,742
1659,1548,1284
1660,1549,1100
1661,1550,14
1662,1551,1018
1663,1552,1403
1664,1553,1342
1665,1554,36
1666,1555,36
1667,1556,36
1668,1557,36
1669,1558,36
1670,1559,36
1671,1560,36
1672,1561,36
1673,1562,36
1674,1563,36
1675,1564,868
1676,1565,481
1677,1566,1153
1678,1567,1199
1679,1568,142
1680,1569,130
1681,1570,1442
1682,1571,36
1683,1572,36
1684,1573,36
1685,1574,36
1686,1575,36
1687,1576,36
1688,1577,36
1689,1578,36
1690,1579,36
1691,1580,36
1692,1581,36
1693,1582,36
1694,1583,36
1695,1584,674
1696,1585,1405
1697,1586,882
1698,1587,1174
1699,1588,839
1700,1589,839
1701,1590,1380
1702,1591,834
1703,1592,582
1704,1593,1321
1705,1594,962
1706,1595,729
1707,1596,174
1708,1597,518
1709,1598,1026
1710,1599,1276
1711,1600,97
1712,1601,413
1713,1602,188
1714,1603,633
1715,1604,1268
1716,1605,356
1717,1606,1237
1718,1607,351
1719,1608,178
1720,1609,981
1721,1610,245
1722,1611,1334
1723,1612,21
1724,1613,1145
1725,1614,8
1726,1615,303
1727,1616,176
1728,1617,141
1729,1618,814
1730,1619,580
1731,1620,680
1732,1621,593
1733,1622,272
1734,1623,720
1735,1624,108
1736,1625,1251
1737,1626,840
1738,1627,1072
1739,1627,1126
1740,1627,1085
1741,1628,466
1742,1629,668
1743,1630,1151
1744,1631,1452
1745,1632,1342
1746,1633,599
1747,1634,1344
1748,1634,359
1749,1635,1272
1750,1636,679
1751,1637,1403
1752,1638,907
1753,1639,907
1754,1640,732
1755,1641,1151
1756,1642,699
1757,1643,1278
1758,1644,164
1759,1645,1051
1760,1646,1061
1761,1647,1100
1762,1648,284
1763,1649,729
1764,1650,1204
1765,1651,483
1766,1652,1359
1767,1653,167
1768,1654,419
1769,1655,1039
1770,1656,1180
1771,1657,1389
1772,1658,687
1773,1659,668
1774,1660,1383
1775,1661,1119
1776,1662,113
1777,1663,351
1778,1664,391
1779,1665,1251
1780,1666,1356
1781,1667,256
1782,1668,82
1783,1669,887
1784,1670,160
1785,1671,59
1786,1672,375
1787,1673,165
1788,1674,1312
1789,1675,30
1790,1676,981
1791,1677,572
1792,1678,379
1793,1679,822
1794,1680,1386
1795,1681,535
1796,1681,1005
1797,1682,696
1798,1682,58
1799,1683,1452
1800,1684,1416
1801,1685,804
1802,1686,1340
1803,1687,720
1804,1688,347
1805,1689,541
1806,1690,1091
1807,1690,542
1808,1690,807
1809,1691,541
1810,1691,1368
1811,1692,912
1812,1692,369
1813,1693,684
1814,1694,684
1815,1695,1313
1816,1696,664
1817,1697,944
1818,1698,944
1819,1699,1116
1820,1700,1199
1821,1701,1113
1822,1702,682
1823,1703,1352
1824,1704,531
1825,1705,588
1826,1705,632
1827,1706,632
1828,1707,639
1829,1708,19
1830,1709,1048
1831,1710,445
1832,1711,307
1833,1712,980
1834,1713,1046
1835,1714,486
1836,1715,870
1837,1716,1226
1838,1717,1391
1839,1718,730
1840,1719,139
1841,1719,1259
1842,1719,1294
1843,1720,1421
1844,1721,698
1845,1722,451
1846,1723,612
1847,1724,673
1848,1725,228
1849,1726,447
1850,1727,1328
1851,1728,1065
1852,1729,836
1853,1730,1179
1854,1731,1199
1855,1732,251
1856,1733,1317
1857,1734,1317
1858,1735,1317
1859,1736,681
1860,1737,732
1861,1738,97
1862,1739,18
1863,1740,962
1864,1741,413
1865,1742,1166
1866,1743,681
1867,1744,681
1868,1745,681
1869,1746,625
1870,1747,997
1871,1748,664
1872,1749,1332
1873,1750,1170
1874,1751,1202
1875,1752,369
1876,1753,1372
1877,1754,203
1878,1755,1307
1879,1756,388
1880,1757,145
1881,1758,548
1882,1759,1036
1883,1760,815
1884,1761,1276
1885,1762,47
1886,1763,1428
1887,1764,540
1888,1765,981
1889,1766,150
1890,1767,665
1891,1768,1182
1892,1769,1429
1893,1770,1341
1894,1771,988
1895,1772,811
1896,1773,270
1897,1774,208
1898,1775,1061
1899,1776,873
1900,1777,1352
1901,1778,1352
1902,1779,614
1903,1780,799
1904,1781,305
1905,1781,638
1906,1781,635
1907,1782,193
1908,1783,1422
1909,1784,605
1910,1785,1045
1911,1786,386
1912,1787,1053
1913,1788,671
1914,1789,616
1915,1790,1297
1916,1791,893
1917,1792,680
1918,1793,228
1919,1794,695
1920,1795,1257
1921,1796,777
1922,1797,144
1923,1798,1456
1924,1799,1161
1925,1800,977
1926,1801,655
1927,1802,941
1928,1803,146
1929,1804,883
1930,1805,972
1931,1806,744
1932,1807,1111
1933,1808,531
1934,1809,851
1935,1810,333
1936,1811,263
1937,1812,659
1938,1813,958
1939,1814,1139
1940,1815,662
1941,1816,1151
1942,1817,895
1943,1818,895
1944,1819,294
1945,1820,573
1946,1821,668
1947,1822,1199
1948,1823,1433
1949,1824,512
1950,1824,451
1951,1825,559
1952,1826,630
1953,1827,578
1954,1828,684
1955,1829,836
1956,1830,1203
1957,1831,924
1958,1832,916
1959,1833,399
1960,1834,1329
1961,1835,547
1962,1836,547
1963,1837,330
1964,1838,233
1965,1839,879
1966,1840,283
1967,1841,539
1968,1842,500
1969,1843,576
1970,1844,1190
1971,1845,490
1972,1846,1394
1973,1847,768
1974,1847,1167
1975,1848,207
1976,1849,1176
1977,1850,270
1978,1851,124
1979,1852,1448
1980,1853,78
1981,1854,126
1982,1855,423
1983,1856,153
1984,1857,1127
1985,1858,79
1986,1859,228
1987,1860,766
1988,1861,885
1989,1862,1413
1990,1863,905
1991,1864,1199
1992,1865,1244
1993,1866,1223
1994,1867,1382
1995,1868,813
1996,1868,838
1997,1869,459
1998,1870,180
1999,1871,1228
2000,1872,218
2001,1873,335
2002,1874,1094
2003,1875,1138
2004,1875,497
2005,1876,1151
2006,1877,755
2007,1878,1195
2008,1879,1327
2009,1880,439
2010,1881,462
2011,1882,28
2012,1883,586
2013,1884,618
2014,1885,961
2015,1886,32
2016,1887,270
2017,1888,722
2018,1889,1184
2019,1890,1258
2020,1891,1381
2021,1892,927
2022,1893,1337
2023,1894,734
2024,1895,1418
2025,1896,1285
2026,1897,1146
2027,1898,1034
2028,1899,933
2029,1900,523
2030,1901,249
2031,1902,291
2032,1903,442
2033,1904,1058
2034,1905,108
2035,1906,762
2036,1907,1330
2037,1908,832
2038,1909,1108
2039,1910,220
2040,1911,501
2041,1912,397
2042,1913,1115
2043,1914,1115
2044,1914,1120
2045,1915,1120
2046,1916,1256
2047,1917,1354
2048,1917,762
2049,1918,368
2050,1919,590
2051,1920,1209
2052,1921,368
2053,1922,1212
2054,1923,1330
2055,1924,1172
2056,1925,455
2057,1926,1082
2058,1927,549
2059,1928,647
2060,1929,211
2061,1929,527
2062,1930,549
2063,1931,172
2064,1932,329
2065,1933,1422
2066,1934,835
2067,1935,1176
2068,1936,1191
2069,1937,737
2070,1938,726
2071,1939,1447
2072,1940,969
2073,1941,600
2074,1942,400
2075,1943,791
2076,1943,202
2077,1944,1260
2078,1945,1007
2079,1946,464
2080,1947,1374
2081,1948,312
2082,1949,387
2083,1950,1393
2084,1951,394
2085,1952,1389
2086,1953,98
2087,1954,1264
2088,1955,828
2089,1956,209
2090,1956,1041
2091,1957,877
2092,1958,1457
2093,1959,1343
2094,1960,250
2095,1960,344
2096,1961,1270
2097,1962,1297
2098,1963,1134
2099,1964,247
2100,1965,545
2101,1966,545
2102,1967,939
2103,1968,596
2104,1969,279
2105,1970,640
2106,1971,1109
2107,1972,803
2108,1973,413
2109,1974,940
2110,1975,1270
2111,1976,1270
2112,1977,1270
2113,1978,1270
2114,1979,1270
2115,1980,401
2116,1981,401
2117,1982,776
2118,1983,1073
2119,1984,944
2120,1985,429
2121,1986,154
2122,1987,1306
2123,1988,1125
2124,1989,1195
2125,1990,395
2126,1991,1188
2127,1992,417
2128,1993,1257
2129,1994,1452
2130,1995,126
2131,1996,87
2132,1997,238
2133,1998,620
2134,1999,1036
2135,2000,470
2136,2001,406
2137,2002,52
2138,2003,137
2139,2004,854
2140,2005,701
2141,2006,1001
2142,2007,1355
2143,2008,718
2144,2009,579
2145,2010,395
2146,2011,731
2147,2012,6
2148,2013,70
2149,2014,46
2150,2015,169
2151,2015,1418
2152,2016,1188
2153,2017,1433
2154,2018,1188
2155,2019,1188
2156,2020,1188
2157,2021,430
2158,2022,836
2159,2023,533
2160,2024,330
2161,2024,957
2162,2025,471
2163,2026,305
2164,2026,635
2165,2026,638
2166,2027,775
2167,2028,76
2168,2029,44
2169,2030,500
2170,2031,449
2171,2032,1045
2172,2033,312
2173,2034,148
2174,2035,1445
2175,2035,896
2176,2036,461
2177,2037,1174
2178,2038,15
2179,2039,126
2180,2040,773
2181,2041,796
2182,2042,914
2183,2043,1194
2184,2044,615
2185,2045,1235
2186,2046,945
2187,2047,1256
2188,2048,1256
2189,2049,1316
2190,2050,701
2191,2051,925
2192,2051,701
2193,2052,1099
2194,2053,531
2195,2054,25
2196,2055,530
2197,2056,923
2198,2057,1213
2199,2058,280
2200,2059,357
2201,2060,860
2202,2061,897
2203,2062,527
2204,2063,1010
2205,2064,1299
2206,2065,1001
2207,2066,38
2208,2067,743
2209,2068,1433
2210,2069,1222
2211,2070,729
2212,2071,830
2213,2072,1226
2214,2073,1351
2215,2074,1120
2216,2075,477
2217,2076,1299
2218,2077,1366
2219,2078,1376
2220,2079,429
2221,2080,664
2222,2081,664
2223,2082,1268
2224,2082,435
2225,2083,722
2226,2084,415
2227,2084,322
2228,2085,778
2229,2086,1362
2230,2087,560
2231,2088,366
2232,2088,560
2233,2089,154
2234,2090,1063
2235,2091,93
2236,2092,416
2237,2093,714
2238,2094,600
2239,2095,293
2240,2096,871
2241,2097,565
2242,2098,185
2243,2099,434
2244,2100,1009
2245,2100,1427
2246,2100,264
2247,2101,434
2248,2102,325
2249,2103,1117
2250,2104,75
2251,2105,835
2252,2106,11
2253,2107,1316
2254,2108,159
2255,2109,800
2256,2110,1305
2257,2111,1026
2258,2112,1038
2259,2113,822
2260,2114,691
2261,2115,1073
2262,2116,862
2263,2117,228
2264,2118,1329
2265,2119,1451
2266,2120,108
2267,2121,720
2268,2122,282
2269,2123,666
2270,2124,1418
2271,2125,1332
2272,2126,1089
2273,2127,1089
2274,2128,1089
2275,2129,511
2276,2130,197
2277,2131,748
2278,2132,8
2279,2133,1218
2280,2134,1148
2281,2135,569
2282,2136,1120
2283,2137,489
2284,2138,1331
2285,2139,1331
2286,2140,1101
2287,2141,1250
2288,2142,1037
2289,2143,203
2290,2144,1137
2291,2145,274
2292,2146,1145
2293,2147,273
2294,2148,498
2295,2149,284
2296,2150,913
2297,2151,1333
2298,2152,225
2299,2153,1420
2300,2154,127
2301,2155,1454
2302,2156,1452
2303,2157,846
2304,2158,893
2305,2159,80
2306,2160,244
2307,2161,926
2308,2162,1437
2309,2163,1256
2310,2164,1038
2311,2165,537
2312,2166,1179
2313,2167,729
2314,2168,682
2315,2169,682
2316,2170,489
2317,2171,448
2318,2172,1331
2319,2173,1440
2320,2174,1422
2321,2175,1263
2322,2176,509
2323,2177,332
2324,2178,1093
2325,2179,1084
2326,2180,936
2327,2181,326
2328,2182,610
2329,2182,848
2330,2183,1316
2331,2184,151
2332,2185,924
2333,2186,434
2334,2187,929
2335,2188,1310
2336,2189,486
2337,2190,662
2338,2191,1352
2339,2192,230
2340,2192,171
2341,2193,658
2342,2194,84
2343,2195,388
2344,2196,417
2345,2196,158
2346,2197,11
2347,2198,128
2348,2199,135
2349,2200,907
2350,2201,1450
2351,2201,277
2352,2202,678
2353,2202,748
2354,2202,913
2355,2203,605
2356,2204,89
2357,2205,353
2358,2206,695
2359,2207,545
2360,2208,444
2361,2209,128
2362,2210,779
2363,2211,779
2364,2212,864
2365,2213,1419
2366,2214,794
2367,2215,847
2368,2216,810
2369,2216,931
2370,2217,92
2371,2218,253
2372,2219,20
2373,2220,1150
2374,2220,881
2375,2221,774
2376,2221,53
2377,2221,458
2378,2222,768
2379,2223,812
2380,2224,1116
2381,2224,1387
2382,2224,802
2383,2225,1042
2384,2226,1257
2385,2227,1409
2386,2228,1098
2387,2229,1001
2388,2230,1316
2389,2231,1196
2390,2232,121
2391,2233,97
2392,2234,1023
2393,2235,1342
2394,2236,917
2395,2237,1042
2396,2238,485
2397,2238,199
2398,2239,1115
2399,2240,515
2400,2241,1406
2401,2242,712
2402,2243,11
2403,2244,1151
2404,2245,580
2405,2246,678
2406,2247,371
2407,2248,97
2408,2249,492
2409,2250,1169
2410,2251,8
2411,2252,1123
2412,2253,891
2413,2254,887
2414,2255,1045
2415,2256,20
2416,2257,1199
2417,2258,1333
2418,2259,880
2419,2260,1125
2420,2261,1152
2421,2262,1369
2422,2263,1061
2423,2264,696
2424,2264,90
2425,2264,825
2426,2265,662
2427,2266,955
2428,2267,67
2429,2268,424
2430,2269,534
2431,2270,927
2432,2271,981
2433,2272,597
2434,2273,1239
2435,2274,1452
2436,2275,142
2437,2276,171
2438,2277,603
2439,2278,834
2440,2279,557
2441,2280,398
2442,2281,1348
2443,2282,960
2444,2283,392
2445,2284,820
2446,2285,1349
2447,2286,1047
2448,2287,978
2449,2288,65
2450,2289,203
2451,2290,1144
2452,2291,426
2453,2291,1027
2454,2291,566
2455,2292,1037
2456,2293,959
2457,2294,568
2458,2295,1157
2459,2296,962
2460,2297,313
2461,2298,713
2462,2299,552
2463,2300,1008
2464,2301,965
2465,2302,307
2466,2303,74
2467,2304,1291
2468,2305,1001
2469,2306,20
2470,2307,1201
2471,2308,754
2472,2309,9
2473,2310,1240
2474,2311,584
2475,2312,601
2476,2313,1412
2477,2314,1234
2478,2315,1316
2479,2316,121
2480,2317,1061
2481,2318,399
2482,2319,452
2483,2320,492
2484,2321,129
2485,2322,1420
2486,2323,1084
2487,2324,399
2488,2325,866
2489,2326,1325
2490,2327,1211
2491,2327,514
2492,2328,428
2493,2329,44
2494,2330,406
2495,2331,136
2496,2331,783
2497,2331,396
2498,2332,663
2499,2333,636
2500,2334,1431
2501,2334,1397
2502,2334,553
2503,2335,713
2504,2336,1056
2505,2337,1056
2506,2338,808
2507,2339,85
2508,2340,1275
2509,2341,49
2510,2342,782
2511,2343,830
2512,2344,518
2513,2345,1264
2514,2346,355
2515,2347,115
2516,2348,238
2517,2349,394
2518,2350,1001
2519,2351,887
2520,2352,1044
2521,2353,1286
2522,2354,1045
2523,2355,1084
2524,2356,952
2525,2357,1179
2526,2358,1199
2527,2359,580
2528,2360,174
2529,2361,284
2530,2362,1201
2531,2363,385
2532,2364,721
2533,2365,1219
2534,2365,62
2535,2365,106
2536,2366,1170
2537,2367,1192
2538,2368,1297
2539,2369,1031
2540,2370,421
2541,2371,4
2542,2372,1422
2543,2373,94
2544,2374,1390
2545,2375,358
2546,2376,1130
2547,2377,255
2548,2378,205
2549,2379,756
2550,2380,1454
2551,2381,740
2552,2382,1352
2553,2383,571
2554,2384,104
2555,2385,302
2556,2386,732
2557,2387,598
2558,2388,1036
2559,2389,191
2560,2390,191
2561,2391,413
2562,2392,191
2563,2393,380
2564,2394,680
2565,2395,238
2566,2396,1183
2567,2397,989
2568,2398,713
2569,2399,962
2570,2400,99
2571,2401,644
2572,2402,353
2573,2403,437
2574,2404,692
2575,2405,1224
2576,2406,347
2577,2407,438
2578,2408,20
2579,2409,1193
2580,2410,520
2581,2411,184
2582,2412,443
2583,2413,251
2584,2414,520
2585,2415,142
2586,2416,1196
2587,2417,25
2588,2418,1074
2589,2419,266
2590,2420,1201
2591,2421,1257
2592,2422,442
2593,2423,692
2594,2424,678
2595,2425,1446
2596,2426,235
2597,2427,492
2598,2428,411
2599,2429,1269
2600,2430,743
2601,2431,985
2602,2432,1008
2603,2433,1028
2604,2434,1435
2605,2435,642
2606,2436,576
2607,2437,1313
2608,2438,1367
2609,2439,122
2610,2440,1152
2611,2441,577
2612,2442,643
2613,2443,395
2614,2444,776
2615,2445,319
2616,2445,1259
2617,2445,1078
2618,2446,117
2619,2447,602
2620,2448,1211
2621,2449,1103
2622,2450,1305
2623,2451,591
2624,2452,605
2625,2453,514
2626,2453,1012
2627,2454,48
2628,2455,1172
2629,2456,1137
2630,2457,1001
2631,2458,695
2632,2459,1264
2633,2460,1264
2634,2461,1264
2635,2462,1264
2636,2463,1264
2637,2464,329
2638,2465,388
2639,2466,947
2640,2467,947
2641,2468,947
2642,2469,40
2643,2470,121
2644,2471,662
2645,2472,279
2646,2473,1288
2647,2474,942
2648,2475,1309
2649,2476,702
2650,2477,1031
2651,2478,983
2652,2479,537
2653,2480,1255
2654,2480,487
2655,2480,1397
2656,2481,97
2657,2482,827
2658,2483,333
2659,2484,1269
2660,2485,60
2661,2486,878
2662,2487,296
2663,2488,855
2664,2489,771
2665,2490,778
2666,2491,1049
2667,2492,191
2668,2493,122
2669,2494,1202
2670,2495,891
2671,2496,1171
2672,2497,1269
2673,2498,11
2674,2499,1306
2675,2500,453
2676,2501,8
2677,2502,41
2678,2503,853
2679,2504,1115
2680,2505,299
2681,2506,1276
2682,2507,111
2683,2507,327
2684,2507,622
2685,2508,1141
2686,2509,527
2687,2510,1306
2688,2511,376
2689,2512,267
2690,2513,511
2691,2514,3
2692,2515,713
2693,2516,20
2694,2517,1145
2695,2518,120
2696,2519,891
2697,2520,156
2698,2521,48
2699,2522,1257
2700,2523,1328
2701,2524,429
2702,2525,228
2703,2526,589
2704,2527,479
2705,2528,150
2706,2529,134
2707,2530,1437
2708,2531,1126
2709,2532,1447
2710,2533,489
2711,2534,1432
2712,2535,644
2713,2536,1293
2714,2537,979
2715,2538,1199
2716,2539,701
2717,2540,95
2718,2541,129
2719,2542,109
2720,2543,894
2721,2544,350
2722,2545,243
2723,2546,13
2724,2547,97
2725,2548,133
2726,2549,127
2727,2550,1148
2728,2551,1276
2729,2552,971
2730,2553,741
2731,2554,1386
2732,2555,713
2733,2556,500
2734,2557,306
2735,2558,463
2736,2559,733
2737,2560,1262
2738,2561,163
2739,2562,191
2740,2563,974
2741,2564,110
2742,2565,148
2743,2566,902
2744,2567,717
2745,2568,164
2746,2569,790
2747,2570,955
2748,2571,262
2749,2571,7
2750,2572,846
2751,2573,735
2752,2574,558
2753,2575,1455
2754,2576,1137
2755,2577,529
2756,2578,757
2757,2579,646
2758,2580,259
2759,2581,129
2760,2582,889
2761,2582,1287
2762,2583,1266
2763,2584,1187
2764,2585,984
2765,2586,817
2766,2586,1238
2767,2587,915
2768,2588,452
2769,2588,738
2770,2588,1438
2771,2589,1003
2772,2590,1003
2773,2591,913
2774,2592,927
2775,2593,1268
2776,2593,427
2777,2594,1342
2778,2595,495
2779,2595,1426
2780,2595,554
2781,2596,165
2782,2597,285
2783,2598,49
2784,2599,362
2785,2599,1097
2786,2600,44
2787,2601,1358
2788,2602,1452
2789,2603,382
2790,2604,100
2791,2605,61
2792,2606,907
2793,2607,721
2794,2608,1363
2795,2609,519
2796,2610,289
2797,2611,191
2798,2612,191
2799,2613,1069
2800,2614,680
2801,2615,833
2802,2616,10
2803,2617,833
2804,2618,489
2805,2619,191
2806,2620,349
2807,2621,1094
2808,2622,1036
2809,2623,155
2810,2624,547
2811,2625,339
2812,2626,27
2813,2627,1211
2814,2628,1395
2815,2629,298
2816,2630,265
2817,2631,271
2818,2632,614
2819,2633,614
2820,2634,271
2821,2635,388
2822,2636,1061
2823,2637,907
2824,2638,654
2825,2639,654
2826,2640,927
2827,2641,284
2828,2642,1198
2829,2643,1013
2830,2644,1250
2831,2645,1329
2832,2646,661
2833,2646,373
2834,2647,1296
2835,2648,692
2836,2649,662
2837,2650,126
2838,2651,126
2839,2652,581
2840,2653,996
2841,2654,843
2842,2654,1132
2843,2655,932
2844,2655,843
2845,2656,932
2846,2656,843
2847,2657,843
2848,2657,932
2849,2658,403
2850,2659,1279
2851,2660,1031
2852,2661,668
2853,2662,471
2854,2663,445
2855,2664,445
2856,2665,446
2857,2665,445
2858,2666,663
2859,2667,20
2860,2668,8
2861,2669,873
2862,2670,951
2863,2671,237
2864,2672,933
2865,2673,1168
2866,2674,1366
2867,2675,320
2868,2676,21
2869,2677,388
2870,2678,492
2871,2679,1095
2872,2680,668
2873,2681,765
2874,2682,176
2875,2683,468
2876,2684,386
2877,2685,544
2878,2686,142
2879,2687,569
2880,2688,1257
2881,2689,1257
2882,2690,121
2883,2691,289
2884,2692,1306
2885,2693,668
2886,2694,1332
2887,2695,1249
2888,2696,1161
2889,2697,715
2890,2698,322
2891,2698,415
2892,2699,750
2893,2700,39
2894,2701,990
2895,2701,1064
2896,2702,1054
2897,2702,132
2898,2703,1194
2899,2704,316
2900,2705,1449
2901,2706,1211
2902,2707,1082
2903,2708,555
2904,2708,1441
2905,2708,496
2906,2709,695
2907,2710,1325
2908,2711,1167
2909,2712,1117
2910,2713,313
2911,2714,745
2912,2715,1
2913,2716,922
2914,2717,742
2915,2718,467
2916,2719,1107
2917,2720,336
2918,2720,441
2919,2721,758
2920,2722,811
2921,2723,957
2922,2724,726
2923,2725,769
2924,2726,592
2925,2727,949
2926,2728,1257
2927,2729,473
2928,2730,518
2929,2731,1436
2930,2731,801
2931,2731,1011
2932,2732,167
2933,2733,953
2934,2734,1179
2935,2735,931
2936,2735,810
2937,2736,1013
2938,2737,432
2939,2738,434
2940,2739,547
2941,2740,1227
2942,2741,395
2943,2742,1189
2944,2743,154
2945,2744,1452
2946,2745,1452
2947,2746,1452
2948,2747,852
2949,2748,759
2950,2749,152
2951,2750,1071
2952,2751,1021
2953,2752,948
2954,2753,650
2955,2754,286
2956,2755,1038
2957,2756,228
2958,2757,992
2959,2758,866
2960,2759,739
2961,2760,228
2962,2761,22
2963,2762,143
2964,2763,325
2965,2764,325
2966,2765,325
2967,2766,1267
2968,2767,1192
2969,2768,1160
2970,2769,518
2971,2770,1193
2972,2771,588
2973,2772,154
2974,2773,1172
2975,2774,624
2976,2775,906
2977,2776,222
2978,2777,720
2979,2778,973
2980,2779,525
2981,2780,1324
2982,2781,1320
2983,2782,1264
2984,2783,305
2985,2784,305
2986,2785,1229
2987,2786,453
2988,2787,741
2989,2788,354
2990,2789,1330
2991,2790,612
2992,2791,210
2993,2792,1075
2994,2793,201
2995,2794,1396
2996,2795,1158
2997,2796,337
2998,2797,1147
2999,2798,1273
3000,2799,982
3001,2800,657
3002,2801,216
3003,2802,174
3004,2803,161
3005,2804,725
3006,2805,236
3007,2806,1279
3008,2807,707
3009,2808,819
3010,2809,214
3011,2810,472
3012,2811,763
3013,2812,123
3014,2813,229
3015,2814,1384
3016,2815,72
3017,2816,1447
3018,2817,1432
3019,2818,345
3020,2819,331
3021,2820,644
3022,2821,539
3023,2822,1116
3024,2823,1414
3025,2823,189
3026,2824,549
3027,2825,590
3028,2826,1104
3029,2827,811
3030,2828,88
3031,2829,924
3032,2830,45
3033,2831,310
3034,2832,1220
3035,2833,181
3036,2834,649
3037,2835,1264
3038,2836,617
3039,2836,856
3040,2836,125
3041,2837,1281
3042,2838,957
3043,2839,600
3044,2840,261
3045,2841,662
3046,2842,1105
3047,2843,1183
3048,2890,1461
3049,2897,1492
3050,2904,1489
3051,2904,1494
3052,2908,1482
3053,2909,1497
3054,2910,1306
3055,2911,1498
3056,2912,1498
3057,2913,1481
3058,9,1061
3059,23,1115
3060,10,888
3061,2914,1486
3062,2915,1467
3063,2915,1471
3064,2916,1477
3065,2917,1477
3066,2918,1468
3067,2919,1468
3068,2920,1502
3069,2921,1485
3070,2928,1501
3071,2930,905
3072,2931,1460
3073,2932,1495
3074,2933,1459
3075,2937,783
3076,2939,1490
3077,2940,1493
3078,2943,1499
3079,2945,1500
3080,2946,1491
3081,2961,1473
3082,2962,1472
3083,2,659
3084,2929,923
