,movie_id,genre_id
0,1,3
1,1,5
2,1,9
3,1,10
4,1,2
5,3,17
6,3,5
7,4,5
8,4,8
9,4,17
10,5,9
11,5,17
12,5,5
13,6,8
14,6,6
15,6,21
16,7,17
17,7,8
18,7,5
19,8,2
20,8,9
21,8,23
22,8,17
23,8,8
24,8,5
25,11,5
26,11,17
27,11,8
28,12,5
29,12,10
30,12,13
31,13,9
32,13,3
33,13,12
34,13,2
35,13,8
36,14,12
37,14,4
38,14,8
39,15,5
40,15,2
41,15,1
42,16,6
43,16,8
44,17,17
45,17,8
46,18,5
47,19,5
48,19,6
49,19,2
50,20,1
51,20,5
52,20,8
53,20,21
54,20,6
55,21,6
56,21,21
57,21,5
58,22,16
59,22,8
60,22,21
61,24,8
62,24,18
63,24,16
64,24,21
65,24,10
66,25,17
67,25,8
68,26,17
69,26,8
70,26,5
71,27,8
72,28,10
73,28,18
74,29,12
75,29,21
76,29,8
77,29,17
78,29,6
79,30,4
80,30,8
81,31,16
82,31,18
83,31,21
84,32,5
85,32,8
86,32,9
87,33,8
88,33,4
89,33,17
90,34,6
91,34,8
92,35,5
93,35,9
94,35,17
95,36,17
96,36,5
97,37,8
98,37,21
99,38,8
100,38,22
101,38,18
102,39,8
103,39,1
104,39,6
105,39,21
106,39,22
107,40,17
108,40,4
109,40,8
110,40,12
111,41,1
112,41,21
113,41,10
114,41,18
115,41,2
116,42,8
117,42,21
118,42,5
119,42,6
120,43,17
121,43,5
122,43,8
123,44,8
124,44,6
125,44,16
126,44,21
127,45,8
128,45,15
129,45,3
130,45,2
131,45,9
132,45,17
133,46,17
134,46,8
135,47,21
136,47,16
137,47,6
138,48,5
139,48,17
140,48,10
141,49,9
142,49,5
143,49,20
144,50,8
145,50,14
146,51,8
147,51,5
148,51,17
149,52,8
150,52,5
151,52,17
152,52,4
153,53,16
154,53,21
155,53,8
156,54,8
157,54,10
158,54,9
159,55,21
160,55,6
161,55,8
162,56,8
163,56,14
164,57,6
165,57,5
166,58,6
167,58,17
168,58,5
169,59,5
170,60,18
171,60,1
172,60,21
173,61,5
174,62,8
175,62,5
176,63,13
177,63,1
178,63,6
179,64,21
180,64,17
181,64,1
182,65,8
183,65,5
184,65,17
185,66,8
186,66,12
187,67,17
188,67,8
189,68,21
190,68,18
191,68,13
192,69,21
193,69,8
194,70,21
195,70,8
196,70,6
197,71,9
198,71,8
199,72,6
200,72,21
201,72,8
202,73,5
203,73,8
204,74,17
205,74,8
206,75,5
207,75,8
208,76,8
209,76,17
210,77,8
211,77,2
212,78,2
213,78,5
214,78,9
215,79,5
216,80,21
217,80,1
218,80,8
219,80,6
220,81,21
221,81,8
222,81,17
223,81,13
224,82,17
225,82,13
226,82,5
227,82,10
228,83,17
229,83,5
230,83,8
231,84,21
232,84,1
233,84,2
234,85,5
235,86,8
236,86,6
237,87,6
238,87,8
239,87,1
240,87,21
241,88,16
242,88,21
243,88,8
244,88,6
245,89,5
246,89,8
247,89,6
248,90,21
249,90,16
250,90,8
251,90,18
252,91,20
253,91,5
254,92,8
255,92,17
256,93,17
257,93,2
258,93,9
259,93,1
260,93,5
261,93,15
262,94,22
263,94,8
264,94,12
265,94,4
266,95,8
267,95,6
268,96,6
269,96,1
270,96,5
271,96,21
272,97,6
273,97,16
274,97,8
275,98,8
276,99,22
277,99,7
278,99,4
279,100,6
280,100,8
281,101,17
282,101,5
283,102,5
284,103,17
285,103,5
286,103,8
287,104,17
288,104,16
289,104,6
290,104,8
291,104,5
292,105,5
293,106,5
294,106,10
295,106,9
296,106,2
297,107,5
298,107,17
299,108,8
300,109,22
301,109,8
302,109,17
303,110,21
304,110,6
305,110,8
306,111,5
307,112,17
308,112,8
309,113,5
310,114,5
311,114,8
312,114,17
313,115,6
314,115,21
315,115,5
316,115,1
317,116,2
318,116,9
319,116,8
320,117,4
321,117,6
322,117,8
323,117,20
324,118,5
325,118,8
326,118,17
327,119,6
328,119,8
329,119,21
330,119,5
331,120,8
332,120,12
333,120,2
334,121,8
335,121,4
336,121,12
337,121,2
338,122,13
339,122,8
340,123,2
341,123,1
342,124,17
343,124,8
344,125,5
345,126,5
346,127,5
347,127,10
348,127,9
349,128,8
350,128,16
351,128,6
352,129,16
353,129,2
354,129,18
355,129,1
356,130,21
357,130,22
358,130,8
359,130,1
360,131,1
361,131,21
362,131,6
363,132,16
364,132,21
365,132,8
366,132,6
367,133,1
368,133,21
369,133,2
370,134,6
371,134,8
372,134,5
373,135,8
374,135,2
375,135,17
376,135,1
377,136,2
378,136,8
379,136,9
380,137,21
381,137,17
382,137,6
383,137,5
384,137,8
385,138,8
386,138,5
387,139,18
388,139,8
389,139,1
390,139,21
391,140,21
392,140,1
393,140,6
394,140,18
395,141,5
396,142,8
397,143,5
398,143,8
399,144,21
400,144,16
401,144,13
402,145,8
403,145,5
404,146,17
405,146,5
406,146,8
407,147,5
408,147,17
409,148,1
410,148,9
411,148,21
412,148,18
413,148,2
414,149,13
415,149,6
416,149,21
417,150,13
418,150,8
419,151,6
420,151,8
421,151,16
422,151,21
423,151,1
424,152,17
425,152,5
426,153,5
427,154,10
428,154,8
429,154,21
430,154,1
431,154,16
432,154,13
433,154,6
434,155,8
435,155,10
436,155,5
437,156,8
438,157,17
439,157,8
440,158,8
441,159,8
442,159,5
443,160,5
444,160,8
445,160,17
446,161,21
447,161,13
448,161,18
449,161,1
450,162,1
451,162,21
452,162,8
453,162,6
454,162,18
455,163,8
456,163,17
457,163,15
458,164,8
459,164,21
460,164,6
461,165,9
462,165,8
463,165,10
464,166,8
465,166,17
466,166,4
467,167,8
468,167,5
469,168,21
470,168,2
471,168,1
472,169,5
473,169,8
474,170,17
475,170,8
476,171,18
477,171,1
478,171,2
479,172,21
480,172,8
481,173,8
482,174,12
483,174,8
484,174,22
485,175,17
486,175,8
487,175,22
488,176,17
489,176,8
490,177,5
491,178,21
492,178,8
493,179,5
494,179,8
495,180,8
496,181,21
497,181,16
498,181,13
499,181,8
500,182,17
501,182,8
502,183,5
503,184,8
504,184,5
505,184,17
506,185,21
507,185,8
508,186,1
509,186,21
510,186,2
511,187,5
512,187,6
513,187,10
514,188,16
515,188,21
516,188,8
517,189,21
518,189,8
519,189,6
520,189,16
521,190,5
522,191,5
523,191,17
524,191,8
525,192,8
526,193,6
527,193,17
528,193,21
529,193,5
530,194,8
531,194,5
532,194,4
533,195,5
534,195,8
535,195,17
536,196,17
537,196,5
538,197,2
539,197,9
540,198,2
541,198,5
542,198,15
543,198,3
544,198,9
545,198,17
546,199,21
547,199,10
548,199,13
549,200,8
550,200,9
551,200,10
552,201,4
553,201,8
554,201,14
555,202,8
556,202,5
557,202,9
558,202,10
559,203,8
560,203,6
561,204,7
562,204,20
563,204,8
564,205,21
565,205,4
566,205,8
567,205,6
568,206,14
569,206,17
570,206,4
571,206,8
572,207,20
573,207,5
574,207,9
575,207,8
576,208,17
577,208,5
578,209,13
579,209,8
580,210,5
581,210,6
582,211,17
583,211,5
584,211,18
585,212,21
586,212,16
587,212,1
588,212,6
589,212,8
590,213,17
591,213,2
592,213,5
593,213,10
594,213,9
595,214,6
596,214,21
597,214,8
598,215,9
599,215,8
600,215,17
601,216,9
602,216,10
603,216,8
604,217,8
605,218,17
606,218,8
607,219,23
608,219,17
609,219,22
610,219,8
611,220,5
612,220,9
613,220,2
614,221,8
615,221,6
616,222,5
617,222,17
618,222,8
619,223,8
620,224,5
621,224,4
622,224,12
623,224,8
624,225,13
625,225,18
626,225,17
627,225,8
628,226,5
629,226,9
630,227,5
631,227,8
632,228,17
633,228,5
634,229,9
635,229,10
636,230,17
637,230,5
638,231,8
639,232,21
640,232,8
641,233,5
642,233,8
643,234,8
644,235,8
645,235,6
646,236,17
647,236,5
648,237,6
649,237,8
650,237,1
651,238,17
652,238,5
653,239,6
654,239,8
655,240,8
656,240,21
657,241,8
658,241,1
659,241,21
660,242,8
661,242,1
662,242,6
663,242,21
664,243,17
665,243,8
666,243,5
667,244,5
668,244,17
669,245,6
670,245,8
671,246,17
672,246,8
673,247,4
674,247,12
675,247,8
676,248,4
677,248,12
678,248,17
679,248,8
680,249,21
681,249,17
682,249,23
683,249,1
684,250,5
685,250,8
686,251,8
687,251,5
688,252,8
689,252,17
690,252,16
691,253,14
692,253,16
693,253,17
694,253,8
695,254,8
696,254,5
697,254,17
698,255,17
699,255,8
700,256,8
701,256,5
702,257,9
703,257,15
704,257,3
705,257,5
706,257,10
707,257,17
708,258,9
709,258,8
710,258,10
711,258,16
712,259,8
713,259,1
714,259,21
715,260,2
716,260,18
717,260,1
718,261,5
719,261,10
720,261,8
721,261,9
722,262,8
723,263,21
724,263,6
725,264,21
726,264,8
727,265,8
728,265,17
729,265,5
730,266,5
731,266,6
732,267,8
733,267,5
734,268,5
735,268,2
736,269,22
737,269,8
738,270,1
739,270,18
740,270,5
741,271,13
742,271,21
743,271,1
744,271,10
745,272,18
746,272,21
747,272,1
748,272,16
749,272,2
750,273,8
751,273,6
752,273,13
753,273,21
754,274,8
755,274,4
756,274,17
757,275,13
758,275,18
759,275,21
760,276,2
761,276,5
762,277,8
763,277,17
764,277,5
765,278,6
766,278,21
767,279,1
768,279,8
769,279,22
770,280,8
771,281,21
772,281,1
773,281,18
774,281,6
775,282,5
776,282,17
777,282,8
778,283,8
779,284,5
780,284,8
781,285,8
782,285,9
783,285,5
784,286,5
785,287,5
786,287,14
787,288,8
788,288,14
789,288,4
790,288,17
791,289,17
792,289,8
793,289,21
794,290,6
795,290,5
796,291,6
797,291,1
798,291,21
799,291,8
800,292,8
801,292,21
802,292,16
803,292,6
804,293,5
805,293,8
806,294,10
807,294,1
808,294,8
809,295,8
810,295,20
811,295,4
812,296,9
813,296,10
814,296,5
815,297,17
816,297,8
817,298,8
818,298,17
819,298,5
820,299,6
821,299,8
822,299,21
823,300,17
824,300,21
825,300,1
826,300,5
827,301,8
828,301,5
829,301,17
830,302,17
831,302,2
832,302,9
833,303,9
834,303,2
835,303,8
836,303,15
837,303,3
838,304,8
839,305,13
840,305,10
841,305,16
842,305,21
843,306,6
844,306,10
845,306,1
846,306,5
847,307,2
848,307,21
849,307,23
850,307,1
851,307,5
852,308,4
853,308,8
854,309,5
855,309,6
856,310,5
857,310,8
858,311,5
859,311,8
860,311,17
861,312,8
862,312,6
863,312,21
864,313,9
865,313,5
866,314,8
867,315,21
868,315,6
869,315,2
870,316,2
871,316,21
872,316,1
873,317,17
874,317,5
875,318,18
876,318,1
877,318,6
878,318,21
879,319,21
880,319,1
881,319,5
882,320,8
883,320,17
884,321,21
885,321,13
886,321,17
887,321,8
888,322,6
889,322,8
890,322,2
891,322,4
892,322,23
893,323,21
894,323,6
895,323,8
896,324,5
897,324,6
898,324,1
899,325,1
900,325,5
901,326,17
902,326,6
903,326,8
904,327,5
905,327,21
906,327,2
907,327,1
908,328,1
909,328,10
910,328,17
911,328,18
912,329,16
913,329,13
914,329,10
915,329,21
916,329,8
917,330,4
918,330,20
919,330,23
920,330,8
921,331,6
922,331,21
923,331,20
924,331,8
925,332,10
926,332,5
927,333,8
928,333,17
929,334,6
930,334,14
931,334,5
932,335,5
933,335,6
934,336,17
935,336,23
936,336,1
937,336,2
938,337,5
939,337,8
940,337,17
941,338,8
942,338,5
943,339,5
944,339,9
945,340,6
946,340,21
947,340,1
948,340,5
949,341,9
950,341,2
951,341,8
952,341,17
953,342,16
954,342,6
955,342,8
956,342,21
957,343,1
958,343,21
959,343,8
960,343,6
961,344,20
962,344,8
963,345,17
964,345,8
965,346,18
966,346,13
967,347,21
968,347,8
969,347,17
970,347,16
971,348,8
972,348,6
973,349,17
974,349,2
975,349,5
976,350,21
977,350,6
978,350,8
979,351,23
980,351,5
981,352,2
982,352,1
983,352,21
984,353,5
985,353,18
986,354,17
987,354,21
988,354,16
989,354,8
990,355,21
991,355,6
992,355,5
993,356,5
994,356,23
995,356,6
996,356,8
997,356,1
998,356,21
999,357,8
1000,358,17
1001,358,5
1002,359,5
1003,360,18
1004,360,21
1005,360,1
1006,361,8
1007,361,23
1008,361,17
1009,361,5
1010,362,5
1011,362,6
1012,362,21
1013,363,17
1014,363,14
1015,363,8
1016,364,17
1017,364,5
1018,365,21
1019,365,8
1020,366,14
1021,366,5
1022,367,8
1023,367,5
1024,368,8
1025,368,17
1026,368,16
1027,369,16
1028,369,6
1029,369,21
1030,369,5
1031,370,17
1032,370,8
1033,370,5
1034,371,8
1035,371,16
1036,371,21
1037,372,8
1038,372,2
1039,372,9
1040,373,21
1041,373,8
1042,373,6
1043,374,16
1044,374,1
1045,374,8
1046,374,6
1047,374,21
1048,375,8
1049,375,23
1050,375,12
1051,376,1
1052,376,8
1053,376,2
1054,376,6
1055,376,21
1056,377,5
1057,377,9
1058,377,6
1059,378,17
1060,378,8
1061,378,5
1062,379,21
1063,379,6
1064,379,8
1065,380,8
1066,380,2
1067,380,1
1068,380,21
1069,381,4
1070,381,1
1071,381,22
1072,381,8
1073,381,12
1074,382,1
1075,382,5
1076,383,5
1077,384,8
1078,384,17
1079,384,5
1080,385,17
1081,385,8
1082,386,14
1083,386,17
1084,386,5
1085,387,10
1086,387,5
1087,387,8
1088,388,5
1089,388,8
1090,389,22
1091,389,5
1092,390,21
1093,390,6
1094,390,8
1095,390,1
1096,391,4
1097,391,8
1098,391,6
1099,392,17
1100,392,5
1101,392,8
1102,393,6
1103,393,21
1104,393,8
1105,393,1
1106,394,21
1107,394,2
1108,394,18
1109,394,1
1110,395,8
1111,395,6
1112,395,21
1113,396,6
1114,396,21
1115,397,8
1116,397,12
1117,398,2
1118,398,9
1119,399,10
1120,399,1
1121,399,2
1122,399,5
1123,400,5
1124,400,9
1125,401,5
1126,402,21
1127,402,16
1128,402,6
1129,403,8
1130,404,5
1131,404,16
1132,405,6
1133,405,8
1134,405,21
1135,406,2
1136,406,1
1137,406,21
1138,407,8
1139,407,17
1140,408,8
1141,408,5
1142,408,21
1143,408,17
1144,409,17
1145,409,5
1146,409,8
1147,410,17
1148,410,8
1149,411,17
1150,411,5
1151,412,5
1152,412,9
1153,412,8
1154,413,8
1155,413,5
1156,414,20
1157,414,9
1158,414,1
1159,414,17
1160,414,8
1161,415,8
1162,415,21
1163,415,18
1164,415,1
1165,416,10
1166,416,2
1167,416,5
1168,416,9
1169,416,8
1170,417,8
1171,417,10
1172,417,17
1173,417,4
1174,418,8
1175,418,21
1176,418,6
1177,419,8
1178,420,17
1179,420,14
1180,420,8
1181,421,17
1182,421,8
1183,422,1
1184,422,8
1185,422,20
1186,422,17
1187,423,13
1188,423,21
1189,423,18
1190,424,17
1191,424,5
1192,424,16
1193,424,15
1194,424,6
1195,424,8
1196,425,8
1197,425,6
1198,425,5
1199,426,17
1200,426,8
1201,427,8
1202,427,5
1203,428,6
1204,428,8
1205,428,1
1206,428,16
1207,428,21
1208,429,5
1209,429,8
1210,430,1
1211,430,21
1212,430,6
1213,430,18
1214,431,2
1215,431,17
1216,431,5
1217,431,15
1218,432,6
1219,432,17
1220,432,8
1221,433,8
1222,433,6
1223,434,20
1224,434,4
1225,434,8
1226,435,8
1227,435,4
1228,435,12
1229,436,8
1230,436,20
1231,436,5
1232,437,4
1233,437,8
1234,437,20
1235,438,8
1236,438,10
1237,438,9
1238,439,21
1239,439,6
1240,439,5
1241,440,6
1242,440,16
1243,440,10
1244,440,2
1245,440,1
1246,440,21
1247,441,4
1248,441,8
1249,441,17
1250,442,5
1251,442,8
1252,443,8
1253,443,5
1254,444,17
1255,444,5
1256,444,8
1257,445,16
1258,445,8
1259,445,5
1260,446,8
1261,446,17
1262,446,5
1263,447,8
1264,447,21
1265,448,18
1266,448,1
1267,448,21
1268,449,5
1269,449,8
1270,449,17
1271,450,5
1272,450,17
1273,451,16
1274,451,21
1275,451,6
1276,451,1
1277,452,18
1278,452,10
1279,452,2
1280,452,5
1281,452,9
1282,453,2
1283,453,21
1284,453,8
1285,453,1
1286,453,6
1287,454,21
1288,454,17
1289,454,1
1290,454,16
1291,455,17
1292,455,5
1293,455,8
1294,456,10
1295,456,9
1296,456,15
1297,456,3
1298,457,9
1299,457,1
1300,457,2
1301,457,5
1302,457,17
1303,458,4
1304,458,1
1305,458,12
1306,458,23
1307,458,8
1308,459,21
1309,459,8
1310,459,6
1311,460,21
1312,460,8
1313,460,17
1314,460,6
1315,461,10
1316,461,5
1317,461,9
1318,461,2
1319,461,3
1320,462,21
1321,462,5
1322,462,8
1323,463,21
1324,463,17
1325,463,8
1326,463,6
1327,464,8
1328,464,5
1329,465,8
1330,465,17
1331,466,1
1332,466,5
1333,466,8
1334,466,17
1335,467,13
1336,467,10
1337,468,20
1338,468,9
1339,468,5
1340,469,8
1341,469,5
1342,470,17
1343,470,9
1344,470,5
1345,471,8
1346,471,17
1347,471,12
1348,471,16
1349,471,5
1350,472,7
1351,472,12
1352,473,5
1353,474,5
1354,474,9
1355,475,10
1356,475,17
1357,475,8
1358,475,21
1359,476,5
1360,476,10
1361,476,17
1362,476,15
1363,476,3
1364,476,2
1365,476,9
1366,477,1
1367,477,18
1368,478,23
1369,478,8
1370,478,2
1371,479,1
1372,479,2
1373,480,8
1374,480,21
1375,480,6
1376,481,10
1377,481,15
1378,481,3
1379,481,17
1380,481,9
1381,482,3
1382,482,10
1383,482,17
1384,482,15
1385,482,9
1386,483,10
1387,483,2
1388,483,15
1389,483,5
1390,483,9
1391,483,3
1392,484,17
1393,484,5
1394,485,1
1395,485,23
1396,485,2
1397,486,17
1398,486,21
1399,486,6
1400,487,17
1401,487,8
1402,487,5
1403,488,13
1404,488,21
1405,489,21
1406,489,6
1407,489,8
1408,490,9
1409,490,5
1410,490,17
1411,490,2
1412,491,2
1413,491,10
1414,491,3
1415,491,18
1416,492,13
1417,492,18
1418,493,5
1419,493,17
1420,494,17
1421,494,8
1422,495,15
1423,495,5
1424,495,9
1425,495,2
1426,495,3
1427,496,5
1428,496,8
1429,497,9
1430,497,5
1431,497,20
1432,498,17
1433,498,8
1434,499,17
1435,499,21
1436,499,8
1437,499,6
1438,499,5
1439,500,5
1440,500,21
1441,500,6
1442,500,8
1443,501,16
1444,501,6
1445,501,21
1446,501,8
1447,502,8
1448,502,17
1449,503,3
1450,503,17
1451,503,10
1452,503,2
1453,503,9
1454,504,22
1455,504,8
1456,505,5
1457,506,8
1458,506,5
1459,507,5
1460,508,8
1461,508,17
1462,508,5
1463,509,8
1464,509,5
1465,510,13
1466,510,16
1467,510,8
1468,510,21
1469,511,8
1470,511,16
1471,511,1
1472,511,22
1473,511,21
1474,512,2
1475,512,1
1476,512,21
1477,513,17
1478,513,8
1479,514,10
1480,514,1
1481,514,2
1482,515,6
1483,515,21
1484,515,8
1485,516,15
1486,516,10
1487,516,3
1488,516,2
1489,516,9
1490,517,21
1491,517,8
1492,518,5
1493,519,8
1494,519,5
1495,519,6
1496,520,22
1497,520,5
1498,520,10
1499,520,8
1500,521,20
1501,521,1
1502,522,8
1503,523,5
1504,523,10
1505,523,16
1506,523,18
1507,523,21
1508,523,13
1509,523,8
1510,524,20
1511,524,10
1512,524,18
1513,524,9
1514,524,5
1515,524,3
1516,524,2
1517,525,10
1518,525,18
1519,525,2
1520,525,5
1521,526,8
1522,526,17
1523,527,8
1524,527,21
1525,527,18
1526,527,16
1527,528,8
1528,528,17
1529,529,9
1530,529,5
1531,529,8
1532,529,2
1533,529,1
1534,529,22
1535,530,18
1536,530,21
1537,530,1
1538,531,21
1539,531,8
1540,531,6
1541,531,1
1542,532,6
1543,532,21
1544,532,8
1545,532,16
1546,533,17
1547,533,5
1548,533,8
1549,533,6
1550,534,8
1551,535,5
1552,535,8
1553,536,8
1554,537,2
1555,537,21
1556,537,8
1557,537,1
1558,538,6
1559,538,21
1560,538,8
1561,538,16
1562,539,5
1563,539,17
1564,540,2
1565,540,5
1566,540,15
1567,540,9
1568,540,3
1569,541,5
1570,541,20
1571,542,2
1572,542,9
1573,543,10
1574,543,2
1575,543,8
1576,543,23
1577,544,5
1578,544,10
1579,545,18
1580,545,17
1581,545,5
1582,546,10
1583,546,8
1584,546,21
1585,546,13
1586,547,20
1587,547,5
1588,548,8
1589,548,21
1590,549,17
1591,549,5
1592,550,8
1593,550,21
1594,550,16
1595,551,1
1596,551,21
1597,551,2
1598,552,5
1599,552,13
1600,553,1
1601,553,2
1602,553,21
1603,554,18
1604,554,1
1605,555,21
1606,555,6
1607,555,1
1608,555,18
1609,555,3
1610,555,8
1611,555,16
1612,556,10
1613,556,13
1614,557,5
1615,557,1
1616,558,5
1617,558,19
1618,558,6
1619,558,16
1620,558,9
1621,558,3
1622,559,5
1623,559,2
1624,560,18
1625,560,16
1626,560,21
1627,561,5
1628,562,5
1629,562,8
1630,562,17
1631,563,16
1632,563,8
1633,563,9
1634,563,2
1635,564,9
1636,564,8
1637,564,2
1638,565,1
1639,565,8
1640,566,8
1641,566,22
1642,567,5
1643,567,1
1644,567,2
1645,567,10
1646,568,8
1647,568,6
1648,568,21
1649,568,5
1650,569,8
1651,569,17
1652,570,8
1653,570,10
1654,570,5
1655,571,8
1656,571,4
1657,572,8
1658,572,5
1659,573,13
1660,573,8
1661,573,16
1662,574,8
1663,575,18
1664,575,2
1665,575,1
1666,576,17
1667,576,16
1668,576,8
1669,577,1
1670,577,8
1671,577,21
1672,577,20
1673,578,8
1674,578,3
1675,578,9
1676,578,15
1677,578,17
1678,579,5
1679,579,8
1680,579,21
1681,580,20
1682,580,5
1683,581,21
1684,581,8
1685,581,1
1686,582,17
1687,582,5
1688,582,18
1689,583,8
1690,583,21
1691,583,1
1692,583,2
1693,584,5
1694,584,13
1695,584,10
1696,585,8
1697,585,16
1698,586,5
1699,586,8
1700,586,9
1701,587,18
1702,587,17
1703,587,8
1704,587,10
1705,588,5
1706,588,8
1707,588,17
1708,589,6
1709,589,21
1710,589,8
1711,590,2
1712,590,9
1713,591,6
1714,591,1
1715,591,17
1716,591,8
1717,591,2
1718,592,9
1719,592,5
1720,592,10
1721,592,15
1722,593,5
1723,593,9
1724,594,5
1725,595,8
1726,595,2
1727,596,9
1728,596,2
1729,596,8
1730,596,10
1731,596,15
1732,597,15
1733,597,18
1734,597,10
1735,597,5
1736,598,5
1737,599,5
1738,599,8
1739,599,17
1740,600,1
1741,600,21
1742,600,6
1743,601,6
1744,601,17
1745,601,5
1746,602,5
1747,603,8
1748,603,17
1749,604,18
1750,604,21
1751,604,1
1752,604,8
1753,605,9
1754,605,10
1755,605,5
1756,606,8
1757,606,17
1758,606,5
1759,607,10
1760,607,21
1761,607,1
1762,607,6
1763,608,9
1764,608,5
1765,609,8
1766,609,13
1767,610,5
1768,610,13
1769,610,10
1770,611,8
1771,611,17
1772,612,8
1773,613,1
1774,613,21
1775,613,2
1776,613,18
1777,614,8
1778,614,4
1779,615,17
1780,615,5
1781,615,8
1782,615,20
1783,616,8
1784,617,6
1785,617,8
1786,618,5
1787,618,1
1788,618,6
1789,618,21
1790,619,8
1791,620,6
1792,620,21
1793,621,5
1794,622,21
1795,622,14
1796,622,6
1797,622,8
1798,623,6
1799,623,5
1800,624,8
1801,625,6
1802,625,21
1803,625,5
1804,625,1
1805,626,21
1806,626,18
1807,626,16
1808,626,13
1809,627,18
1810,627,13
1811,627,21
1812,628,5
1813,628,9
1814,629,8
1815,629,21
1816,630,5
1817,630,10
1818,630,9
1819,631,6
1820,631,1
1821,631,5
1822,632,9
1823,632,16
1824,632,3
1825,632,2
1826,632,8
1827,632,5
1828,632,15
1829,633,13
1830,633,21
1831,634,8
1832,634,5
1833,634,17
1834,635,17
1835,635,22
1836,635,8
1837,636,8
1838,636,12
1839,636,2
1840,636,17
1841,636,22
1842,637,17
1843,637,5
1844,638,15
1845,638,17
1846,638,5
1847,639,8
1848,639,15
1849,639,17
1850,640,15
1851,640,5
1852,640,17
1853,641,5
1854,641,17
1855,641,8
1856,642,16
1857,642,21
1858,642,17
1859,643,16
1860,643,21
1861,644,5
1862,644,17
1863,645,16
1864,645,6
1865,645,21
1866,645,8
1867,645,17
1868,646,17
1869,646,15
1870,646,5
1871,647,2
1872,647,21
1873,647,16
1874,648,8
1875,648,17
1876,648,5
1877,649,17
1878,649,5
1879,649,14
1880,650,16
1881,650,21
1882,650,5
1883,650,17
1884,651,17
1885,651,22
1886,651,8
1887,652,6
1888,652,11
1889,652,17
1890,652,16
1891,653,15
1892,653,9
1893,653,8
1894,653,17
1895,654,5
1896,654,8
1897,654,17
1898,655,17
1899,655,5
1900,656,15
1901,656,9
1902,656,5
1903,656,8
1904,657,5
1905,657,17
1906,657,8
1907,657,9
1908,658,15
1909,658,10
1910,658,9
1911,658,2
1912,659,12
1913,659,17
1914,659,22
1915,659,8
1916,660,8
1917,660,5
1918,661,11
1919,661,8
1920,662,16
1921,662,8
1922,663,18
1923,663,2
1924,664,8
1925,665,8
1926,665,5
1927,666,21
1928,666,8
1929,666,17
1930,666,16
1931,667,1
1932,667,17
1933,667,21
1934,667,22
1935,668,21
1936,668,17
1937,668,11
1938,668,8
1939,669,11
1940,669,16
1941,669,17
1942,669,21
1943,670,17
1944,670,8
1945,670,15
1946,671,17
1947,671,21
1948,671,16
1949,672,17
1950,672,5
1951,673,5
1952,673,17
1953,673,15
1954,674,17
1955,674,5
1956,675,5
1957,675,8
1958,675,6
1959,675,17
1960,676,5
1961,676,15
1962,676,17
1963,677,5
1964,677,17
1965,678,17
1966,678,2
1967,678,1
1968,679,23
1969,679,2
1970,679,1
1971,679,17
1972,680,11
1973,680,8
1974,680,16
1975,681,21
1976,681,8
1977,681,16
1978,681,17
1979,681,10
1980,681,5
1981,682,2
1982,682,16
1983,682,8
1984,682,10
1985,683,15
1986,683,5
1987,683,17
1988,684,22
1989,684,5
1990,684,17
1991,685,5
1992,685,17
1993,685,8
1994,686,23
1995,686,8
1996,687,8
1997,688,16
1998,688,5
1999,688,6
2000,689,17
2001,689,5
2002,689,8
2003,690,9
2004,690,2
2005,690,17
2006,690,5
2007,691,10
2008,691,8
2009,691,9
2010,692,5
2011,692,8
2012,693,17
2013,693,5
2014,693,9
2015,694,17
2016,694,8
2017,695,2
2018,695,10
2019,695,17
2020,695,5
2021,696,9
2022,696,8
2023,697,17
2024,697,5
2025,697,15
2026,698,17
2027,698,23
2028,699,6
2029,699,21
2030,699,16
2031,700,22
2032,700,8
2033,701,13
2034,701,21
2035,702,2
2036,702,22
2037,702,8
2038,702,17
2039,703,1
2040,703,2
2041,703,5
2042,703,6
2043,703,17
2044,703,8
2045,704,8
2046,705,17
2047,705,5
2048,705,8
2049,706,17
2050,706,22
2051,706,8
2052,707,8
2053,707,5
2054,707,1
2055,707,6
2056,708,8
2057,708,21
2058,708,6
2059,708,1
2060,709,8
2061,709,17
2062,710,5
2063,710,8
2064,710,17
2065,711,8
2066,711,2
2067,711,9
2068,712,8
2069,712,14
2070,712,5
2071,713,21
2072,713,1
2073,714,4
2074,714,22
2075,714,21
2076,714,8
2077,715,21
2078,716,8
2079,716,17
2080,717,21
2081,717,8
2082,717,1
2083,717,6
2084,718,8
2085,718,21
2086,719,6
2087,719,1
2088,719,17
2089,719,21
2090,719,8
2091,720,6
2092,720,5
2093,720,21
2094,721,16
2095,721,8
2096,721,21
2097,721,6
2098,722,5
2099,722,1
2100,722,6
2101,722,8
2102,722,21
2103,723,5
2104,723,8
2105,723,20
2106,723,1
2107,723,9
2108,724,6
2109,724,21
2110,724,8
2111,725,9
2112,725,23
2113,725,5
2114,726,2
2115,726,9
2116,726,23
2117,726,8
2118,727,2
2119,727,18
2120,727,10
2121,727,16
2122,727,9
2123,728,5
2124,728,20
2125,728,9
2126,729,5
2127,729,10
2128,729,17
2129,729,9
2130,730,8
2131,730,2
2132,730,9
2133,730,23
2134,731,9
2135,731,17
2136,731,5
2137,732,8
2138,732,9
2139,732,5
2140,733,9
2141,733,2
2142,733,5
2143,733,8
2144,734,9
2145,734,5
2146,734,10
2147,735,9
2148,735,2
2149,736,5
2150,736,21
2151,736,6
2152,736,9
2153,737,10
2154,737,9
2155,737,18
2156,737,2
2157,737,8
2158,738,5
2159,738,2
2160,738,9
2161,738,20
2162,738,12
2163,739,5
2164,739,9
2165,739,10
2166,739,20
2167,740,15
2168,740,9
2169,740,3
2170,740,10
2171,740,5
2172,741,9
2173,741,15
2174,741,2
2175,741,10
2176,741,5
2177,741,3
2178,742,17
2179,742,8
2180,742,1
2181,742,2
2182,743,9
2183,743,15
2184,743,10
2185,743,5
2186,744,2
2187,744,9
2188,744,3
2189,744,15
2190,744,8
2191,745,2
2192,745,5
2193,745,15
2194,745,3
2195,745,9
2196,745,10
2197,746,10
2198,746,5
2199,746,3
2200,746,15
2201,746,9
2202,746,2
2203,747,5
2204,747,2
2205,747,10
2206,747,3
2207,747,9
2208,747,15
2209,748,3
2210,748,9
2211,748,2
2212,748,8
2213,749,8
2214,749,21
2215,749,5
2216,749,6
2217,750,15
2218,750,8
2219,750,4
2220,750,17
2221,750,9
2222,751,21
2223,751,1
2224,752,18
2225,752,13
2226,753,21
2227,753,8
2228,754,8
2229,754,5
2230,755,8
2231,755,5
2232,755,14
2233,756,17
2234,756,8
2235,756,10
2236,757,5
2237,757,8
2238,757,17
2239,758,16
2240,758,8
2241,758,1
2242,758,6
2243,758,21
2244,759,2
2245,759,8
2246,759,21
2247,760,7
2248,760,8
2249,761,8
2250,761,5
2251,762,6
2252,762,8
2253,763,12
2254,763,2
2255,763,8
2256,764,21
2257,764,1
2258,765,17
2259,765,8
2260,766,15
2261,766,17
2262,766,5
2263,767,17
2264,767,8
2265,768,5
2266,768,8
2267,769,21
2268,769,8
2269,769,6
2270,770,8
2271,770,17
2272,771,9
2273,771,10
2274,771,5
2275,771,2
2276,771,15
2277,771,3
2278,771,17
2279,772,17
2280,772,15
2281,772,5
2282,773,8
2283,773,16
2284,773,6
2285,773,11
2286,774,6
2287,774,16
2288,774,8
2289,774,11
2290,774,21
2291,775,10
2292,775,15
2293,775,9
2294,776,13
2295,777,5
2296,777,18
2297,778,5
2298,779,5
2299,779,6
2300,780,5
2301,781,5
2302,781,14
2303,781,17
2304,782,8
2305,782,5
2306,783,5
2307,783,23
2308,783,20
2309,783,2
2310,783,17
2311,783,1
2312,783,9
2313,784,1
2314,784,8
2315,784,6
2316,784,4
2317,785,2
2318,785,8
2319,786,6
2320,786,21
2321,787,17
2322,787,8
2323,787,14
2324,788,21
2325,788,8
2326,788,6
2327,789,8
2328,789,22
2329,790,6
2330,790,5
2331,790,2
2332,791,16
2333,791,8
2334,791,21
2335,792,14
2336,792,8
2337,792,4
2338,793,8
2339,793,6
2340,793,17
2341,793,21
2342,794,8
2343,794,6
2344,794,16
2345,795,17
2346,795,8
2347,796,18
2348,796,9
2349,797,8
2350,797,9
2351,797,10
2352,798,8
2353,798,20
2354,798,1
2355,799,1
2356,799,8
2357,800,8
2358,801,8
2359,802,21
2360,802,13
2361,803,7
2362,804,6
2363,804,5
2364,805,5
2365,806,6
2366,806,8
2367,807,8
2368,807,4
2369,808,8
2370,809,5
2371,809,6
2372,809,16
2373,810,8
2374,810,5
2375,810,10
2376,811,18
2377,811,16
2378,811,2
2379,811,21
2380,811,8
2381,812,13
2382,812,21
2383,813,18
2384,813,2
2385,813,1
2386,814,13
2387,815,8
2388,815,5
2389,816,8
2390,817,22
2391,817,5
2392,818,10
2393,818,2
2394,818,5
2395,819,17
2396,819,8
2397,820,16
2398,820,18
2399,820,9
2400,820,6
2401,820,5
2402,820,3
2403,820,19
2404,821,16
2405,821,4
2406,821,12
2407,821,17
2408,821,6
2409,821,8
2410,822,11
2411,822,6
2412,822,21
2413,823,11
2414,823,8
2415,823,6
2416,823,21
2417,824,21
2418,824,11
2419,824,6
2420,825,8
2421,825,22
2422,826,8
2423,826,15
2424,826,5
2425,827,21
2426,827,13
2427,828,8
2428,828,5
2429,829,8
2430,829,17
2431,830,6
2432,830,8
2433,831,6
2434,831,5
2435,832,10
2436,832,8
2437,832,16
2438,832,17
2439,832,14
2440,833,8
2441,834,22
2442,834,8
2443,835,8
2444,835,21
2445,835,6
2446,836,23
2447,837,17
2448,837,8
2449,837,22
2450,838,4
2451,838,8
2452,839,8
2453,840,8
2454,841,5
2455,841,14
2456,841,8
2457,841,17
2458,842,6
2459,842,7
2460,843,8
2461,843,17
2462,843,6
2463,843,5
2464,844,8
2465,845,5
2466,845,14
2467,846,18
2468,846,1
2469,846,2
2470,846,10
2471,847,2
2472,847,9
2473,847,10
2474,847,17
2475,848,1
2476,848,2
2477,849,18
2478,849,8
2479,850,21
2480,850,2
2481,850,1
2482,850,18
2483,851,23
2484,852,8
2485,852,5
2486,853,6
2487,853,8
2488,854,8
2489,854,4
2490,854,22
2491,854,2
2492,855,6
2493,855,8
2494,855,18
2495,856,8
2496,856,6
2497,857,16
2498,857,22
2499,857,8
2500,858,23
2501,859,10
2502,859,18
2503,859,1
2504,859,2
2505,860,8
2506,860,17
2507,860,10
2508,861,16
2509,861,21
2510,861,11
2511,862,6
2512,862,4
2513,862,8
2514,863,13
2515,863,18
2516,864,5
2517,864,13
2518,865,2
2519,865,8
2520,865,20
2521,866,22
2522,866,8
2523,866,1
2524,867,8
2525,867,21
2526,867,6
2527,867,1
2528,868,21
2529,868,16
2530,868,13
2531,869,2
2532,869,1
2533,869,15
2534,869,6
2535,869,14
2536,869,5
2537,870,8
2538,870,6
2539,871,8
2540,871,22
2541,872,5
2542,872,3
2543,872,18
2544,872,9
2545,872,19
2546,872,2
2547,873,8
2548,873,1
2549,873,22
2550,873,4
2551,873,12
2552,874,8
2553,874,4
2554,874,14
2555,875,8
2556,875,5
2557,875,17
2558,876,6
2559,876,8
2560,877,8
2561,877,20
2562,877,4
2563,878,5
2564,878,17
2565,879,12
2566,879,4
2567,879,2
2568,879,8
2569,880,18
2570,880,8
2571,881,8
2572,881,6
2573,881,5
2574,882,17
2575,882,5
2576,882,8
2577,883,8
2578,883,5
2579,884,12
2580,884,8
2581,884,10
2582,884,21
2583,885,5
2584,885,8
2585,886,1
2586,886,18
2587,887,5
2588,887,10
2589,887,13
2590,887,21
2591,888,8
2592,888,4
2593,888,22
2594,888,12
2595,889,8
2596,889,5
2597,890,5
2598,890,8
2599,890,17
2600,891,8
2601,891,6
2602,891,21
2603,892,5
2604,892,8
2605,893,8
2606,893,5
2607,893,17
2608,894,6
2609,894,21
2610,894,11
2611,894,8
2612,895,21
2613,895,1
2614,896,8
2615,896,2
2616,896,22
2617,897,8
2618,898,21
2619,898,16
2620,898,8
2621,899,18
2622,899,8
2623,900,23
2624,900,8
2625,900,2
2626,901,13
2627,901,5
2628,901,18
2629,902,17
2630,902,5
2631,903,13
2632,903,8
2633,904,8
2634,904,2
2635,905,6
2636,905,21
2637,905,16
2638,906,5
2639,906,13
2640,907,2
2641,907,22
2642,907,12
2643,907,8
2644,907,21
2645,908,22
2646,908,8
2647,909,14
2648,909,21
2649,910,10
2650,910,5
2651,910,17
2652,911,23
2653,911,8
2654,912,8
2655,912,21
2656,913,5
2657,913,14
2658,913,8
2659,914,6
2660,914,5
2661,914,21
2662,915,2
2663,915,5
2664,915,18
2665,916,8
2666,917,22
2667,917,8
2668,917,4
2669,918,8
2670,918,6
2671,918,5
2672,919,18
2673,919,8
2674,919,1
2675,919,3
2676,919,10
2677,919,21
2678,920,10
2679,920,1
2680,920,2
2681,921,8
2682,921,6
2683,922,8
2684,922,5
2685,922,12
2686,922,17
2687,923,5
2688,924,5
2689,924,8
2690,925,8
2691,925,12
2692,925,17
2693,926,5
2694,926,22
2695,926,8
2696,927,9
2697,927,10
2698,927,3
2699,927,15
2700,927,14
2701,928,8
2702,928,23
2703,928,21
2704,929,11
2705,929,21
2706,929,16
2707,929,6
2708,930,5
2709,930,6
2710,931,8
2711,931,10
2712,931,17
2713,932,2
2714,932,12
2715,932,8
2716,933,14
2717,933,5
2718,934,8
2719,934,17
2720,935,2
2721,935,1
2722,936,5
2723,936,8
2724,937,12
2725,937,4
2726,937,8
2727,938,8
2728,938,17
2729,939,17
2730,939,8
2731,940,5
2732,940,17
2733,940,18
2734,941,14
2735,941,8
2736,941,10
2737,942,12
2738,942,8
2739,942,22
2740,942,4
2741,943,5
2742,943,8
2743,944,18
2744,944,21
2745,944,1
2746,944,2
2747,945,9
2748,945,10
2749,945,20
2750,945,8
2751,946,2
2752,946,12
2753,946,22
2754,947,23
2755,947,4
2756,947,6
2757,947,8
2758,948,8
2759,949,8
2760,949,21
2761,949,18
2762,949,1
2763,950,5
2764,950,17
2765,950,8
2766,951,5
2767,952,10
2768,952,8
2769,952,21
2770,953,8
2771,953,5
2772,954,18
2773,954,13
2774,954,1
2775,955,13
2776,955,5
2777,956,13
2778,957,13
2779,958,13
2780,959,13
2781,960,13
2782,961,13
2783,962,13
2784,963,13
2785,964,13
2786,964,16
2787,965,13
2788,965,10
2789,965,21
2790,965,8
2791,966,16
2792,966,13
2793,966,21
2794,966,6
2795,966,8
2796,967,13
2797,967,8
2798,967,16
2799,967,17
2800,968,13
2801,968,18
2802,969,18
2803,969,13
2804,969,5
2805,970,13
2806,970,18
2807,970,21
2808,971,21
2809,971,13
2810,972,13
2811,973,18
2812,973,13
2813,973,8
2814,974,13
2815,974,16
2816,974,21
2817,975,21
2818,975,13
2819,976,6
2820,976,21
2821,977,21
2822,977,8
2823,978,13
2824,979,13
2825,979,10
2826,979,21
2827,980,13
2828,981,13
2829,982,21
2830,982,6
2831,982,8
2832,983,21
2833,983,8
2834,983,6
2835,984,8
2836,984,17
2837,984,5
2838,985,8
2839,986,8
2840,986,21
2841,986,13
2842,987,21
2843,987,8
2844,987,18
2845,987,1
2846,987,2
2847,988,4
2848,988,14
2849,988,8
2850,988,17
2851,989,8
2852,990,9
2853,990,5
2854,990,2
2855,991,10
2856,991,17
2857,991,8
2858,991,5
2859,992,12
2860,992,8
2861,993,6
2862,993,9
2863,993,5
2864,993,2
2865,994,1
2866,994,21
2867,995,18
2868,995,16
2869,995,2
2870,996,21
2871,996,1
2872,996,2
2873,996,18
2874,997,10
2875,997,1
2876,997,18
2877,997,2
2878,997,21
2879,998,1
2880,998,18
2881,998,2
2882,999,18
2883,999,2
2884,999,1
2885,1000,2
2886,1000,18
2887,1000,1
2888,1000,5
2889,1001,10
2890,1001,1
2891,1001,6
2892,1002,23
2893,1002,1
2894,1003,23
2895,1003,1
2896,1004,15
2897,1004,17
2898,1005,15
2899,1005,17
2900,1005,5
2901,1005,8
2902,1006,6
2903,1006,21
2904,1006,1
2905,1006,2
2906,1006,8
2907,1007,1
2908,1007,21
2909,1008,21
2910,1008,2
2911,1009,2
2912,1009,21
2913,1009,13
2914,1010,2
2915,1010,21
2916,1010,13
2917,1011,2
2918,1011,5
2919,1012,5
2920,1012,18
2921,1013,8
2922,1013,5
2923,1014,8
2924,1014,17
2925,1014,20
2926,1014,5
2927,1015,6
2928,1015,5
2929,1016,8
2930,1016,5
2931,1017,6
2932,1017,16
2933,1017,21
2934,1017,8
2935,1017,5
2936,1018,8
2937,1018,17
2938,1018,4
2939,1018,22
2940,1019,8
2941,1020,12
2942,1020,8
2943,1021,8
2944,1021,6
2945,1021,21
2946,1022,5
2947,1022,3
2948,1022,14
2949,1022,6
2950,1022,2
2951,1023,16
2952,1023,13
2953,1024,1
2954,1024,22
2955,1024,8
2956,1024,17
2957,1024,2
2958,1025,5
2959,1025,8
2960,1025,10
2961,1026,8
2962,1026,17
2963,1026,5
2964,1027,8
2965,1028,17
2966,1028,4
2967,1028,8
2968,1029,5
2969,1029,8
2970,1030,8
2971,1030,15
2972,1030,4
2973,1030,12
2974,1031,8
2975,1031,17
2976,1032,8
2977,1032,2
2978,1033,1
2979,1033,21
2980,1033,8
2981,1033,6
2982,1033,16
2983,1034,5
2984,1035,21
2985,1035,1
2986,1036,8
2987,1036,17
2988,1037,5
2989,1037,8
2990,1037,21
2991,1037,6
2992,1037,1
2993,1037,2
2994,1038,5
2995,1038,1
2996,1039,8
2997,1039,21
2998,1039,1
2999,1039,6
3000,1039,5
3001,1040,8
3002,1041,21
3003,1041,2
3004,1041,1
3005,1042,5
3006,1042,6
3007,1043,5
3008,1043,8
3009,1043,17
3010,1044,8
3011,1044,17
3012,1044,20
3013,1044,4
3014,1045,1
3015,1045,5
3016,1046,14
3017,1046,8
3018,1046,5
3019,1047,8
3020,1047,5
3021,1047,6
3022,1048,5
3023,1049,17
3024,1049,5
3025,1050,5
3026,1050,8
3027,1051,5
3028,1052,5
3029,1052,8
3030,1052,17
3031,1053,1
3032,1053,21
3033,1053,6
3034,1053,8
3035,1054,1
3036,1054,16
3037,1054,9
3038,1054,5
3039,1054,6
3040,1055,5
3041,1056,17
3042,1056,5
3043,1057,16
3044,1057,21
3045,1058,1
3046,1058,8
3047,1058,12
3048,1059,8
3049,1059,6
3050,1059,4
3051,1060,17
3052,1060,5
3053,1061,21
3054,1061,6
3055,1061,8
3056,1062,8
3057,1062,5
3058,1062,6
3059,1062,21
3060,1062,1
3061,1063,5
3062,1063,9
3063,1064,12
3064,1064,8
3065,1064,6
3066,1064,17
3067,1065,4
3068,1065,8
3069,1065,5
3070,1066,17
3071,1066,21
3072,1066,18
3073,1066,1
3074,1066,2
3075,1067,21
3076,1067,16
3077,1067,8
3078,1067,6
3079,1067,18
3080,1068,8
3081,1069,8
3082,1069,5
3083,1070,5
3084,1070,10
3085,1071,14
3086,1071,4
3087,1071,8
3088,1072,1
3089,1072,8
3090,1072,6
3091,1072,21
3092,1073,3
3093,1073,5
3094,1073,10
3095,1073,15
3096,1073,9
3097,1074,5
3098,1075,21
3099,1075,2
3100,1075,18
3101,1075,1
3102,1075,9
3103,1075,10
3104,1076,1
3105,1076,21
3106,1076,5
3107,1076,18
3108,1077,17
3109,1077,8
3110,1078,1
3111,1078,2
3112,1078,21
3113,1078,13
3114,1079,17
3115,1079,1
3116,1079,21
3117,1079,6
3118,1079,5
3119,1080,6
3120,1080,5
3121,1080,16
3122,1080,2
3123,1081,12
3124,1081,8
3125,1081,22
3126,1082,17
3127,1082,6
3128,1082,8
3129,1083,5
3130,1084,8
3131,1084,21
3132,1084,18
3133,1084,1
3134,1085,8
3135,1085,5
3136,1085,17
3137,1086,2
3138,1086,5
3139,1087,8
3140,1087,21
3141,1087,16
3142,1087,6
3143,1088,6
3144,1088,17
3145,1088,8
3146,1088,21
3147,1088,1
3148,1089,2
3149,1089,1
3150,1089,10
3151,1090,5
3152,1090,17
3153,1091,1
3154,1091,2
3155,1091,18
3156,1092,5
3157,1092,18
3158,1092,8
3159,1093,8
3160,1094,5
3161,1094,17
3162,1095,14
3163,1095,5
3164,1095,17
3165,1095,8
3166,1096,5
3167,1096,17
3168,1097,8
3169,1097,17
3170,1097,5
3171,1098,1
3172,1098,2
3173,1098,18
3174,1099,5
3175,1099,10
3176,1099,16
3177,1100,10
3178,1100,8
3179,1100,5
3180,1100,17
3181,1101,17
3182,1101,5
3183,1102,6
3184,1102,1
3185,1102,21
3186,1103,8
3187,1104,6
3188,1104,2
3189,1104,17
3190,1104,1
3191,1104,21
3192,1105,18
3193,1105,1
3194,1106,17
3195,1106,5
3196,1106,8
3197,1107,17
3198,1107,9
3199,1107,3
3200,1107,5
3201,1107,15
3202,1107,2
3203,1107,10
3204,1108,5
3205,1108,8
3206,1108,17
3207,1109,1
3208,1109,18
3209,1109,13
3210,1110,5
3211,1110,17
3212,1111,8
3213,1111,17
3214,1112,21
3215,1112,18
3216,1112,6
3217,1112,1
3218,1113,18
3219,1113,5
3220,1113,2
3221,1113,1
3222,1114,17
3223,1114,5
3224,1115,1
3225,1115,2
3226,1115,9
3227,1115,5
3228,1116,5
3229,1116,10
3230,1116,9
3231,1117,16
3232,1117,21
3233,1117,8
3234,1117,18
3235,1118,22
3236,1118,8
3237,1118,1
3238,1119,10
3239,1119,2
3240,1119,1
3241,1120,5
3242,1120,17
3243,1120,1
3244,1120,9
3245,1120,2
3246,1121,8
3247,1121,6
3248,1121,21
3249,1122,18
3250,1122,13
3251,1122,21
3252,1123,8
3253,1123,1
3254,1123,13
3255,1124,9
3256,1124,20
3257,1124,5
3258,1124,8
3259,1125,8
3260,1125,5
3261,1125,17
3262,1126,8
3263,1126,5
3264,1127,8
3265,1127,9
3266,1127,2
3267,1128,8
3268,1128,5
3269,1129,16
3270,1129,21
3271,1129,1
3272,1130,6
3273,1130,21
3274,1130,1
3275,1130,8
3276,1131,6
3277,1131,2
3278,1131,1
3279,1131,10
3280,1131,18
3281,1132,8
3282,1132,17
3283,1133,8
3284,1133,6
3285,1134,5
3286,1134,9
3287,1135,18
3288,1135,13
3289,1136,5
3290,1136,6
3291,1136,21
3292,1136,1
3293,1137,17
3294,1137,6
3295,1137,5
3296,1137,1
3297,1138,2
3298,1138,10
3299,1138,1
3300,1139,1
3301,1139,21
3302,1139,8
3303,1140,21
3304,1140,8
3305,1141,2
3306,1141,21
3307,1141,1
3308,1142,8
3309,1143,5
3310,1143,17
3311,1144,2
3312,1144,8
3313,1144,21
3314,1144,1
3315,1145,1
3316,1145,21
3317,1146,6
3318,1146,21
3319,1146,16
3320,1146,8
3321,1147,8
3322,1147,12
3323,1147,22
3324,1147,4
3325,1147,2
3326,1148,21
3327,1148,8
3328,1148,6
3329,1148,16
3330,1149,8
3331,1149,5
3332,1150,13
3333,1150,10
3334,1151,8
3335,1152,1
3336,1152,8
3337,1152,21
3338,1152,16
3339,1153,1
3340,1153,8
3341,1153,21
3342,1154,6
3343,1154,8
3344,1154,21
3345,1155,17
3346,1155,5
3347,1156,1
3348,1156,21
3349,1156,6
3350,1157,17
3351,1157,5
3352,1158,8
3353,1159,8
3354,1160,21
3355,1160,1
3356,1160,8
3357,1161,8
3358,1161,17
3359,1161,5
3360,1162,5
3361,1163,5
3362,1163,8
3363,1164,17
3364,1164,5
3365,1164,8
3366,1165,4
3367,1165,17
3368,1165,8
3369,1165,12
3370,1166,13
3371,1166,16
3372,1167,21
3373,1167,16
3374,1167,8
3375,1168,9
3376,1168,5
3377,1168,18
3378,1169,21
3379,1169,6
3380,1169,8
3381,1170,21
3382,1170,18
3383,1170,8
3384,1171,9
3385,1171,10
3386,1171,16
3387,1171,8
3388,1172,21
3389,1172,18
3390,1172,13
3391,1173,6
3392,1173,10
3393,1173,5
3394,1173,17
3395,1174,8
3396,1175,21
3397,1175,16
3398,1175,6
3399,1176,22
3400,1176,5
3401,1177,9
3402,1177,5
3403,1177,2
3404,1178,21
3405,1178,8
3406,1178,6
3407,1179,17
3408,1179,8
3409,1180,14
3410,1180,17
3411,1180,8
3412,1181,22
3413,1181,8
3414,1182,16
3415,1182,8
3416,1182,21
3417,1182,6
3418,1183,8
3419,1183,21
3420,1183,6
3421,1184,8
3422,1185,21
3423,1185,6
3424,1185,17
3425,1185,8
3426,1186,21
3427,1186,1
3428,1186,2
3429,1186,18
3430,1187,8
3431,1188,17
3432,1188,10
3433,1188,5
3434,1188,8
3435,1189,2
3436,1189,21
3437,1189,1
3438,1189,10
3439,1189,18
3440,1190,5
3441,1190,8
3442,1191,8
3443,1191,17
3444,1192,8
3445,1192,17
3446,1193,6
3447,1193,21
3448,1193,8
3449,1194,1
3450,1194,6
3451,1194,21
3452,1194,8
3453,1195,8
3454,1195,2
3455,1195,10
3456,1195,16
3457,1195,3
3458,1195,9
3459,1195,17
3460,1195,15
3461,1196,6
3462,1196,5
3463,1196,8
3464,1197,18
3465,1197,13
3466,1197,1
3467,1198,12
3468,1198,4
3469,1198,8
3470,1199,8
3471,1200,22
3472,1200,12
3473,1200,17
3474,1200,8
3475,1201,5
3476,1201,8
3477,1202,5
3478,1203,9
3479,1203,5
3480,1203,18
3481,1204,5
3482,1205,8
3483,1205,17
3484,1206,5
3485,1206,1
3486,1206,9
3487,1206,6
3488,1207,6
3489,1207,16
3490,1207,21
3491,1207,8
3492,1208,5
3493,1209,13
3494,1209,16
3495,1210,8
3496,1211,8
3497,1211,17
3498,1212,1
3499,1212,2
3500,1212,21
3501,1213,18
3502,1213,1
3503,1213,8
3504,1213,2
3505,1214,23
3506,1214,8
3507,1214,17
3508,1215,6
3509,1215,8
3510,1215,21
3511,1216,22
3512,1216,8
3513,1216,4
3514,1216,12
3515,1217,5
3516,1217,9
3517,1217,2
3518,1218,5
3519,1218,20
3520,1218,6
3521,1219,5
3522,1219,8
3523,1219,17
3524,1220,8
3525,1221,8
3526,1221,17
3527,1222,1
3528,1222,2
3529,1222,5
3530,1222,9
3531,1223,1
3532,1223,21
3533,1224,5
3534,1224,17
3535,1225,8
3536,1225,5
3537,1226,10
3538,1226,16
3539,1226,21
3540,1226,18
3541,1227,18
3542,1227,9
3543,1227,2
3544,1228,8
3545,1228,6
3546,1228,21
3547,1228,1
3548,1229,6
3549,1229,5
3550,1230,21
3551,1230,8
3552,1230,16
3553,1230,6
3554,1230,10
3555,1230,1
3556,1231,5
3557,1231,6
3558,1231,17
3559,1232,21
3560,1232,13
3561,1232,10
3562,1233,8
3563,1233,5
3564,1233,6
3565,1233,17
3566,1234,14
3567,1234,5
3568,1234,9
3569,1235,13
3570,1235,2
3571,1235,1
3572,1235,18
3573,1236,5
3574,1236,17
3575,1236,8
3576,1237,1
3577,1237,21
3578,1237,6
3579,1238,13
3580,1238,16
3581,1238,10
3582,1239,5
3583,1239,15
3584,1239,14
3585,1239,1
3586,1239,6
3587,1240,5
3588,1240,17
3589,1240,14
3590,1241,1
3591,1241,16
3592,1241,21
3593,1241,18
3594,1242,8
3595,1242,21
3596,1242,16
3597,1242,17
3598,1242,6
3599,1243,8
3600,1243,17
3601,1243,5
3602,1244,6
3603,1244,21
3604,1245,21
3605,1245,16
3606,1245,8
3607,1245,6
3608,1246,21
3609,1246,1
3610,1246,6
3611,1247,8
3612,1247,5
3613,1248,17
3614,1248,8
3615,1249,1
3616,1249,8
3617,1249,20
3618,1250,19
3619,1250,7
3620,1251,8
3621,1251,21
3622,1252,21
3623,1252,5
3624,1252,8
3625,1252,6
3626,1252,16
3627,1253,1
3628,1253,8
3629,1253,2
3630,1254,1
3631,1254,6
3632,1254,12
3633,1254,8
3634,1254,23
3635,1255,6
3636,1255,8
3637,1255,16
3638,1255,21
3639,1256,2
3640,1256,5
3641,1256,9
3642,1256,8
3643,1257,8
3644,1258,8
3645,1258,5
3646,1259,8
3647,1259,9
3648,1259,5
3649,1260,8
3650,1260,5
3651,1261,8
3652,1261,17
3653,1261,5
3654,1262,5
3655,1262,9
3656,1263,6
3657,1263,8
3658,1263,5
3659,1263,21
3660,1264,5
3661,1264,2
3662,1264,9
3663,1264,10
3664,1264,8
3665,1265,8
3666,1265,5
3667,1265,6
3668,1265,7
3669,1266,9
3670,1266,1
3671,1266,18
3672,1266,21
3673,1266,2
3674,1267,6
3675,1267,8
3676,1267,21
3677,1267,1
3678,1268,16
3679,1268,8
3680,1268,21
3681,1269,17
3682,1269,10
3683,1269,8
3684,1270,5
3685,1270,8
3686,1270,14
3687,1270,17
3688,1271,2
3689,1271,5
3690,1272,5
3691,1272,8
3692,1273,8
3693,1273,20
3694,1274,21
3695,1274,6
3696,1274,16
3697,1275,8
3698,1276,5
3699,1276,6
3700,1276,8
3701,1276,17
3702,1276,16
3703,1276,21
3704,1277,8
3705,1278,9
3706,1278,2
3707,1278,5
3708,1278,10
3709,1279,5
3710,1280,1
3711,1280,2
3712,1280,6
3713,1280,5
3714,1281,8
3715,1282,18
3716,1282,1
3717,1282,21
3718,1282,13
3719,1283,20
3720,1283,5
3721,1284,5
3722,1285,1
3723,1285,21
3724,1285,6
3725,1285,5
3726,1286,9
3727,1286,5
3728,1286,8
3729,1287,6
3730,1287,17
3731,1287,8
3732,1287,12
3733,1288,10
3734,1288,5
3735,1288,17
3736,1288,8
3737,1289,8
3738,1289,5
3739,1290,1
3740,1290,8
3741,1290,18
3742,1290,21
3743,1291,5
3744,1291,17
3745,1292,2
3746,1292,5
3747,1292,15
3748,1292,9
3749,1292,10
3750,1292,8
3751,1292,3
3752,1293,1
3753,1293,18
3754,1293,21
3755,1294,8
3756,1294,5
3757,1294,17
3758,1295,8
3759,1295,5
3760,1295,2
3761,1296,17
3762,1296,5
3763,1296,8
3764,1297,5
3765,1298,2
3766,1298,23
3767,1298,5
3768,1299,8
3769,1299,17
3770,1300,16
3771,1300,21
3772,1300,6
3773,1301,21
3774,1301,8
3775,1301,13
3776,1302,8
3777,1302,21
3778,1302,6
3779,1303,5
3780,1303,1
3781,1303,2
3782,1303,17
3783,1304,5
3784,1304,17
3785,1305,17
3786,1305,8
3787,1305,5
3788,1306,8
3789,1306,17
3790,1307,9
3791,1307,8
3792,1307,20
3793,1308,17
3794,1308,5
3795,1309,5
3796,1309,8
3797,1310,5
3798,1310,15
3799,1310,10
3800,1310,2
3801,1310,3
3802,1310,22
3803,1310,9
3804,1311,21
3805,1311,18
3806,1311,8
3807,1311,16
3808,1312,8
3809,1312,1
3810,1312,5
3811,1312,6
3812,1313,9
3813,1313,10
3814,1313,5
3815,1314,17
3816,1314,5
3817,1314,6
3818,1314,8
3819,1314,21
3820,1315,8
3821,1315,16
3822,1316,5
3823,1316,8
3824,1317,17
3825,1317,8
3826,1317,5
3827,1318,21
3828,1318,18
3829,1318,1
3830,1318,2
3831,1319,1
3832,1319,6
3833,1319,21
3834,1320,5
3835,1320,9
3836,1321,18
3837,1321,1
3838,1321,9
3839,1321,2
3840,1321,5
3841,1322,18
3842,1322,8
3843,1322,16
3844,1322,21
3845,1322,13
3846,1323,8
3847,1324,5
3848,1324,17
3849,1325,18
3850,1325,13
3851,1326,1
3852,1326,22
3853,1326,17
3854,1326,8
3855,1327,15
3856,1327,17
3857,1327,8
3858,1328,22
3859,1328,8
3860,1329,8
3861,1329,23
3862,1330,8
3863,1330,17
3864,1331,8
3865,1331,12
3866,1331,4
3867,1331,2
3868,1331,17
3869,1332,4
3870,1332,17
3871,1332,8
3872,1332,15
3873,1333,4
3874,1333,8
3875,1334,5
3876,1334,17
3877,1334,8
3878,1335,8
3879,1335,9
3880,1336,17
3881,1336,8
3882,1336,22
3883,1337,14
3884,1337,5
3885,1337,8
3886,1338,8
3887,1338,11
3888,1339,22
3889,1339,17
3890,1339,8
3891,1340,17
3892,1340,8
3893,1341,8
3894,1342,11
3895,1342,8
3896,1343,9
3897,1343,17
3898,1343,8
3899,1344,17
3900,1344,22
3901,1344,8
3902,1345,6
3903,1345,8
3904,1345,21
3905,1346,8
3906,1346,17
3907,1347,17
3908,1347,8
3909,1347,6
3910,1347,15
3911,1348,12
3912,1348,5
3913,1348,2
3914,1349,4
3915,1349,8
3916,1349,12
3917,1350,6
3918,1350,8
3919,1350,16
3920,1350,21
3921,1351,8
3922,1351,15
3923,1351,9
3924,1352,8
3925,1353,6
3926,1353,1
3927,1353,8
3928,1353,21
3929,1354,8
3930,1354,20
3931,1355,8
3932,1356,8
3933,1357,8
3934,1357,20
3935,1357,4
3936,1358,8
3937,1358,5
3938,1359,4
3939,1359,17
3940,1359,8
3941,1360,8
3942,1360,4
3943,1360,12
3944,1361,8
3945,1362,8
3946,1363,6
3947,1363,5
3948,1364,21
3949,1364,16
3950,1364,6
3951,1365,21
3952,1365,18
3953,1365,6
3954,1365,1
3955,1365,5
3956,1366,5
3957,1366,17
3958,1366,8
3959,1367,15
3960,1367,2
3961,1367,10
3962,1367,9
3963,1368,8
3964,1368,5
3965,1369,13
3966,1370,10
3967,1370,13
3968,1371,13
3969,1372,10
3970,1372,13
3971,1373,10
3972,1373,13
3973,1374,16
3974,1374,21
3975,1374,13
3976,1375,21
3977,1375,13
3978,1375,16
3979,1376,13
3980,1376,21
3981,1377,21
3982,1377,13
3983,1378,21
3984,1378,13
3985,1378,16
3986,1379,21
3987,1379,13
3988,1380,21
3989,1380,13
3990,1381,13
3991,1381,21
3992,1381,2
3993,1382,21
3994,1382,13
3995,1383,13
3996,1384,18
3997,1384,16
3998,1384,13
3999,1384,21
4000,1385,13
4001,1385,21
4002,1386,13
4003,1386,21
4004,1387,16
4005,1387,21
4006,1387,13
4007,1388,13
4008,1388,21
4009,1389,13
4010,1389,5
4011,1389,21
4012,1390,13
4013,1390,21
4014,1391,10
4015,1391,21
4016,1391,13
4017,1392,21
4018,1392,13
4019,1393,21
4020,1393,13
4021,1394,21
4022,1394,13
4023,1395,13
4024,1396,21
4025,1396,13
4026,1397,13
4027,1398,13
4028,1399,8
4029,1399,16
4030,1399,13
4031,1400,6
4032,1400,1
4033,1400,21
4034,1401,6
4035,1401,1
4036,1401,21
4037,1402,1
4038,1402,6
4039,1402,21
4040,1403,10
4041,1403,5
4042,1403,13
4043,1404,13
4044,1404,10
4045,1404,5
4046,1405,5
4047,1405,2
4048,1405,9
4049,1406,17
4050,1406,5
4051,1406,2
4052,1406,1
4053,1406,21
4054,1406,23
4055,1407,8
4056,1407,5
4057,1407,17
4058,1408,6
4059,1408,21
4060,1408,16
4061,1408,18
4062,1409,8
4063,1409,18
4064,1410,5
4065,1410,18
4066,1410,2
4067,1411,23
4068,1411,5
4069,1411,2
4070,1411,18
4071,1412,21
4072,1412,8
4073,1412,2
4074,1412,1
4075,1413,5
4076,1413,10
4077,1413,9
4078,1414,20
4079,1414,18
4080,1414,9
4081,1414,5
4082,1415,23
4083,1415,9
4084,1415,5
4085,1416,2
4086,1416,1
4087,1416,8
4088,1417,8
4089,1417,17
4090,1418,1
4091,1418,2
4092,1418,18
4093,1419,8
4094,1420,6
4095,1420,8
4096,1421,8
4097,1421,16
4098,1422,17
4099,1422,8
4100,1423,18
4101,1423,13
4102,1423,21
4103,1423,16
4104,1424,5
4105,1424,6
4106,1425,8
4107,1425,22
4108,1426,5
4109,1426,17
4110,1427,18
4111,1427,5
4112,1427,9
4113,1428,5
4114,1428,9
4115,1429,3
4116,1429,9
4117,1429,1
4118,1429,10
4119,1429,2
4120,1430,1
4121,1430,18
4122,1431,5
4123,1431,9
4124,1431,10
4125,1432,9
4126,1432,6
4127,1432,5
4128,1433,9
4129,1433,5
4130,1433,18
4131,1434,5
4132,1434,9
4133,1434,18
4134,1435,20
4135,1435,8
4136,1435,5
4137,1435,9
4138,1436,17
4139,1436,10
4140,1436,9
4141,1436,2
4142,1437,17
4143,1437,8
4144,1437,9
4145,1437,2
4146,1438,5
4147,1438,18
4148,1438,9
4149,1438,2
4150,1439,2
4151,1439,10
4152,1439,9
4153,1440,3
4154,1440,16
4155,1440,15
4156,1440,9
4157,1440,2
4158,1441,9
4159,1441,2
4160,1441,10
4161,1441,5
4162,1442,17
4163,1442,2
4164,1442,20
4165,1442,5
4166,1442,1
4167,1442,9
4168,1442,6
4169,1443,5
4170,1443,9
4171,1443,13
4172,1443,10
4173,1444,9
4174,1444,2
4175,1444,17
4176,1444,18
4177,1444,5
4178,1445,9
4179,1445,5
4180,1445,18
4181,1445,2
4182,1446,23
4183,1446,9
4184,1446,1
4185,1446,5
4186,1447,2
4187,1447,9
4188,1447,10
4189,1448,8
4190,1448,9
4191,1448,2
4192,1449,6
4193,1449,8
4194,1449,16
4195,1449,1
4196,1449,21
4197,1450,8
4198,1450,2
4199,1450,17
4200,1450,5
4201,1450,9
4202,1451,5
4203,1451,20
4204,1452,8
4205,1452,17
4206,1453,7
4207,1454,17
4208,1454,5
4209,1454,10
4210,1455,21
4211,1455,8
4212,1455,17
4213,1455,11
4214,1455,6
4215,1456,22
4216,1456,8
4217,1456,17
4218,1457,8
4219,1458,8
4220,1459,8
4221,1459,14
4222,1460,12
4223,1460,8
4224,1461,16
4225,1461,21
4226,1461,5
4227,1462,5
4228,1462,8
4229,1463,8
4230,1464,8
4231,1465,8
4232,1465,21
4233,1465,16
4234,1466,2
4235,1466,9
4236,1467,3
4237,1467,2
4238,1467,15
4239,1467,9
4240,1467,5
4241,1467,10
4242,1468,9
4243,1468,5
4244,1468,3
4245,1468,2
4246,1468,17
4247,1468,15
4248,1469,9
4249,1469,3
4250,1469,15
4251,1469,17
4252,1469,10
4253,1470,20
4254,1470,9
4255,1470,5
4256,1470,8
4257,1471,9
4258,1471,10
4259,1471,15
4260,1471,5
4261,1471,8
4262,1472,9
4263,1472,12
4264,1472,8
4265,1472,15
4266,1473,2
4267,1473,3
4268,1473,5
4269,1473,9
4270,1474,10
4271,1474,9
4272,1475,15
4273,1475,3
4274,1475,2
4275,1475,9
4276,1475,10
4277,1476,5
4278,1476,15
4279,1476,9
4280,1476,17
4281,1476,10
4282,1476,2
4283,1477,9
4284,1477,10
4285,1477,3
4286,1477,2
4287,1477,5
4288,1478,2
4289,1478,10
4290,1478,3
4291,1478,9
4292,1478,5
4293,1479,9
4294,1479,18
4295,1479,2
4296,1479,10
4297,1480,9
4298,1480,5
4299,1480,15
4300,1480,2
4301,1480,17
4302,1480,3
4303,1480,10
4304,1481,9
4305,1481,13
4306,1481,16
4307,1481,10
4308,1481,2
4309,1482,2
4310,1482,1
4311,1482,9
4312,1482,18
4313,1483,10
4314,1483,5
4315,1483,9
4316,1484,15
4317,1484,3
4318,1484,10
4319,1484,9
4320,1484,17
4321,1485,10
4322,1485,21
4323,1485,16
4324,1486,5
4325,1486,9
4326,1486,18
4327,1487,5
4328,1487,10
4329,1487,9
4330,1487,3
4331,1487,15
4332,1488,10
4333,1488,17
4334,1488,5
4335,1489,4
4336,1489,8
4337,1489,2
4338,1489,9
4339,1490,5
4340,1490,19
4341,1490,15
4342,1490,9
4343,1490,3
4344,1491,2
4345,1491,1
4346,1491,18
4347,1492,8
4348,1492,14
4349,1493,21
4350,1493,13
4351,1494,10
4352,1494,17
4353,1494,5
4354,1494,8
4355,1495,5
4356,1496,21
4357,1496,16
4358,1496,5
4359,1496,6
4360,1497,18
4361,1497,17
4362,1497,5
4363,1498,8
4364,1498,6
4365,1499,13
4366,1500,8
4367,1500,6
4368,1501,1
4369,1501,2
4370,1502,2
4371,1502,10
4372,1502,3
4373,1503,8
4374,1503,18
4375,1504,8
4376,1504,13
4377,1504,21
4378,1504,18
4379,1505,18
4380,1505,5
4381,1505,1
4382,1505,13
4383,1506,8
4384,1506,6
4385,1506,10
4386,1506,21
4387,1506,13
4388,1507,21
4389,1507,13
4390,1508,21
4391,1508,13
4392,1509,15
4393,1509,3
4394,1509,8
4395,1509,9
4396,1509,10
4397,1509,5
4398,1510,5
4399,1510,10
4400,1511,8
4401,1511,5
4402,1511,17
4403,1512,16
4404,1512,21
4405,1512,6
4406,1513,6
4407,1513,5
4408,1514,8
4409,1514,6
4410,1514,17
4411,1515,8
4412,1515,14
4413,1516,8
4414,1517,17
4415,1517,6
4416,1517,2
4417,1517,5
4418,1518,5
4419,1518,17
4420,1518,18
4421,1519,10
4422,1519,15
4423,1519,17
4424,1519,2
4425,1519,5
4426,1519,9
4427,1520,5
4428,1520,17
4429,1520,18
4430,1521,9
4431,1521,15
4432,1521,3
4433,1522,2
4434,1522,21
4435,1522,8
4436,1522,3
4437,1523,18
4438,1523,10
4439,1523,2
4440,1523,16
4441,1523,8
4442,1523,3
4443,1523,9
4444,1524,9
4445,1524,10
4446,1524,2
4447,1525,9
4448,1525,3
4449,1525,2
4450,1525,5
4451,1525,8
4452,1525,15
4453,1526,9
4454,1526,2
4455,1526,15
4456,1526,23
4457,1526,3
4458,1527,2
4459,1527,10
4460,1527,17
4461,1528,17
4462,1528,5
4463,1529,8
4464,1529,5
4465,1529,17
4466,1530,17
4467,1530,8
4468,1531,10
4469,1531,8
4470,1531,2
4471,1532,13
4472,1532,5
4473,1532,10
4474,1533,5
4475,1533,13
4476,1533,10
4477,1534,5
4478,1534,2
4479,1535,5
4480,1536,9
4481,1536,20
4482,1536,5
4483,1537,18
4484,1537,21
4485,1537,1
4486,1537,2
4487,1538,17
4488,1538,5
4489,1538,8
4490,1539,5
4491,1539,8
4492,1540,8
4493,1540,6
4494,1540,13
4495,1540,4
4496,1540,21
4497,1541,13
4498,1541,8
4499,1542,10
4500,1542,9
4501,1542,8
4502,1542,2
4503,1543,10
4504,1543,8
4505,1543,9
4506,1543,2
4507,1544,5
4508,1544,2
4509,1544,18
4510,1544,13
4511,1544,15
4512,1545,5
4513,1545,13
4514,1545,1
4515,1545,8
4516,1546,5
4517,1546,8
4518,1546,17
4519,1547,8
4520,1547,17
4521,1547,21
4522,1548,18
4523,1548,13
4524,1548,1
4525,1549,14
4526,1549,8
4527,1549,17
4528,1550,5
4529,1551,1
4530,1551,5
4531,1551,21
4532,1552,10
4533,1552,2
4534,1552,21
4535,1552,16
4536,1552,1
4537,1552,8
4538,1553,5
4539,1553,10
4540,1554,16
4541,1554,21
4542,1554,8
4543,1554,6
4544,1555,8
4545,1555,5
4546,1555,21
4547,1555,6
4548,1556,21
4549,1557,17
4550,1557,21
4551,1557,8
4552,1558,21
4553,1558,6
4554,1558,8
4555,1558,17
4556,1558,16
4557,1559,11
4558,1559,8
4559,1560,21
4560,1560,8
4561,1561,16
4562,1561,5
4563,1562,8
4564,1562,6
4565,1562,21
4566,1562,11
4567,1563,16
4568,1563,21
4569,1563,11
4570,1564,14
4571,1564,8
4572,1565,8
4573,1565,14
4574,1565,4
4575,1566,17
4576,1566,5
4577,1566,8
4578,1567,17
4579,1567,2
4580,1567,1
4581,1567,8
4582,1567,10
4583,1568,8
4584,1568,21
4585,1568,6
4586,1569,5
4587,1570,17
4588,1570,8
4589,1571,8
4590,1571,17
4591,1571,6
4592,1572,21
4593,1572,17
4594,1572,8
4595,1572,6
4596,1573,22
4597,1573,8
4598,1574,21
4599,1574,11
4600,1575,21
4601,1575,22
4602,1576,5
4603,1576,17
4604,1577,16
4605,1577,11
4606,1577,21
4607,1578,2
4608,1578,6
4609,1579,16
4610,1579,21
4611,1580,6
4612,1580,21
4613,1581,16
4614,1581,6
4615,1581,21
4616,1582,21
4617,1582,6
4618,1583,21
4619,1583,8
4620,1583,16
4621,1583,6
4622,1584,8
4623,1584,6
4624,1585,18
4625,1585,21
4626,1585,8
4627,1585,16
4628,1586,8
4629,1586,9
4630,1586,5
4631,1587,4
4632,1587,20
4633,1587,8
4634,1588,22
4635,1588,5
4636,1588,8
4637,1589,2
4638,1589,5
4639,1589,8
4640,1590,8
4641,1590,5
4642,1590,9
4643,1591,8
4644,1591,17
4645,1591,5
4646,1592,8
4647,1592,5
4648,1592,17
4649,1593,17
4650,1593,5
4651,1594,17
4652,1594,8
4653,1594,5
4654,1595,5
4655,1595,17
4656,1595,6
4657,1596,5
4658,1596,8
4659,1596,17
4660,1597,5
4661,1597,6
4662,1598,8
4663,1598,5
4664,1599,17
4665,1599,5
4666,1599,8
4667,1600,2
4668,1600,9
4669,1600,5
4670,1600,10
4671,1600,8
4672,1601,5
4673,1602,13
4674,1602,18
4675,1603,14
4676,1603,5
4677,1603,17
4678,1603,8
4679,1604,17
4680,1604,5
4681,1605,8
4682,1605,6
4683,1606,5
4684,1606,17
4685,1607,8
4686,1607,17
4687,1607,5
4688,1608,13
4689,1608,10
4690,1608,8
4691,1608,21
4692,1609,5
4693,1609,6
4694,1610,5
4695,1611,17
4696,1611,10
4697,1611,5
4698,1612,16
4699,1612,21
4700,1613,21
4701,1613,8
4702,1614,17
4703,1614,8
4704,1615,4
4705,1615,17
4706,1615,8
4707,1616,8
4708,1617,5
4709,1617,6
4710,1617,21
4711,1617,1
4712,1618,14
4713,1618,10
4714,1618,5
4715,1618,18
4716,1618,8
4717,1618,1
4718,1618,2
4719,1619,8
4720,1620,21
4721,1620,1
4722,1620,6
4723,1621,21
4724,1621,16
4725,1621,13
4726,1622,6
4727,1622,5
4728,1623,5
4729,1623,8
4730,1624,2
4731,1624,8
4732,1625,4
4733,1625,6
4734,1625,8
4735,1626,8
4736,1626,6
4737,1627,10
4738,1627,5
4739,1627,6
4740,1628,18
4741,1628,13
4742,1629,18
4743,1629,13
4744,1629,16
4745,1630,21
4746,1630,5
4747,1630,6
4748,1630,8
4749,1631,5
4750,1631,8
4751,1632,10
4752,1632,8
4753,1632,17
4754,1633,17
4755,1633,5
4756,1634,9
4757,1634,2
4758,1634,5
4759,1634,3
4760,1635,5
4761,1636,17
4762,1636,5
4763,1636,14
4764,1637,10
4765,1637,17
4766,1637,8
4767,1638,5
4768,1638,14
4769,1639,5
4770,1639,15
4771,1639,12
4772,1640,6
4773,1640,5
4774,1641,14
4775,1641,8
4776,1641,5
4777,1642,4
4778,1642,8
4779,1642,17
4780,1643,8
4781,1643,5
4782,1644,6
4783,1644,1
4784,1645,8
4785,1645,5
4786,1646,16
4787,1646,21
4788,1646,2
4789,1646,18
4790,1647,17
4791,1647,8
4792,1648,4
4793,1648,8
4794,1649,8
4795,1649,13
4796,1649,12
4797,1650,13
4798,1650,5
4799,1651,5
4800,1651,17
4801,1651,8
4802,1651,10
4803,1652,5
4804,1652,8
4805,1653,8
4806,1653,21
4807,1653,6
4808,1654,10
4809,1654,8
4810,1654,5
4811,1655,8
4812,1655,18
4813,1655,1
4814,1656,17
4815,1656,5
4816,1656,22
4817,1656,8
4818,1657,5
4819,1658,13
4820,1658,21
4821,1658,5
4822,1658,10
4823,1659,13
4824,1659,21
4825,1659,1
4826,1660,8
4827,1661,5
4828,1661,8
4829,1661,17
4830,1662,8
4831,1662,4
4832,1663,1
4833,1663,21
4834,1664,5
4835,1664,20
4836,1665,12
4837,1665,8
4838,1665,4
4839,1666,14
4840,1666,8
4841,1667,16
4842,1667,13
4843,1668,9
4844,1668,5
4845,1669,17
4846,1669,10
4847,1669,8
4848,1670,14
4849,1670,8
4850,1670,5
4851,1671,2
4852,1671,8
4853,1671,21
4854,1671,1
4855,1672,9
4856,1672,17
4857,1672,8
4858,1673,18
4859,1673,21
4860,1673,13
4861,1673,16
4862,1674,6
4863,1674,8
4864,1674,1
4865,1674,5
4866,1675,4
4867,1675,14
4868,1675,17
4869,1675,8
4870,1676,6
4871,1676,8
4872,1676,17
4873,1677,5
4874,1677,8
4875,1677,6
4876,1677,10
4877,1678,8
4878,1679,5
4879,1679,8
4880,1680,21
4881,1680,1
4882,1681,2
4883,1681,3
4884,1681,15
4885,1681,8
4886,1681,5
4887,1681,9
4888,1682,3
4889,1682,5
4890,1682,10
4891,1682,9
4892,1682,2
4893,1683,8
4894,1683,5
4895,1684,8
4896,1685,5
4897,1686,8
4898,1687,6
4899,1687,5
4900,1688,8
4901,1689,18
4902,1689,13
4903,1690,18
4904,1690,1
4905,1690,21
4906,1691,10
4907,1691,18
4908,1691,1
4909,1691,2
4910,1692,18
4911,1692,13
4912,1692,2
4913,1693,13
4914,1693,2
4915,1694,2
4916,1694,1
4917,1695,8
4918,1695,5
4919,1696,2
4920,1696,1
4921,1696,8
4922,1697,6
4923,1697,5
4924,1697,16
4925,1698,6
4926,1698,16
4927,1698,5
4928,1699,2
4929,1699,10
4930,1699,1
4931,1700,5
4932,1700,8
4933,1701,5
4934,1702,1
4935,1702,2
4936,1702,21
4937,1703,17
4938,1703,1
4939,1703,13
4940,1703,21
4941,1703,16
4942,1703,18
4943,1704,5
4944,1705,5
4945,1706,5
4946,1707,6
4947,1707,5
4948,1708,6
4949,1708,5
4950,1709,5
4951,1709,6
4952,1710,10
4953,1710,8
4954,1710,9
4955,1710,2
4956,1710,5
4957,1711,5
4958,1711,8
4959,1711,17
4960,1712,5
4961,1713,6
4962,1713,21
4963,1713,5
4964,1714,21
4965,1714,13
4966,1714,16
4967,1715,17
4968,1715,14
4969,1715,5
4970,1715,8
4971,1716,6
4972,1716,8
4973,1716,21
4974,1717,9
4975,1717,8
4976,1717,10
4977,1717,5
4978,1718,18
4979,1718,2
4980,1718,21
4981,1718,1
4982,1719,3
4983,1719,15
4984,1719,2
4985,1719,9
4986,1719,10
4987,1719,8
4988,1720,5
4989,1720,8
4990,1720,17
4991,1721,5
4992,1721,8
4993,1721,17
4994,1721,12
4995,1722,9
4996,1722,5
4997,1722,8
4998,1723,10
4999,1723,9
5000,1723,2
5001,1724,8
5002,1724,9
5003,1724,10
5004,1725,23
5005,1725,8
5006,1726,21
5007,1726,2
5008,1726,1
5009,1727,2
5010,1727,1
5011,1728,1
5012,1728,2
5013,1729,2
5014,1729,1
5015,1729,5
5016,1729,17
5017,1730,5
5018,1730,2
5019,1730,17
5020,1730,1
5021,1731,5
5022,1731,18
5023,1731,8
5024,1732,17
5025,1732,18
5026,1732,5
5027,1732,16
5028,1732,2
5029,1733,8
5030,1733,20
5031,1734,20
5032,1734,8
5033,1735,20
5034,1735,8
5035,1736,8
5036,1736,20
5037,1737,6
5038,1737,21
5039,1737,16
5040,1737,5
5041,1738,2
5042,1738,10
5043,1738,16
5044,1738,21
5045,1739,20
5046,1739,5
5047,1739,17
5048,1740,5
5049,1740,8
5050,1741,17
5051,1741,5
5052,1741,8
5053,1742,21
5054,1742,8
5055,1743,1
5056,1743,9
5057,1743,8
5058,1743,20
5059,1744,20
5060,1744,9
5061,1744,1
5062,1745,8
5063,1745,1
5064,1745,9
5065,1745,20
5066,1746,5
5067,1747,8
5068,1747,5
5069,1747,17
5070,1748,21
5071,1748,8
5072,1748,6
5073,1748,4
5074,1749,22
5075,1749,8
5076,1749,12
5077,1750,16
5078,1750,18
5079,1750,13
5080,1751,21
5081,1751,2
5082,1751,9
5083,1751,1
5084,1751,10
5085,1752,2
5086,1752,18
5087,1752,8
5088,1752,10
5089,1753,8
5090,1753,4
5091,1753,5
5092,1753,17
5093,1754,8
5094,1754,5
5095,1755,8
5096,1756,8
5097,1756,5
5098,1756,22
5099,1757,4
5100,1757,17
5101,1757,8
5102,1758,8
5103,1758,5
5104,1758,21
5105,1758,17
5106,1759,16
5107,1759,8
5108,1759,21
5109,1760,8
5110,1760,21
5111,1760,6
5112,1761,17
5113,1761,23
5114,1761,8
5115,1762,8
5116,1762,4
5117,1762,14
5118,1763,17
5119,1763,5
5120,1763,8
5121,1764,17
5122,1764,8
5123,1765,10
5124,1765,8
5125,1765,21
5126,1766,20
5127,1766,8
5128,1766,5
5129,1766,17
5130,1767,21
5131,1767,13
5132,1767,18
5133,1767,1
5134,1768,15
5135,1768,10
5136,1768,9
5137,1768,2
5138,1768,5
5139,1769,18
5140,1769,1
5141,1769,5
5142,1769,17
5143,1769,2
5144,1770,13
5145,1770,10
5146,1771,8
5147,1771,17
5148,1771,10
5149,1772,13
5150,1772,18
5151,1772,8
5152,1773,8
5153,1773,18
5154,1773,13
5155,1774,13
5156,1774,8
5157,1774,18
5158,1775,5
5159,1775,21
5160,1775,1
5161,1775,6
5162,1776,6
5163,1776,1
5164,1776,5
5165,1777,13
5166,1778,13
5167,1778,5
5168,1779,13
5169,1779,21
5170,1780,5
5171,1780,21
5172,1780,13
5173,1781,5
5174,1781,6
5175,1782,13
5176,1782,5
5177,1782,14
5178,1783,8
5179,1783,18
5180,1783,21
5181,1783,13
5182,1784,8
5183,1784,6
5184,1784,21
5185,1784,16
5186,1785,5
5187,1785,17
5188,1785,21
5189,1786,17
5190,1786,10
5191,1786,5
5192,1786,8
5193,1787,2
5194,1787,1
5195,1787,5
5196,1788,1
5197,1788,5
5198,1788,2
5199,1789,5
5200,1789,6
5201,1790,5
5202,1790,17
5203,1791,20
5204,1791,8
5205,1792,6
5206,1792,8
5207,1792,21
5208,1793,8
5209,1793,22
5210,1794,5
5211,1794,23
5212,1795,6
5213,1795,21
5214,1795,8
5215,1796,8
5216,1796,17
5217,1797,17
5218,1797,14
5219,1797,5
5220,1797,8
5221,1798,2
5222,1798,5
5223,1798,13
5224,1798,21
5225,1798,6
5226,1798,1
5227,1799,17
5228,1799,5
5229,1800,5
5230,1801,5
5231,1801,6
5232,1801,1
5233,1801,21
5234,1802,21
5235,1802,13
5236,1802,8
5237,1803,8
5238,1803,1
5239,1803,6
5240,1803,21
5241,1804,10
5242,1804,17
5243,1804,5
5244,1804,8
5245,1805,4
5246,1805,5
5247,1805,17
5248,1806,4
5249,1806,14
5250,1806,8
5251,1807,18
5252,1807,3
5253,1808,17
5254,1808,18
5255,1808,8
5256,1808,5
5257,1809,17
5258,1809,8
5259,1810,18
5260,1810,9
5261,1810,5
5262,1811,21
5263,1811,6
5264,1811,5
5265,1812,4
5266,1812,8
5267,1812,9
5268,1813,5
5269,1814,17
5270,1814,8
5271,1814,5
5272,1815,6
5273,1815,21
5274,1815,16
5275,1815,8
5276,1816,8
5277,1816,6
5278,1816,5
5279,1816,16
5280,1816,21
5281,1817,21
5282,1817,13
5283,1817,10
5284,1818,10
5285,1818,13
5286,1819,13
5287,1819,21
5288,1820,13
5289,1820,21
5290,1821,13
5291,1821,21
5292,1822,5
5293,1823,13
5294,1823,16
5295,1823,6
5296,1824,1
5297,1824,8
5298,1824,21
5299,1825,8
5300,1825,1
5301,1825,21
5302,1826,8
5303,1826,1
5304,1826,21
5305,1827,1
5306,1827,21
5307,1827,6
5308,1827,8
5309,1828,21
5310,1828,8
5311,1828,1
5312,1829,21
5313,1829,13
5314,1829,18
5315,1830,1
5316,1830,18
5317,1830,21
5318,1830,8
5319,1831,18
5320,1831,23
5321,1831,21
5322,1831,1
5323,1832,18
5324,1832,2
5325,1832,1
5326,1833,2
5327,1833,18
5328,1834,2
5329,1834,18
5330,1834,1
5331,1835,18
5332,1835,1
5333,1836,1
5334,1836,18
5335,1837,18
5336,1837,1
5337,1838,8
5338,1838,1
5339,1839,8
5340,1839,1
5341,1839,21
5342,1840,1
5343,1840,21
5344,1840,8
5345,1841,2
5346,1841,1
5347,1842,6
5348,1842,5
5349,1843,16
5350,1843,1
5351,1843,21
5352,1843,6
5353,1843,8
5354,1844,17
5355,1844,8
5356,1845,5
5357,1845,1
5358,1845,6
5359,1846,8
5360,1847,13
5361,1847,21
5362,1847,18
5363,1848,1
5364,1848,2
5365,1848,18
5366,1849,13
5367,1850,13
5368,1850,8
5369,1850,21
5370,1851,13
5371,1851,10
5372,1851,17
5373,1851,5
5374,1852,13
5375,1852,18
5376,1853,16
5377,1853,13
5378,1853,8
5379,1853,18
5380,1854,9
5381,1854,18
5382,1854,5
5383,1854,6
5384,1855,6
5385,1855,8
5386,1855,21
5387,1856,17
5388,1856,5
5389,1857,10
5390,1857,3
5391,1857,9
5392,1857,15
5393,1858,2
5394,1858,13
5395,1858,23
5396,1859,8
5397,1859,16
5398,1859,6
5399,1859,21
5400,1860,8
5401,1860,14
5402,1861,17
5403,1861,8
5404,1861,4
5405,1862,15
5406,1862,8
5407,1862,17
5408,1862,4
5409,1863,3
5410,1863,8
5411,1863,2
5412,1863,18
5413,1863,10
5414,1863,9
5415,1863,5
5416,1864,5
5417,1864,8
5418,1865,6
5419,1865,21
5420,1865,1
5421,1866,17
5422,1866,5
5423,1867,17
5424,1867,8
5425,1868,1
5426,1868,18
5427,1869,8
5428,1869,5
5429,1869,17
5430,1870,8
5431,1870,15
5432,1871,5
5433,1872,16
5434,1872,21
5435,1872,6
5436,1873,5
5437,1873,6
5438,1874,17
5439,1874,5
5440,1874,8
5441,1875,5
5442,1875,1
5443,1876,5
5444,1876,8
5445,1877,17
5446,1877,16
5447,1877,8
5448,1878,21
5449,1878,16
5450,1878,5
5451,1878,6
5452,1879,6
5453,1879,8
5454,1879,5
5455,1880,8
5456,1880,17
5457,1880,5
5458,1881,17
5459,1881,8
5460,1881,2
5461,1882,18
5462,1882,8
5463,1882,16
5464,1882,21
5465,1883,8
5466,1883,5
5467,1883,14
5468,1883,17
5469,1884,17
5470,1884,5
5471,1885,5
5472,1885,8
5473,1885,17
5474,1886,5
5475,1886,8
5476,1886,17
5477,1887,13
5478,1887,18
5479,1887,21
5480,1888,1
5481,1888,21
5482,1888,17
5483,1888,6
5484,1889,21
5485,1889,10
5486,1889,5
5487,1889,13
5488,1890,8
5489,1890,17
5490,1890,5
5491,1891,8
5492,1892,11
5493,1892,8
5494,1892,16
5495,1892,6
5496,1892,17
5497,1893,18
5498,1893,13
5499,1893,5
5500,1894,2
5501,1894,5
5502,1894,1
5503,1894,18
5504,1895,5
5505,1895,1
5506,1895,21
5507,1895,6
5508,1895,14
5509,1895,17
5510,1896,10
5511,1896,1
5512,1896,2
5513,1897,5
5514,1897,8
5515,1898,8
5516,1898,17
5517,1899,5
5518,1899,17
5519,1899,10
5520,1900,10
5521,1900,8
5522,1901,1
5523,1901,5
5524,1901,21
5525,1901,18
5526,1901,2
5527,1901,6
5528,1902,8
5529,1902,5
5530,1902,17
5531,1903,18
5532,1903,10
5533,1903,1
5534,1903,2
5535,1904,17
5536,1904,5
5537,1904,8
5538,1905,8
5539,1905,17
5540,1906,13
5541,1906,10
5542,1907,13
5543,1907,2
5544,1908,21
5545,1908,13
5546,1908,17
5547,1908,10
5548,1908,1
5549,1909,13
5550,1909,10
5551,1910,2
5552,1910,10
5553,1910,13
5554,1911,10
5555,1911,16
5556,1911,21
5557,1911,13
5558,1911,8
5559,1912,4
5560,1912,8
5561,1913,1
5562,1913,2
5563,1913,18
5564,1913,8
5565,1914,2
5566,1914,1
5567,1914,18
5568,1915,2
5569,1915,1
5570,1915,5
5571,1915,18
5572,1916,2
5573,1916,18
5574,1916,1
5575,1917,13
5576,1917,10
5577,1917,8
5578,1918,10
5579,1918,18
5580,1918,13
5581,1919,21
5582,1919,13
5583,1919,18
5584,1919,8
5585,1920,8
5586,1920,18
5587,1920,13
5588,1921,8
5589,1921,18
5590,1921,13
5591,1922,10
5592,1922,13
5593,1922,18
5594,1923,21
5595,1923,18
5596,1923,13
5597,1924,10
5598,1924,8
5599,1924,17
5600,1924,13
5601,1925,16
5602,1925,13
5603,1925,17
5604,1926,21
5605,1926,13
5606,1927,18
5607,1927,13
5608,1928,5
5609,1928,15
5610,1928,13
5611,1929,18
5612,1929,13
5613,1930,18
5614,1930,13
5615,1931,18
5616,1931,1
5617,1931,21
5618,1932,8
5619,1932,13
5620,1932,18
5621,1933,13
5622,1933,18
5623,1934,8
5624,1934,1
5625,1934,22
5626,1935,1
5627,1935,22
5628,1935,8
5629,1936,17
5630,1936,5
5631,1936,8
5632,1937,21
5633,1937,16
5634,1937,18
5635,1938,8
5636,1938,21
5637,1939,7
5638,1939,14
5639,1940,8
5640,1941,5
5641,1941,2
5642,1941,6
5643,1941,1
5644,1942,8
5645,1942,16
5646,1942,14
5647,1942,17
5648,1943,8
5649,1943,9
5650,1943,2
5651,1943,3
5652,1944,8
5653,1944,21
5654,1944,16
5655,1944,6
5656,1945,17
5657,1945,5
5658,1946,17
5659,1946,8
5660,1946,14
5661,1947,8
5662,1947,6
5663,1947,21
5664,1948,5
5665,1948,8
5666,1949,5
5667,1950,17
5668,1950,5
5669,1950,8
5670,1951,13
5671,1951,5
5672,1951,21
5673,1952,5
5674,1952,3
5675,1952,10
5676,1952,15
5677,1953,23
5678,1953,1
5679,1953,5
5680,1953,18
5681,1954,17
5682,1954,21
5683,1954,6
5684,1954,8
5685,1955,17
5686,1955,8
5687,1956,5
5688,1957,8
5689,1957,21
5690,1957,6
5691,1957,16
5692,1957,1
5693,1958,8
5694,1958,17
5695,1958,5
5696,1959,5
5697,1959,18
5698,1959,10
5699,1959,2
5700,1959,9
5701,1960,13
5702,1960,16
5703,1961,16
5704,1961,21
5705,1961,8
5706,1962,13
5707,1962,1
5708,1962,5
5709,1963,8
5710,1963,17
5711,1963,5
5712,1964,8
5713,1964,5
5714,1964,17
5715,1965,5
5716,1965,10
5717,1965,1
5718,1965,18
5719,1966,10
5720,1966,18
5721,1966,1
5722,1966,5
5723,1967,21
5724,1967,17
5725,1967,5
5726,1968,16
5727,1968,21
5728,1968,10
5729,1968,13
5730,1969,6
5731,1969,18
5732,1969,5
5733,1969,9
5734,1969,1
5735,1969,2
5736,1970,14
5737,1970,5
5738,1970,17
5739,1971,2
5740,1971,18
5741,1971,21
5742,1971,1
5743,1972,1
5744,1972,5
5745,1972,10
5746,1972,18
5747,1973,5
5748,1973,17
5749,1974,8
5750,1975,11
5751,1975,21
5752,1975,6
5753,1975,8
5754,1976,11
5755,1976,6
5756,1976,8
5757,1976,21
5758,1977,8
5759,1977,2
5760,1977,22
5761,1977,4
5762,1977,12
5763,1978,8
5764,1978,6
5765,1978,17
5766,1979,2
5767,1979,22
5768,1979,8
5769,1979,12
5770,1980,8
5771,1980,6
5772,1981,8
5773,1981,17
5774,1982,17
5775,1982,2
5776,1982,5
5777,1983,21
5778,1983,2
5779,1983,8
5780,1984,1
5781,1984,16
5782,1984,10
5783,1984,5
5784,1984,2
5785,1985,5
5786,1986,5
5787,1986,8
5788,1987,8
5789,1988,17
5790,1988,6
5791,1988,8
5792,1988,21
5793,1989,8
5794,1989,2
5795,1989,12
5796,1990,18
5797,1990,5
5798,1990,17
5799,1990,15
5800,1990,13
5801,1991,13
5802,1991,5
5803,1992,5
5804,1992,2
5805,1992,1
5806,1993,17
5807,1993,16
5808,1993,21
5809,1993,6
5810,1994,5
5811,1995,16
5812,1995,5
5813,1995,8
5814,1995,6
5815,1996,5
5816,1997,16
5817,1997,21
5818,1997,6
5819,1998,13
5820,1998,5
5821,1999,14
5822,1999,8
5823,2000,8
5824,2000,4
5825,2000,17
5826,2001,8
5827,2002,5
5828,2003,9
5829,2003,8
5830,2003,1
5831,2003,5
5832,2003,2
5833,2003,18
5834,2003,3
5835,2004,16
5836,2004,21
5837,2004,8
5838,2005,6
5839,2005,21
5840,2005,17
5841,2006,6
5842,2006,8
5843,2006,17
5844,2006,21
5845,2007,5
5846,2007,8
5847,2008,8
5848,2008,17
5849,2009,8
5850,2009,21
5851,2009,6
5852,2009,17
5853,2010,5
5854,2011,16
5855,2011,8
5856,2011,21
5857,2012,5
5858,2012,14
5859,2013,5
5860,2013,8
5861,2013,17
5862,2014,17
5863,2014,8
5864,2015,5
5865,2015,10
5866,2015,17
5867,2015,20
5868,2016,5
5869,2016,13
5870,2016,10
5871,2017,13
5872,2018,16
5873,2018,13
5874,2018,8
5875,2019,13
5876,2019,8
5877,2019,21
5878,2020,13
5879,2021,5
5880,2022,13
5881,2022,21
5882,2022,5
5883,2023,5
5884,2024,13
5885,2025,13
5886,2026,5
5887,2027,18
5888,2027,5
5889,2028,21
5890,2028,5
5891,2028,10
5892,2028,13
5893,2029,2
5894,2029,5
5895,2030,2
5896,2030,5
5897,2031,5
5898,2032,17
5899,2032,5
5900,2032,10
5901,2032,8
5902,2033,5
5903,2033,9
5904,2034,9
5905,2034,5
5906,2035,3
5907,2035,2
5908,2035,9
5909,2035,5
5910,2035,10
5911,2036,8
5912,2036,17
5913,2037,21
5914,2037,8
5915,2037,17
5916,2037,6
5917,2038,21
5918,2038,6
5919,2038,16
5920,2038,8
5921,2039,5
5922,2039,9
5923,2040,6
5924,2040,5
5925,2040,17
5926,2041,21
5927,2041,5
5928,2042,1
5929,2042,18
5930,2043,18
5931,2043,1
5932,2044,5
5933,2045,16
5934,2045,3
5935,2045,6
5936,2045,21
5937,2046,8
5938,2046,21
5939,2046,6
5940,2047,1
5941,2047,22
5942,2047,21
5943,2048,1
5944,2048,17
5945,2048,8
5946,2048,22
5947,2049,16
5948,2049,6
5949,2049,21
5950,2050,8
5951,2050,17
5952,2050,2
5953,2051,2
5954,2051,1
5955,2051,12
5956,2052,8
5957,2052,18
5958,2052,21
5959,2053,9
5960,2053,5
5961,2053,17
5962,2054,5
5963,2055,2
5964,2055,5
5965,2055,8
5966,2055,1
5967,2055,21
5968,2056,5
5969,2056,17
5970,2056,8
5971,2057,13
5972,2058,16
5973,2058,13
5974,2058,21
5975,2059,6
5976,2059,17
5977,2059,5
5978,2060,5
5979,2060,8
5980,2061,8
5981,2061,9
5982,2061,2
5983,2062,2
5984,2062,8
5985,2062,17
5986,2063,17
5987,2063,8
5988,2063,12
5989,2064,5
5990,2064,8
5991,2065,16
5992,2065,6
5993,2065,22
5994,2065,8
5995,2066,21
5996,2066,6
5997,2066,8
5998,2066,16
5999,2066,13
6000,2067,13
6001,2067,18
6002,2068,21
6003,2068,13
6004,2068,6
6005,2069,8
6006,2070,14
6007,2070,7
6008,2071,1
6009,2071,6
6010,2071,5
6011,2071,21
6012,2072,8
6013,2072,17
6014,2072,20
6015,2073,12
6016,2073,8
6017,2074,5
6018,2074,15
6019,2075,5
6020,2075,17
6021,2076,8
6022,2076,14
6023,2076,4
6024,2077,13
6025,2077,21
6026,2077,10
6027,2078,21
6028,2078,13
6029,2078,5
6030,2079,5
6031,2079,17
6032,2080,8
6033,2080,21
6034,2080,2
6035,2081,8
6036,2081,17
6037,2081,2
6038,2081,10
6039,2081,1
6040,2082,5
6041,2082,15
6042,2082,17
6043,2082,8
6044,2083,16
6045,2083,8
6046,2083,17
6047,2084,17
6048,2084,3
6049,2084,9
6050,2084,10
6051,2084,15
6052,2085,8
6053,2085,15
6054,2086,13
6055,2086,21
6056,2087,1
6057,2087,21
6058,2087,2
6059,2087,5
6060,2087,6
6061,2088,2
6062,2088,1
6063,2088,5
6064,2089,16
6065,2089,6
6066,2089,8
6067,2089,21
6068,2090,8
6069,2090,22
6070,2091,17
6071,2091,8
6072,2092,9
6073,2092,5
6074,2092,2
6075,2092,10
6076,2092,15
6077,2093,5
6078,2093,17
6079,2093,8
6080,2094,20
6081,2094,8
6082,2094,5
6083,2095,1
6084,2095,8
6085,2095,22
6086,2095,5
6087,2095,2
6088,2096,17
6089,2096,6
6090,2096,5
6091,2097,8
6092,2097,5
6093,2097,1
6094,2097,6
6095,2097,2
6096,2098,17
6097,2098,8
6098,2099,13
6099,2099,16
6100,2099,21
6101,2100,15
6102,2100,5
6103,2100,2
6104,2100,17
6105,2100,10
6106,2100,9
6107,2100,3
6108,2101,21
6109,2101,8
6110,2101,18
6111,2101,13
6112,2102,18
6113,2102,13
6114,2103,21
6115,2103,16
6116,2103,6
6117,2103,13
6118,2104,13
6119,2104,16
6120,2104,21
6121,2105,8
6122,2106,6
6123,2106,8
6124,2106,5
6125,2106,1
6126,2106,21
6127,2107,8
6128,2107,17
6129,2107,16
6130,2108,17
6131,2108,5
6132,2109,17
6133,2109,4
6134,2109,6
6135,2109,8
6136,2110,6
6137,2110,16
6138,2110,21
6139,2110,8
6140,2111,17
6141,2111,8
6142,2111,6
6143,2111,5
6144,2112,1
6145,2112,18
6146,2112,21
6147,2113,8
6148,2113,17
6149,2113,21
6150,2113,6
6151,2114,5
6152,2115,8
6153,2115,17
6154,2115,22
6155,2116,8
6156,2116,17
6157,2117,8
6158,2117,16
6159,2117,23
6160,2118,23
6161,2118,8
6162,2119,5
6163,2119,1
6164,2120,8
6165,2121,5
6166,2121,15
6167,2121,17
6168,2121,14
6169,2121,9
6170,2121,8
6171,2122,8
6172,2122,17
6173,2123,8
6174,2123,22
6175,2123,17
6176,2124,4
6177,2124,12
6178,2124,17
6179,2124,8
6180,2125,17
6181,2125,8
6182,2126,5
6183,2126,17
6184,2127,2
6185,2127,17
6186,2127,5
6187,2127,8
6188,2128,17
6189,2128,5
6190,2129,21
6191,2129,11
6192,2130,21
6193,2130,8
6194,2130,11
6195,2130,17
6196,2131,17
6197,2131,22
6198,2131,15
6199,2132,17
6200,2132,8
6201,2132,14
6202,2133,8
6203,2133,17
6204,2133,22
6205,2134,1
6206,2134,22
6207,2134,2
6208,2135,21
6209,2135,16
6210,2135,8
6211,2136,15
6212,2136,2
6213,2136,5
6214,2137,21
6215,2137,2
6216,2137,1
6217,2138,1
6218,2138,2
6219,2138,21
6220,2139,1
6221,2139,21
6222,2139,2
6223,2140,2
6224,2140,8
6225,2140,17
6226,2141,1
6227,2141,23
6228,2141,8
6229,2142,6
6230,2142,8
6231,2143,2
6232,2143,5
6233,2143,6
6234,2143,9
6235,2144,17
6236,2144,21
6237,2144,8
6238,2144,6
6239,2145,8
6240,2146,5
6241,2146,17
6242,2146,8
6243,2147,5
6244,2147,20
6245,2147,8
6246,2147,17
6247,2148,5
6248,2148,8
6249,2149,4
6250,2149,8
6251,2150,21
6252,2150,8
6253,2150,13
6254,2151,2
6255,2151,18
6256,2151,5
6257,2151,10
6258,2152,8
6259,2152,17
6260,2153,2
6261,2153,8
6262,2154,15
6263,2154,14
6264,2154,8
6265,2155,12
6266,2155,22
6267,2155,8
6268,2155,17
6269,2156,5
6270,2156,8
6271,2157,21
6272,2157,18
6273,2157,13
6274,2158,21
6275,2158,8
6276,2159,5
6277,2159,8
6278,2159,6
6279,2160,17
6280,2160,5
6281,2161,8
6282,2162,13
6283,2162,16
6284,2162,10
6285,2162,8
6286,2162,21
6287,2163,21
6288,2164,6
6289,2164,1
6290,2164,21
6291,2164,18
6292,2165,1
6293,2165,6
6294,2165,18
6295,2165,21
6296,2166,6
6297,2166,16
6298,2166,3
6299,2166,10
6300,2166,9
6301,2166,2
6302,2166,5
6303,2167,8
6304,2167,5
6305,2168,1
6306,2168,2
6307,2168,21
6308,2169,2
6309,2169,1
6310,2169,21
6311,2170,2
6312,2170,1
6313,2170,21
6314,2171,13
6315,2171,21
6316,2171,16
6317,2171,10
6318,2172,1
6319,2172,2
6320,2172,21
6321,2173,13
6322,2173,21
6323,2173,16
6324,2173,6
6325,2173,10
6326,2174,14
6327,2174,8
6328,2175,5
6329,2175,10
6330,2175,8
6331,2176,1
6332,2176,2
6333,2176,10
6334,2176,3
6335,2177,8
6336,2177,5
6337,2178,5
6338,2178,8
6339,2178,22
6340,2179,16
6341,2179,8
6342,2179,21
6343,2179,6
6344,2180,4
6345,2180,8
6346,2180,21
6347,2181,5
6348,2181,17
6349,2181,8
6350,2182,8
6351,2183,8
6352,2184,5
6353,2184,13
6354,2184,18
6355,2184,21
6356,2185,8
6357,2185,16
6358,2185,21
6359,2185,13
6360,2186,5
6361,2186,10
6362,2186,13
6363,2187,13
6364,2187,10
6365,2188,18
6366,2188,5
6367,2188,13
6368,2189,8
6369,2189,6
6370,2190,6
6371,2190,1
6372,2190,8
6373,2190,21
6374,2191,13
6375,2192,22
6376,2192,2
6377,2192,1
6378,2192,8
6379,2192,5
6380,2193,13
6381,2193,21
6382,2193,18
6383,2193,5
6384,2194,17
6385,2194,23
6386,2195,8
6387,2195,5
6388,2195,17
6389,2196,21
6390,2196,6
6391,2196,1
6392,2197,1
6393,2197,8
6394,2197,21
6395,2198,10
6396,2198,13
6397,2198,5
6398,2199,8
6399,2199,18
6400,2199,21
6401,2199,1
6402,2200,2
6403,2200,18
6404,2200,5
6405,2201,2
6406,2201,15
6407,2201,17
6408,2201,5
6409,2201,3
6410,2201,9
6411,2202,8
6412,2202,22
6413,2202,5
6414,2203,8
6415,2203,12
6416,2203,2
6417,2204,8
6418,2204,2
6419,2204,5
6420,2204,23
6421,2205,14
6422,2205,8
6423,2206,5
6424,2207,5
6425,2208,5
6426,2208,17
6427,2208,10
6428,2209,5
6429,2210,8
6430,2210,6
6431,2210,16
6432,2210,21
6433,2211,17
6434,2211,5
6435,2211,8
6436,2212,5
6437,2212,17
6438,2212,8
6439,2213,5
6440,2213,8
6441,2214,2
6442,2214,5
6443,2214,8
6444,2214,10
6445,2215,2
6446,2215,8
6447,2215,4
6448,2215,22
6449,2215,12
6450,2216,9
6451,2216,1
6452,2216,20
6453,2216,3
6454,2216,2
6455,2216,18
6456,2216,10
6457,2217,21
6458,2217,8
6459,2218,5
6460,2218,16
6461,2218,21
6462,2219,14
6463,2219,8
6464,2219,5
6465,2220,8
6466,2220,15
6467,2220,14
6468,2220,5
6469,2220,17
6470,2221,8
6471,2221,12
6472,2221,1
6473,2221,22
6474,2222,21
6475,2222,8
6476,2223,21
6477,2223,8
6478,2224,1
6479,2224,12
6480,2224,22
6481,2224,8
6482,2225,5
6483,2225,8
6484,2226,8
6485,2227,18
6486,2227,2
6487,2227,5
6488,2228,8
6489,2228,4
6490,2229,8
6491,2229,17
6492,2229,5
6493,2230,2
6494,2230,23
6495,2230,8
6496,2231,8
6497,2231,21
6498,2231,13
6499,2232,5
6500,2232,17
6501,2233,17
6502,2233,8
6503,2233,5
6504,2233,14
6505,2234,8
6506,2234,5
6507,2234,17
6508,2235,10
6509,2235,16
6510,2235,13
6511,2236,1
6512,2236,2
6513,2236,21
6514,2236,6
6515,2237,8
6516,2238,15
6517,2238,5
6518,2238,10
6519,2238,9
6520,2239,17
6521,2239,10
6522,2239,5
6523,2239,8
6524,2240,8
6525,2240,10
6526,2240,5
6527,2241,8
6528,2242,12
6529,2242,8
6530,2243,12
6531,2243,8
6532,2243,22
6533,2244,8
6534,2244,23
6535,2245,17
6536,2245,8
6537,2246,8
6538,2246,12
6539,2247,8
6540,2247,17
6541,2247,5
6542,2248,20
6543,2248,8
6544,2249,8
6545,2249,5
6546,2250,8
6547,2251,21
6548,2251,8
6549,2252,21
6550,2252,16
6551,2252,8
6552,2253,17
6553,2253,8
6554,2254,5
6555,2254,21
6556,2254,6
6557,2254,1
6558,2255,4
6559,2255,8
6560,2256,22
6561,2256,17
6562,2256,8
6563,2257,21
6564,2257,16
6565,2257,1
6566,2257,6
6567,2257,8
6568,2258,5
6569,2258,10
6570,2258,8
6571,2259,8
6572,2260,8
6573,2261,8
6574,2262,8
6575,2263,13
6576,2263,10
6577,2263,21
6578,2263,1
6579,2264,9
6580,2264,3
6581,2264,10
6582,2264,5
6583,2264,2
6584,2265,8
6585,2265,6
6586,2265,5
6587,2266,8
6588,2267,17
6589,2267,23
6590,2267,8
6591,2267,22
6592,2268,8
6593,2268,5
6594,2269,6
6595,2269,21
6596,2269,11
6597,2269,8
6598,2270,22
6599,2270,23
6600,2270,12
6601,2270,8
6602,2270,4
6603,2270,2
6604,2270,17
6605,2271,17
6606,2271,8
6607,2272,5
6608,2272,8
6609,2273,8
6610,2274,5
6611,2274,8
6612,2274,14
6613,2275,5
6614,2275,8
6615,2275,17
6616,2276,5
6617,2276,23
6618,2277,8
6619,2277,22
6620,2278,8
6621,2279,6
6622,2279,8
6623,2279,17
6624,2279,16
6625,2280,5
6626,2280,17
6627,2281,8
6628,2282,17
6629,2282,5
6630,2283,10
6631,2283,6
6632,2283,8
6633,2283,16
6634,2284,17
6635,2284,8
6636,2285,21
6637,2285,8
6638,2286,17
6639,2286,8
6640,2287,2
6641,2287,1
6642,2287,9
6643,2287,10
6644,2288,12
6645,2288,8
6646,2288,17
6647,2289,8
6648,2289,18
6649,2289,5
6650,2290,2
6651,2290,10
6652,2290,5
6653,2290,9
6654,2291,9
6655,2291,10
6656,2291,3
6657,2291,15
6658,2291,14
6659,2292,8
6660,2293,15
6661,2293,12
6662,2293,5
6663,2293,14
6664,2293,4
6665,2293,8
6666,2294,21
6667,2294,1
6668,2294,6
6669,2294,8
6670,2295,5
6671,2295,2
6672,2295,17
6673,2296,8
6674,2297,8
6675,2297,2
6676,2298,4
6677,2298,8
6678,2298,6
6679,2298,21
6680,2299,8
6681,2299,17
6682,2300,20
6683,2300,8
6684,2301,4
6685,2301,8
6686,2301,5
6687,2302,5
6688,2302,2
6689,2302,18
6690,2303,8
6691,2303,21
6692,2303,6
6693,2304,5
6694,2305,8
6695,2305,20
6696,2305,4
6697,2306,8
6698,2306,4
6699,2307,20
6700,2307,8
6701,2307,5
6702,2308,21
6703,2308,8
6704,2308,12
6705,2309,8
6706,2310,8
6707,2310,17
6708,2310,16
6709,2310,21
6710,2311,8
6711,2311,4
6712,2312,8
6713,2312,9
6714,2312,5
6715,2313,21
6716,2313,13
6717,2313,18
6718,2314,8
6719,2315,8
6720,2315,17
6721,2316,22
6722,2316,5
6723,2316,8
6724,2317,1
6725,2317,16
6726,2317,21
6727,2317,6
6728,2318,8
6729,2318,4
6730,2318,6
6731,2319,8
6732,2319,17
6733,2319,15
6734,2320,5
6735,2320,8
6736,2321,8
6737,2322,5
6738,2322,8
6739,2323,13
6740,2323,21
6741,2324,21
6742,2324,18
6743,2324,8
6744,2324,16
6745,2325,13
6746,2326,17
6747,2326,6
6748,2326,1
6749,2326,2
6750,2326,21
6751,2326,8
6752,2327,8
6753,2327,2
6754,2327,17
6755,2327,22
6756,2328,1
6757,2328,6
6758,2328,5
6759,2329,5
6760,2329,8
6761,2330,8
6762,2330,4
6763,2331,16
6764,2331,1
6765,2331,6
6766,2331,8
6767,2331,17
6768,2331,3
6769,2331,21
6770,2332,20
6771,2332,8
6772,2333,13
6773,2333,8
6774,2334,8
6775,2334,17
6776,2335,21
6777,2336,8
6778,2336,5
6779,2336,16
6780,2337,8
6781,2337,5
6782,2338,8
6783,2338,5
6784,2338,17
6785,2339,4
6786,2339,5
6787,2340,21
6788,2340,16
6789,2340,8
6790,2341,5
6791,2341,4
6792,2341,8
6793,2341,17
6794,2342,5
6795,2343,5
6796,2344,17
6797,2344,8
6798,2344,5
6799,2345,4
6800,2345,8
6801,2345,12
6802,2346,5
6803,2346,9
6804,2346,14
6805,2347,5
6806,2347,14
6807,2347,9
6808,2348,8
6809,2348,21
6810,2349,8
6811,2349,21
6812,2349,4
6813,2350,16
6814,2350,8
6815,2351,8
6816,2352,5
6817,2352,14
6818,2353,14
6819,2353,5
6820,2354,8
6821,2354,20
6822,2354,5
6823,2355,1
6824,2355,21
6825,2356,1
6826,2356,14
6827,2356,21
6828,2356,8
6829,2356,17
6830,2357,10
6831,2357,5
6832,2357,13
6833,2358,17
6834,2358,8
6835,2358,23
6836,2358,2
6837,2359,8
6838,2359,17
6839,2360,5
6840,2360,17
6841,2360,8
6842,2361,8
6843,2361,21
6844,2361,13
6845,2361,16
6846,2362,8
6847,2362,20
6848,2362,5
6849,2363,1
6850,2363,10
6851,2363,13
6852,2363,5
6853,2364,1
6854,2364,6
6855,2364,21
6856,2365,8
6857,2365,6
6858,2365,5
6859,2366,1
6860,2366,21
6861,2366,6
6862,2367,5
6863,2367,1
6864,2368,18
6865,2368,17
6866,2368,8
6867,2369,17
6868,2369,5
6869,2369,20
6870,2369,8
6871,2370,23
6872,2370,8
6873,2371,21
6874,2371,8
6875,2371,6
6876,2372,16
6877,2372,13
6878,2373,21
6879,2373,8
6880,2374,1
6881,2374,21
6882,2374,6
6883,2375,5
6884,2375,17
6885,2375,6
6886,2376,5
6887,2376,8
6888,2376,17
6889,2377,17
6890,2377,8
6891,2377,2
6892,2377,21
6893,2378,2
6894,2378,9
6895,2378,5
6896,2379,15
6897,2379,8
6898,2379,5
6899,2379,3
6900,2379,9
6901,2379,2
6902,2380,8
6903,2381,11
6904,2381,6
6905,2381,8
6906,2381,21
6907,2382,13
6908,2382,21
6909,2383,8
6910,2384,21
6911,2384,6
6912,2384,8
6913,2385,21
6914,2385,13
6915,2385,1
6916,2385,18
6917,2386,5
6918,2386,6
6919,2387,5
6920,2387,8
6921,2387,22
6922,2388,6
6923,2388,8
6924,2389,17
6925,2389,5
6926,2390,8
6927,2390,17
6928,2390,5
6929,2391,8
6930,2391,5
6931,2391,17
6932,2392,5
6933,2392,8
6934,2392,9
6935,2393,17
6936,2393,1
6937,2393,23
6938,2394,21
6939,2394,1
6940,2394,8
6941,2394,2
6942,2394,6
6943,2395,5
6944,2395,8
6945,2396,8
6946,2396,21
6947,2397,6
6948,2397,5
6949,2397,16
6950,2398,17
6951,2398,8
6952,2398,5
6953,2399,18
6954,2399,5
6955,2400,20
6956,2400,4
6957,2400,7
6958,2401,6
6959,2401,21
6960,2401,8
6961,2401,1
6962,2402,17
6963,2402,8
6964,2403,5
6965,2404,6
6966,2404,8
6967,2404,21
6968,2404,1
6969,2404,11
6970,2405,8
6971,2405,22
6972,2406,13
6973,2406,18
6974,2407,8
6975,2407,17
6976,2407,5
6977,2408,8
6978,2408,22
6979,2409,5
6980,2409,17
6981,2409,8
6982,2410,13
6983,2411,8
6984,2411,2
6985,2412,5
6986,2412,14
6987,2412,4
6988,2412,8
6989,2413,8
6990,2414,13
6991,2415,21
6992,2415,18
6993,2415,2
6994,2416,21
6995,2416,16
6996,2417,10
6997,2417,5
6998,2417,8
6999,2418,20
7000,2418,8
7001,2418,5
7002,2419,20
7003,2419,8
7004,2420,5
7005,2420,17
7006,2420,20
7007,2421,6
7008,2421,4
7009,2421,8
7010,2421,21
7011,2422,8
7012,2422,5
7013,2423,6
7014,2423,21
7015,2423,11
7016,2423,8
7017,2424,23
7018,2424,8
7019,2424,2
7020,2425,23
7021,2425,17
7022,2425,1
7023,2426,8
7024,2426,6
7025,2426,21
7026,2427,14
7027,2427,8
7028,2427,4
7029,2428,22
7030,2428,21
7031,2428,11
7032,2428,8
7033,2429,8
7034,2429,17
7035,2429,18
7036,2430,1
7037,2430,6
7038,2430,21
7039,2431,5
7040,2431,2
7041,2432,8
7042,2432,12
7043,2432,21
7044,2433,16
7045,2433,5
7046,2434,9
7047,2434,10
7048,2434,5
7049,2435,5
7050,2435,8
7051,2435,17
7052,2435,6
7053,2435,2
7054,2436,5
7055,2436,14
7056,2436,17
7057,2437,5
7058,2438,10
7059,2438,17
7060,2438,5
7061,2439,5
7062,2439,17
7063,2440,5
7064,2440,17
7065,2440,16
7066,2441,5
7067,2441,15
7068,2441,9
7069,2441,2
7070,2442,15
7071,2442,9
7072,2442,5
7073,2442,16
7074,2442,2
7075,2442,6
7076,2443,15
7077,2443,9
7078,2443,5
7079,2443,8
7080,2443,2
7081,2443,17
7082,2444,15
7083,2444,2
7084,2444,5
7085,2444,9
7086,2445,5
7087,2445,3
7088,2445,10
7089,2445,2
7090,2445,9
7091,2446,18
7092,2446,2
7093,2446,9
7094,2447,17
7095,2447,12
7096,2447,8
7097,2448,8
7098,2448,4
7099,2448,12
7100,2449,22
7101,2449,2
7102,2449,1
7103,2449,12
7104,2449,8
7105,2450,4
7106,2450,8
7107,2451,13
7108,2451,21
7109,2452,2
7110,2452,9
7111,2452,8
7112,2453,8
7113,2453,4
7114,2453,22
7115,2453,17
7116,2454,4
7117,2454,8
7118,2455,8
7119,2455,1
7120,2455,5
7121,2455,2
7122,2456,8
7123,2456,6
7124,2456,2
7125,2457,21
7126,2457,6
7127,2457,8
7128,2458,5
7129,2459,17
7130,2459,5
7131,2460,8
7132,2460,15
7133,2460,5
7134,2461,5
7135,2461,8
7136,2462,14
7137,2462,8
7138,2462,17
7139,2463,8
7140,2463,17
7141,2464,1
7142,2464,21
7143,2464,5
7144,2464,6
7145,2464,23
7146,2465,20
7147,2465,8
7148,2466,21
7149,2466,8
7150,2466,6
7151,2466,1
7152,2467,1
7153,2467,6
7154,2467,8
7155,2467,21
7156,2468,6
7157,2468,1
7158,2468,8
7159,2468,21
7160,2469,1
7161,2469,8
7162,2469,6
7163,2469,21
7164,2470,6
7165,2470,21
7166,2470,8
7167,2470,16
7168,2470,11
7169,2471,8
7170,2471,17
7171,2472,8
7172,2472,17
7173,2472,5
7174,2472,14
7175,2473,18
7176,2473,9
7177,2473,2
7178,2473,5
7179,2473,1
7180,2474,1
7181,2474,18
7182,2474,5
7183,2474,9
7184,2474,2
7185,2475,18
7186,2475,2
7187,2475,9
7188,2475,10
7189,2475,5
7190,2475,1
7191,2476,8
7192,2476,1
7193,2477,1
7194,2477,8
7195,2477,6
7196,2478,4
7197,2478,8
7198,2478,20
7199,2478,1
7200,2479,16
7201,2479,21
7202,2480,17
7203,2480,8
7204,2481,8
7205,2481,4
7206,2481,5
7207,2481,22
7208,2482,17
7209,2482,8
7210,2483,17
7211,2483,5
7212,2483,8
7213,2484,8
7214,2484,5
7215,2485,1
7216,2485,21
7217,2485,6
7218,2486,17
7219,2486,8
7220,2487,17
7221,2487,5
7222,2487,8
7223,2488,8
7224,2488,9
7225,2489,17
7226,2489,21
7227,2489,8
7228,2489,16
7229,2490,13
7230,2490,10
7231,2490,8
7232,2490,16
7233,2491,21
7234,2491,8
7235,2491,2
7236,2492,9
7237,2492,5
7238,2492,17
7239,2492,8
7240,2493,8
7241,2493,5
7242,2494,8
7243,2494,17
7244,2494,10
7245,2494,5
7246,2495,8
7247,2495,23
7248,2496,20
7249,2496,8
7250,2497,8
7251,2497,12
7252,2497,4
7253,2498,4
7254,2498,8
7255,2498,2
7256,2499,8
7257,2499,18
7258,2500,17
7259,2500,8
7260,2501,13
7261,2501,8
7262,2501,16
7263,2502,14
7264,2502,17
7265,2502,5
7266,2502,8
7267,2503,4
7268,2503,14
7269,2503,8
7270,2504,5
7271,2504,8
7272,2504,2
7273,2504,10
7274,2505,8
7275,2505,5
7276,2505,17
7277,2506,17
7278,2506,8
7279,2506,5
7280,2506,14
7281,2507,5
7282,2507,3
7283,2507,2
7284,2507,9
7285,2507,17
7286,2507,15
7287,2508,6
7288,2508,1
7289,2508,21
7290,2508,8
7291,2509,17
7292,2509,23
7293,2509,8
7294,2510,9
7295,2510,5
7296,2510,10
7297,2510,2
7298,2511,18
7299,2511,13
7300,2511,2
7301,2511,21
7302,2512,5
7303,2513,8
7304,2513,2
7305,2513,23
7306,2514,8
7307,2514,2
7308,2514,5
7309,2515,14
7310,2515,8
7311,2516,6
7312,2516,21
7313,2516,4
7314,2516,8
7315,2517,8
7316,2517,21
7317,2518,5
7318,2518,8
7319,2519,17
7320,2519,5
7321,2519,8
7322,2520,8
7323,2521,8
7324,2521,16
7325,2521,18
7326,2522,8
7327,2523,8
7328,2523,5
7329,2523,20
7330,2524,5
7331,2525,23
7332,2526,8
7333,2526,6
7334,2526,14
7335,2527,8
7336,2527,16
7337,2527,6
7338,2527,21
7339,2527,18
7340,2528,20
7341,2528,5
7342,2529,5
7343,2529,17
7344,2529,8
7345,2530,21
7346,2530,8
7347,2530,22
7348,2531,5
7349,2531,10
7350,2531,17
7351,2532,8
7352,2532,21
7353,2533,8
7354,2533,22
7355,2533,1
7356,2534,15
7357,2534,5
7358,2535,6
7359,2535,5
7360,2535,8
7361,2536,5
7362,2536,17
7363,2537,5
7364,2538,5
7365,2538,8
7366,2539,21
7367,2539,1
7368,2539,2
7369,2539,18
7370,2540,8
7371,2540,17
7372,2541,8
7373,2541,17
7374,2541,6
7375,2541,21
7376,2542,8
7377,2542,5
7378,2543,5
7379,2543,8
7380,2543,6
7381,2544,5
7382,2544,17
7383,2544,8
7384,2545,8
7385,2545,5
7386,2546,8
7387,2546,17
7388,2546,16
7389,2546,21
7390,2546,18
7391,2547,8
7392,2547,5
7393,2548,6
7394,2548,5
7395,2548,8
7396,2549,14
7397,2549,8
7398,2549,15
7399,2549,17
7400,2550,13
7401,2550,8
7402,2550,21
7403,2551,4
7404,2551,8
7405,2552,8
7406,2552,17
7407,2552,5
7408,2553,17
7409,2553,15
7410,2553,6
7411,2553,5
7412,2554,8
7413,2554,13
7414,2555,6
7415,2555,21
7416,2556,20
7417,2556,5
7418,2557,8
7419,2557,21
7420,2557,16
7421,2558,20
7422,2558,8
7423,2558,17
7424,2559,22
7425,2559,1
7426,2560,8
7427,2560,17
7428,2561,6
7429,2561,8
7430,2561,16
7431,2561,21
7432,2562,8
7433,2562,14
7434,2562,17
7435,2563,8
7436,2563,13
7437,2563,17
7438,2564,6
7439,2564,16
7440,2564,10
7441,2564,1
7442,2564,21
7443,2565,18
7444,2565,9
7445,2565,5
7446,2565,17
7447,2566,17
7448,2566,8
7449,2566,5
7450,2567,8
7451,2567,5
7452,2568,8
7453,2568,17
7454,2568,5
7455,2569,5
7456,2569,17
7457,2570,8
7458,2570,17
7459,2571,18
7460,2571,13
7461,2572,1
7462,2572,13
7463,2572,18
7464,2573,1
7465,2573,18
7466,2573,13
7467,2574,13
7468,2574,18
7469,2574,21
7470,2575,8
7471,2575,17
7472,2576,8
7473,2576,1
7474,2576,2
7475,2577,4
7476,2577,2
7477,2577,8
7478,2577,17
7479,2578,5
7480,2578,14
7481,2579,21
7482,2579,8
7483,2579,17
7484,2579,1
7485,2580,13
7486,2581,8
7487,2582,5
7488,2582,17
7489,2582,8
7490,2583,8
7491,2583,5
7492,2584,18
7493,2584,2
7494,2584,1
7495,2585,14
7496,2585,8
7497,2585,17
7498,2586,6
7499,2586,5
7500,2587,17
7501,2587,8
7502,2587,21
7503,2588,5
7504,2588,17
7505,2588,14
7506,2588,10
7507,2588,22
7508,2588,15
7509,2589,5
7510,2589,15
7511,2590,5
7512,2590,15
7513,2591,5
7514,2591,4
7515,2591,8
7516,2591,15
7517,2592,6
7518,2592,15
7519,2592,8
7520,2593,17
7521,2593,15
7522,2593,5
7523,2594,9
7524,2594,2
7525,2594,5
7526,2595,2
7527,2595,9
7528,2595,5
7529,2595,3
7530,2595,19
7531,2595,15
7532,2595,10
7533,2596,15
7534,2596,2
7535,2596,17
7536,2596,10
7537,2596,9
7538,2597,6
7539,2597,8
7540,2597,5
7541,2598,5
7542,2598,17
7543,2598,21
7544,2599,9
7545,2599,3
7546,2599,8
7547,2599,10
7548,2599,2
7549,2600,17
7550,2600,5
7551,2601,5
7552,2602,5
7553,2602,6
7554,2603,5
7555,2604,5
7556,2604,17
7557,2604,8
7558,2605,13
7559,2605,8
7560,2606,5
7561,2607,1
7562,2607,21
7563,2607,2
7564,2608,5
7565,2608,1
7566,2608,23
7567,2608,2
7568,2609,16
7569,2609,13
7570,2610,1
7571,2610,22
7572,2610,17
7573,2610,8
7574,2611,8
7575,2611,2
7576,2611,5
7577,2611,23
7578,2612,6
7579,2612,8
7580,2612,5
7581,2613,21
7582,2613,1
7583,2613,2
7584,2614,21
7585,2614,8
7586,2615,2
7587,2615,21
7588,2615,1
7589,2616,8
7590,2616,17
7591,2617,1
7592,2617,18
7593,2617,21
7594,2617,2
7595,2618,21
7596,2618,2
7597,2618,1
7598,2619,5
7599,2619,8
7600,2620,17
7601,2620,22
7602,2620,8
7603,2621,6
7604,2621,1
7605,2621,5
7606,2622,17
7607,2622,21
7608,2622,8
7609,2622,16
7610,2622,6
7611,2623,20
7612,2623,7
7613,2624,22
7614,2624,8
7615,2624,2
7616,2624,1
7617,2625,6
7618,2625,11
7619,2625,16
7620,2625,21
7621,2626,10
7622,2626,8
7623,2626,16
7624,2626,17
7625,2627,18
7626,2627,21
7627,2627,13
7628,2627,16
7629,2628,13
7630,2628,18
7631,2629,18
7632,2629,13
7633,2629,21
7634,2629,10
7635,2630,21
7636,2630,13
7637,2630,18
7638,2630,10
7639,2631,18
7640,2631,22
7641,2631,21
7642,2631,10
7643,2631,13
7644,2632,18
7645,2632,13
7646,2632,10
7647,2633,10
7648,2633,13
7649,2633,18
7650,2634,17
7651,2634,13
7652,2634,10
7653,2634,18
7654,2635,17
7655,2635,8
7656,2636,2
7657,2636,5
7658,2636,10
7659,2637,5
7660,2637,23
7661,2638,9
7662,2638,2
7663,2639,5
7664,2639,9
7665,2639,8
7666,2639,2
7667,2640,15
7668,2640,17
7669,2640,5
7670,2641,13
7671,2641,10
7672,2641,21
7673,2642,7
7674,2643,8
7675,2643,6
7676,2643,17
7677,2644,23
7678,2645,6
7679,2645,16
7680,2645,1
7681,2645,21
7682,2646,8
7683,2646,6
7684,2646,21
7685,2647,14
7686,2647,8
7687,2647,17
7688,2647,5
7689,2648,8
7690,2648,17
7691,2648,6
7692,2648,5
7693,2649,13
7694,2649,18
7695,2649,21
7696,2649,8
7697,2650,5
7698,2651,5
7699,2652,5
7700,2653,17
7701,2653,5
7702,2654,13
7703,2654,5
7704,2654,21
7705,2654,18
7706,2655,1
7707,2655,5
7708,2655,18
7709,2655,13
7710,2656,5
7711,2656,18
7712,2656,1
7713,2656,13
7714,2657,5
7715,2657,10
7716,2657,18
7717,2657,1
7718,2657,13
7719,2658,13
7720,2658,5
7721,2658,18
7722,2659,13
7723,2659,1
7724,2659,18
7725,2660,18
7726,2660,21
7727,2660,1
7728,2661,18
7729,2661,17
7730,2662,18
7731,2662,1
7732,2663,18
7733,2663,21
7734,2663,2
7735,2663,1
7736,2664,1
7737,2664,2
7738,2664,21
7739,2664,18
7740,2665,18
7741,2665,1
7742,2665,2
7743,2666,1
7744,2666,5
7745,2667,16
7746,2667,13
7747,2667,21
7748,2668,17
7749,2668,8
7750,2669,13
7751,2669,1
7752,2669,21
7753,2669,18
7754,2670,10
7755,2670,13
7756,2671,6
7757,2671,1
7758,2671,5
7759,2671,21
7760,2672,5
7761,2672,17
7762,2673,8
7763,2674,8
7764,2674,6
7765,2674,21
7766,2674,5
7767,2674,1
7768,2675,6
7769,2675,21
7770,2675,1
7771,2676,16
7772,2676,17
7773,2676,5
7774,2676,6
7775,2677,8
7776,2678,22
7777,2678,8
7778,2678,17
7779,2679,12
7780,2679,8
7781,2679,3
7782,2679,14
7783,2680,1
7784,2680,6
7785,2680,21
7786,2681,1
7787,2681,17
7788,2681,6
7789,2681,21
7790,2681,8
7791,2681,13
7792,2682,6
7793,2682,8
7794,2682,21
7795,2683,21
7796,2683,6
7797,2683,1
7798,2684,16
7799,2684,8
7800,2684,21
7801,2685,8
7802,2685,21
7803,2685,16
7804,2685,6
7805,2686,21
7806,2686,18
7807,2686,13
7808,2687,8
7809,2687,5
7810,2688,8
7811,2688,6
7812,2689,21
7813,2689,4
7814,2689,6
7815,2689,8
7816,2690,11
7817,2690,8
7818,2691,23
7819,2691,8
7820,2692,8
7821,2692,6
7822,2693,5
7823,2693,2
7824,2693,10
7825,2693,1
7826,2694,6
7827,2694,1
7828,2694,8
7829,2695,21
7830,2695,8
7831,2695,22
7832,2695,12
7833,2696,17
7834,2696,8
7835,2696,5
7836,2697,1
7837,2697,21
7838,2697,6
7839,2698,2
7840,2698,18
7841,2698,9
7842,2698,1
7843,2698,3
7844,2699,22
7845,2699,8
7846,2700,8
7847,2701,9
7848,2701,3
7849,2701,5
7850,2701,8
7851,2701,2
7852,2702,5
7853,2703,8
7854,2703,12
7855,2703,1
7856,2703,22
7857,2704,9
7858,2704,10
7859,2704,2
7860,2704,3
7861,2704,5
7862,2705,1
7863,2705,8
7864,2705,21
7865,2705,2
7866,2706,13
7867,2707,13
7868,2707,8
7869,2707,18
7870,2707,21
7871,2707,4
7872,2708,2
7873,2708,3
7874,2708,15
7875,2708,5
7876,2708,17
7877,2708,10
7878,2708,9
7879,2709,5
7880,2710,6
7881,2710,8
7882,2711,21
7883,2711,1
7884,2712,1
7885,2712,21
7886,2713,21
7887,2713,8
7888,2713,6
7889,2713,17
7890,2714,8
7891,2714,22
7892,2714,1
7893,2714,21
7894,2714,2
7895,2715,22
7896,2715,1
7897,2716,6
7898,2716,8
7899,2716,5
7900,2717,2
7901,2717,1
7902,2717,13
7903,2717,18
7904,2717,21
7905,2718,1
7906,2718,2
7907,2718,10
7908,2719,14
7909,2719,5
7910,2719,17
7911,2720,8
7912,2720,14
7913,2720,17
7914,2720,5
7915,2721,13
7916,2722,18
7917,2723,8
7918,2723,6
7919,2724,10
7920,2724,9
7921,2724,5
7922,2725,5
7923,2726,8
7924,2726,17
7925,2726,5
7926,2727,8
7927,2727,16
7928,2727,21
7929,2728,8
7930,2729,8
7931,2729,14
7932,2730,8
7933,2730,17
7934,2730,14
7935,2731,17
7936,2731,23
7937,2731,8
7938,2732,18
7939,2732,1
7940,2732,2
7941,2733,8
7942,2733,5
7943,2734,8
7944,2734,16
7945,2734,13
7946,2734,21
7947,2735,10
7948,2735,2
7949,2735,9
7950,2735,3
7951,2735,1
7952,2736,8
7953,2736,16
7954,2737,18
7955,2737,6
7956,2737,1
7957,2737,21
7958,2738,1
7959,2738,8
7960,2739,23
7961,2739,17
7962,2739,1
7963,2739,2
7964,2740,9
7965,2740,1
7966,2740,2
7967,2740,10
7968,2741,5
7969,2742,1
7970,2742,21
7971,2742,6
7972,2742,8
7973,2743,8
7974,2743,22
7975,2743,12
7976,2744,5
7977,2745,8
7978,2746,5
7979,2746,22
7980,2747,8
7981,2747,12
7982,2748,5
7983,2749,9
7984,2749,5
7985,2749,8
7986,2749,2
7987,2749,10
7988,2750,5
7989,2750,17
7990,2750,18
7991,2751,5
7992,2751,17
7993,2751,8
7994,2752,8
7995,2753,17
7996,2753,8
7997,2754,14
7998,2754,5
7999,2754,8
8000,2754,17
8001,2755,18
8002,2755,21
8003,2755,1
8004,2755,13
8005,2756,21
8006,2756,1
8007,2756,2
8008,2757,6
8009,2757,5
8010,2758,13
8011,2759,13
8012,2759,18
8013,2760,8
8014,2760,17
8015,2760,23
8016,2760,5
8017,2760,2
8018,2760,1
8019,2761,8
8020,2761,21
8021,2762,22
8022,2762,5
8023,2762,2
8024,2763,1
8025,2763,21
8026,2763,18
8027,2763,13
8028,2763,10
8029,2764,10
8030,2764,1
8031,2764,13
8032,2764,18
8033,2765,10
8034,2765,13
8035,2765,18
8036,2766,13
8037,2766,10
8038,2767,22
8039,2767,1
8040,2767,5
8041,2768,13
8042,2769,17
8043,2769,8
8044,2769,5
8045,2770,8
8046,2770,17
8047,2771,5
8048,2772,16
8049,2772,21
8050,2772,8
8051,2773,8
8052,2773,16
8053,2773,21
8054,2773,13
8055,2774,5
8056,2774,8
8057,2774,17
8058,2775,22
8059,2775,4
8060,2775,8
8061,2775,17
8062,2776,8
8063,2776,13
8064,2776,21
8065,2776,6
8066,2777,5
8067,2777,21
8068,2777,6
8069,2778,17
8070,2778,8
8071,2778,6
8072,2778,5
8073,2779,20
8074,2779,5
8075,2780,18
8076,2780,21
8077,2780,6
8078,2780,13
8079,2781,21
8080,2781,1
8081,2781,2
8082,2781,18
8083,2781,8
8084,2782,5
8085,2782,7
8086,2783,6
8087,2783,5
8088,2784,6
8089,2784,5
8090,2785,8
8091,2785,17
8092,2786,8
8093,2786,23
8094,2787,16
8095,2787,21
8096,2787,8
8097,2788,17
8098,2788,5
8099,2788,23
8100,2789,13
8101,2790,17
8102,2790,10
8103,2790,18
8104,2790,1
8105,2790,2
8106,2791,2
8107,2791,6
8108,2791,1
8109,2791,21
8110,2792,5
8111,2792,17
8112,2792,20
8113,2793,8
8114,2793,5
8115,2794,17
8116,2794,8
8117,2794,5
8118,2795,4
8119,2795,8
8120,2795,17
8121,2796,2
8122,2796,1
8123,2796,10
8124,2796,18
8125,2797,8
8126,2797,1
8127,2797,6
8128,2797,14
8129,2798,13
8130,2798,21
8131,2799,8
8132,2799,5
8133,2799,6
8134,2799,17
8135,2800,8
8136,2800,16
8137,2800,21
8138,2800,6
8139,2801,8
8140,2801,6
8141,2801,21
8142,2801,1
8143,2802,5
8144,2802,2
8145,2802,8
8146,2802,14
8147,2803,8
8148,2803,5
8149,2803,17
8150,2803,14
8151,2804,8
8152,2805,10
8153,2805,5
8154,2805,18
8155,2805,1
8156,2806,8
8157,2806,21
8158,2806,6
8159,2807,13
8160,2807,21
8161,2807,16
8162,2808,15
8163,2808,6
8164,2808,8
8165,2809,5
8166,2810,8
8167,2810,20
8168,2810,5
8169,2810,17
8170,2811,20
8171,2811,8
8172,2812,20
8173,2812,4
8174,2812,8
8175,2813,13
8176,2813,21
8177,2814,21
8178,2814,13
8179,2815,13
8180,2816,17
8181,2816,8
8182,2816,10
8183,2817,5
8184,2817,14
8185,2817,17
8186,2818,10
8187,2818,8
8188,2818,18
8189,2818,13
8190,2819,5
8191,2819,18
8192,2819,15
8193,2819,17
8194,2820,5
8195,2820,8
8196,2821,2
8197,2821,18
8198,2821,1
8199,2822,18
8200,2822,2
8201,2822,9
8202,2823,13
8203,2823,10
8204,2823,18
8205,2823,5
8206,2823,9
8207,2824,18
8208,2824,13
8209,2825,18
8210,2825,13
8211,2826,13
8212,2826,18
8213,2827,18
8214,2827,13
8215,2827,17
8216,2827,1
8217,2827,8
8218,2828,8
8219,2828,21
8220,2828,13
8221,2828,17
8222,2828,14
8223,2829,6
8224,2829,18
8225,2829,1
8226,2829,21
8227,2830,13
8228,2831,14
8229,2831,5
8230,2831,13
8231,2832,5
8232,2832,13
8233,2833,13
8234,2834,21
8235,2834,5
8236,2834,13
8237,2835,14
8238,2835,8
8239,2835,5
8240,2836,2
8241,2836,3
8242,2836,9
8243,2836,1
8244,2836,21
8245,2836,18
8246,2837,1
8247,2837,21
8248,2837,8
8249,2837,6
8250,2838,21
8251,2838,6
8252,2838,1
8253,2839,5
8254,2839,17
8255,2840,8
8256,2841,22
8257,2841,8
8258,2842,8
8259,2842,17
8260,2842,5
8261,2843,8
8262,2843,21
8263,2882,24
8264,2886,1
8265,2890,1
8266,2890,21
8267,2890,8
8268,2895,13
8269,2896,6
8270,2897,20
8271,2897,8
8272,2897,4
8273,2898,1
8274,2899,1
8275,2904,16
8276,2904,13
8277,2904,21
8278,2908,1
8279,2908,13
8280,2909,21
8281,2909,1
8282,2910,6
8283,2910,21
8284,2911,5
8285,2911,8
8286,2912,5
8287,2912,8
8288,2913,21
8289,9,1
8290,9,6
8291,9,21
8292,23,1
8293,23,6
8294,23,21
8295,10,1
8296,10,2
8297,10,21
8298,2914,1
8299,2914,8
8300,2914,21
8301,2914,2
8302,2914,18
8303,2914,13
8304,2915,17
8305,2915,2
8306,2915,5
8307,2915,1
8308,2916,1
8309,2916,8
8310,2917,1
8311,2917,8
8312,2918,3
8313,2918,2
8314,2918,9
8315,2918,6
8316,2918,5
8317,2919,3
8318,2919,5
8319,2919,6
8320,2919,9
8321,2919,2
8322,2920,13
8323,2920,21
8324,2921,5
8325,2921,1
8326,2921,6
8327,2922,9
8328,2924,8
8329,2925,3
8330,2926,5
8331,2927,1
8332,2930,1
8333,2930,16
8334,2930,8
8335,2930,6
8336,2931,9
8337,2931,10
8338,2931,2
8339,2931,3
8340,2931,5
8341,2932,2
8342,2932,1
8343,2933,1
8344,2933,21
8345,2934,5
8346,2935,3
8347,2936,3
8348,2937,6
8349,2937,8
8350,2937,16
8351,2938,5
8352,2939,1
8353,2939,21
8354,2940,21
8355,2940,8
8356,2941,5
8357,2942,21
8358,2943,14
8359,2944,3
8360,2945,17
8361,2945,5
8362,2945,14
8363,2946,5
8364,2947,1
8365,2948,1
8366,2949,1
8367,2950,1
8368,2951,21
8369,2952,3
8370,2953,3
8371,2954,5
8372,2955,2
8373,2956,1
8374,2957,1
8375,2958,3
8376,2959,1
8377,2960,1
8378,2961,1
8379,2961,21
8380,2961,8
8381,2962,8
8382,2962,17
8383,2,2
8384,2,5
8385,2,9
8386,2,10
8387,2929,1
8388,2929,6
8389,2929,8
8390,2929,21
