,movie_id,writer_id
0,1,1912
1,1,2895
2,1,163
3,3,2445
4,4,3279
5,4,3606
6,5,83
7,5,2686
8,5,1129
9,6,2582
10,7,3350
11,7,346
12,7,1080
13,8,2448
14,8,3486
15,8,785
16,11,9
17,12,3501
18,12,3311
19,12,2519
20,13,621
21,13,1016
22,13,824
23,14,3471
24,14,592
25,14,2779
26,15,2558
27,15,1594
28,15,426
29,16,2726
30,16,2470
31,17,1046
32,17,1640
33,18,129
34,18,3212
35,18,110
36,19,1542
37,19,3512
38,20,937
39,20,785
40,21,1042
41,21,3373
42,22,188
43,22,788
44,24,3778
45,25,1932
46,25,2633
47,26,1479
48,27,2731
49,27,1640
50,28,1270
51,28,1693
52,28,2375
53,29,2289
54,29,1115
55,30,2318
56,30,3279
57,31,555
58,31,834
59,31,1648
60,32,559
61,32,894
62,32,1246
63,33,2572
64,33,581
65,34,3654
66,34,1408
67,35,855
68,36,136
69,37,70
70,37,3283
71,38,3067
72,38,3084
73,38,1488
74,39,128
75,39,84
76,39,2566
77,40,3316
78,40,3291
79,41,2147
80,41,1964
81,41,966
82,42,445
83,42,2042
84,43,3857
85,43,1639
86,44,153
87,45,3551
88,45,463
89,45,2970
90,46,2828
91,47,586
92,48,3931
93,49,1442
94,50,264
95,51,3801
96,51,560
97,52,1264
98,52,1192
99,52,216
100,53,3191
101,54,2355
102,54,2525
103,55,3118
104,55,135
105,55,1077
106,56,2836
107,57,2957
108,57,3409
109,57,2454
110,58,2630
111,58,865
112,58,189
113,59,1654
114,59,2660
115,59,21
116,60,2589
117,60,1110
118,61,2037
119,61,2829
120,61,3590
121,62,662
122,62,1490
123,63,3186
124,63,2992
125,64,2881
126,64,531
127,65,349
128,65,2750
129,66,3774
130,66,610
131,67,2561
132,68,676
133,68,2967
134,68,2629
135,69,3388
136,70,3587
137,70,1231
138,71,2810
139,71,11
140,71,1563
141,72,3379
142,73,2453
143,74,2875
144,74,623
145,75,1418
146,75,3779
147,76,5
148,76,286
149,76,2966
150,77,3670
151,77,513
152,77,1117
153,78,1891
154,78,431
155,79,1179
156,80,2836
157,81,581
158,81,3761
159,82,977
160,82,533
161,82,3768
162,83,3379
163,84,1297
164,85,2133
165,86,2491
166,87,2876
167,88,2124
168,88,2869
169,88,2725
170,89,3848
171,89,2795
172,90,325
173,91,3647
174,91,25
175,92,3078
176,92,3182
177,93,1742
178,93,2171
179,93,3194
180,94,3014
181,95,2869
182,96,1120
183,96,1005
184,97,3587
185,97,3293
186,98,3413
187,98,1259
188,98,2674
189,99,1985
190,99,198
191,100,1708
192,100,299
193,101,3732
194,101,1067
195,102,151
196,102,3597
197,102,1160
198,103,278
199,103,817
200,103,977
201,104,2077
202,105,799
203,106,2552
204,106,2086
205,106,1703
206,107,443
207,108,3039
208,109,3287
209,109,539
210,110,1813
211,111,1474
212,111,156
213,111,1024
214,112,80
215,112,1802
216,112,1882
217,113,1677
218,113,1134
219,113,3953
220,114,996
221,115,1782
222,115,2535
223,115,1235
224,116,1977
225,116,3518
226,116,1710
227,117,1762
228,117,442
229,118,530
230,118,316
231,119,1354
232,120,1723
233,120,1777
234,120,3869
235,121,75
236,122,2729
237,123,1650
238,123,2233
239,123,366
240,124,2348
241,124,2020
242,124,1683
243,125,2842
244,125,3841
245,126,2590
246,127,2025
247,127,3418
248,127,852
249,128,3095
250,128,3450
251,129,1937
252,129,2547
253,130,3093
254,130,2608
255,131,3212
256,132,3819
257,132,466
258,133,3243
259,133,2000
260,134,1315
261,135,770
262,135,2314
263,135,3904
264,136,639
265,136,2081
266,136,2106
267,137,3001
268,138,2868
269,139,3881
270,140,2550
271,140,477
272,140,1970
273,141,3347
274,141,265
275,141,2712
276,142,1368
277,142,2194
278,143,3680
279,144,625
280,145,386
281,146,2882
282,147,2158
283,148,1902
284,148,226
285,149,214
286,150,2531
287,151,2555
288,151,1844
289,152,547
290,152,2830
291,153,3411
292,153,663
293,153,1378
294,154,1325
295,155,646
296,156,3666
297,157,2692
298,157,941
299,158,1813
300,159,2841
301,160,459
302,161,869
303,162,1660
304,162,1574
305,163,1561
306,164,2532
307,165,622
308,165,1036
309,165,1027
310,166,581
311,167,938
312,168,1530
313,168,2496
314,168,3072
315,169,1167
316,169,3078
317,170,3198
318,170,2431
319,170,1399
320,171,2940
321,171,830
322,172,882
323,173,3596
324,173,3283
325,174,3321
326,174,2743
327,175,2646
328,176,2165
329,176,3082
330,177,3647
331,177,25
332,178,3161
333,178,1335
334,179,916
335,180,3185
336,181,3540
337,181,1348
338,181,876
339,182,150
340,182,2360
341,183,2158
342,184,1736
343,184,2311
344,185,2547
345,185,2840
346,186,2904
347,186,1336
348,186,3723
349,187,3207
350,187,2504
351,188,3002
352,188,218
353,189,3722
354,189,3474
355,190,302
356,190,2917
357,190,374
358,191,182
359,191,1626
360,191,1476
361,192,251
362,193,202
363,193,853
364,193,355
365,194,2202
366,194,3310
367,194,3369
368,195,17
369,196,258
370,196,2336
371,196,341
372,197,2976
373,198,556
374,198,420
375,198,2072
376,199,2696
377,199,153
378,199,849
379,200,1576
380,200,474
381,200,1601
382,201,1341
383,201,172
384,201,2382
385,202,1666
386,202,891
387,202,2278
388,203,1868
389,203,2701
390,203,502
391,204,3504
392,204,1185
393,205,1127
394,205,2932
395,206,308
396,207,3520
397,207,2044
398,208,2580
399,208,175
400,209,203
401,210,3053
402,210,1615
403,210,1876
404,211,2159
405,211,549
406,212,1903
407,212,2946
408,212,1698
409,213,2597
410,213,3188
411,214,1020
412,214,289
413,214,515
414,215,2328
415,215,3236
416,216,1029
417,216,1130
418,216,3078
419,217,3278
420,218,2211
421,219,3546
422,219,3871
423,219,1768
424,220,368
425,220,3910
426,220,1812
427,221,1596
428,222,2647
429,222,862
430,222,2251
431,223,3400
432,223,2688
433,224,56
434,225,1146
435,225,3462
436,225,2483
437,226,1622
438,226,3075
439,226,753
440,227,861
441,227,2755
442,228,1922
443,229,1251
444,229,3758
445,229,1895
446,230,759
447,231,1322
448,231,196
449,232,673
450,233,3149
451,233,3102
452,234,2417
453,234,3903
454,235,2734
455,235,2625
456,236,63
457,237,833
458,237,3103
459,237,2992
460,238,886
461,239,60
462,239,3133
463,240,543
464,241,3214
465,241,2216
466,242,2339
467,243,3236
468,243,572
469,244,2670
470,245,3248
471,245,2992
472,246,1796
473,247,2840
474,247,3090
475,248,708
476,248,2824
477,248,108
478,249,3443
479,250,2509
480,250,3482
481,251,3145
482,251,263
483,252,2178
484,252,2179
485,252,34
486,253,2178
487,253,2179
488,253,34
489,254,2179
490,254,34
491,254,2178
492,255,843
493,255,1118
494,256,45
495,257,3097
496,257,418
497,258,3290
498,258,1949
499,259,1953
500,259,106
501,260,845
502,260,3258
503,261,2248
504,261,3514
505,262,3474
506,262,1146
507,263,1889
508,264,3375
509,264,819
510,265,3395
511,265,3714
512,266,1239
513,267,826
514,268,3250
515,268,1479
516,269,1465
517,269,3843
518,270,3589
519,270,1634
520,270,67
521,271,655
522,271,1096
523,271,2407
524,272,3282
525,272,3111
526,272,1219
527,273,3322
528,273,718
529,274,31
530,274,2564
531,275,3929
532,275,3537
533,275,1980
534,276,380
535,276,3612
536,277,215
537,277,789
538,277,142
539,278,918
540,278,3532
541,278,687
542,279,2988
543,280,2928
544,281,1055
545,282,1186
546,282,688
547,283,2094
548,284,2797
549,285,190
550,285,665
551,286,1543
552,286,3702
553,286,1761
554,287,3463
555,288,3490
556,288,2614
557,288,1482
558,289,2812
559,289,1340
560,289,3263
561,290,3931
562,290,943
563,291,3535
564,291,922
565,291,3676
566,292,39
567,292,3173
568,292,1883
569,293,1982
570,293,3450
571,293,599
572,294,773
573,294,1952
574,294,1619
575,295,49
576,295,3276
577,296,3698
578,296,1773
579,296,3523
580,297,1065
581,297,3927
582,298,3064
583,299,1954
584,300,2686
585,300,523
586,301,1639
587,302,2415
588,302,3314
589,302,3277
590,303,2007
591,303,2300
592,303,1498
593,304,310
594,304,2435
595,304,3313
596,305,3849
597,306,2642
598,306,2449
599,306,2554
600,307,3883
601,307,3307
602,308,3020
603,308,72
604,309,3193
605,309,842
606,309,2820
607,310,3477
608,310,778
609,311,1405
610,312,1864
611,312,3114
612,313,2712
613,313,3698
614,313,1773
615,314,1040
616,314,860
617,315,866
618,316,1297
619,317,3183
620,318,2450
621,318,2640
622,319,614
623,319,3442
624,319,896
625,320,3279
626,320,44
627,321,3851
628,321,1768
629,322,673
630,322,2225
631,323,3299
632,324,2102
633,325,1556
634,325,3317
635,326,376
636,327,3523
637,328,1325
638,328,388
639,328,3902
640,329,2550
641,330,2667
642,331,1707
643,331,303
644,331,273
645,332,496
646,332,2867
647,333,981
648,333,2470
649,333,1660
650,334,3053
651,335,1776
652,336,88
653,336,511
654,336,1298
655,337,3853
656,338,324
657,339,2440
658,339,2227
659,339,2854
660,340,707
661,340,696
662,340,3523
663,341,195
664,341,485
665,342,682
666,343,1808
667,343,1664
668,343,1944
669,344,3276
670,345,1743
671,345,222
672,345,3005
673,346,2196
674,346,3034
675,346,1548
676,347,1727
677,347,2975
678,348,536
679,349,23
680,349,551
681,350,1010
682,350,778
683,351,341
684,351,258
685,351,2336
686,352,2557
687,352,3559
688,352,1918
689,353,670
690,353,3678
691,353,380
692,354,345
693,354,2499
694,355,313
695,356,3157
696,356,3872
697,357,2729
698,358,1209
699,359,3082
700,360,2938
701,360,3209
702,360,702
703,361,3696
704,361,1333
705,362,801
706,363,2986
707,363,3843
708,364,2012
709,364,3361
710,365,3003
711,366,3322
712,367,3900
713,368,3505
714,369,1469
715,370,2226
716,370,2439
717,371,3221
718,371,1883
719,371,805
720,372,639
721,372,2107
722,373,352
723,374,831
724,374,1698
725,374,3307
726,375,2201
727,375,1927
728,376,1790
729,376,3816
730,376,137
731,377,3698
732,377,1773
733,378,3292
734,378,1332
735,379,2196
736,380,596
737,381,2231
738,381,1670
739,381,1600
740,382,2820
741,382,1757
742,383,2061
743,384,1492
744,384,587
745,385,1509
746,385,337
747,386,3569
748,386,829
749,386,3041
750,387,1095
751,387,1825
752,387,3345
753,388,1606
754,389,3517
755,389,1701
756,389,3142
757,390,1704
758,391,1262
759,391,3601
760,391,1785
761,392,2808
762,392,3741
763,393,2283
764,393,1730
765,394,2548
766,394,778
767,395,3478
768,395,3652
769,396,3248
770,397,4
771,397,3532
772,398,2500
773,398,1062
774,398,1209
775,399,21
776,399,3941
777,399,3403
778,400,2376
779,401,2385
780,401,2682
781,401,1443
782,402,3373
783,402,10
784,402,1991
785,403,1510
786,403,2365
787,404,3931
788,404,2456
789,405,3749
790,405,128
791,405,84
792,406,1788
793,406,1962
794,407,2185
795,407,2683
796,408,3691
797,409,3914
798,409,2133
799,410,1066
800,410,2549
801,411,138
802,411,3771
803,412,197
804,412,3015
805,412,2276
806,413,2637
807,414,2423
808,414,3198
809,415,1827
810,415,2560
811,415,3073
812,416,79
813,416,161
814,417,3338
815,417,3791
816,417,3813
817,418,1913
818,419,3272
819,420,1641
820,421,1954
821,422,809
822,422,6
823,423,3143
824,423,3578
825,423,3607
826,424,1242
827,424,3863
828,424,1284
829,425,2398
830,425,3078
831,426,2101
832,426,3324
833,427,1759
834,428,2548
835,428,2969
836,428,2534
837,429,69
838,429,3562
839,430,1001
840,430,1155
841,430,2589
842,431,1528
843,431,1103
844,431,2519
845,432,1437
846,433,1223
847,434,184
848,435,3631
849,435,3535
850,436,82
851,436,145
852,436,3247
853,437,3535
854,437,1178
855,438,1130
856,438,485
857,439,1973
858,440,778
859,440,3812
860,441,3904
861,442,3032
862,442,1140
863,442,3145
864,443,1232
865,443,3509
866,444,1867
867,445,1885
868,446,809
869,446,1700
870,446,2755
871,447,1497
872,447,1813
873,448,2967
874,448,1358
875,448,834
876,449,3544
877,449,2937
878,449,2833
879,450,3142
880,451,2474
881,451,3302
882,452,972
883,452,3609
884,452,2809
885,453,1055
886,454,830
887,455,152
888,456,3644
889,456,485
890,456,2584
891,457,108
892,457,785
893,458,2151
894,459,2009
895,459,1435
896,460,2992
897,460,3248
898,461,1086
899,461,744
900,461,776
901,462,3707
902,463,1290
903,463,2427
904,464,3671
905,465,223
906,465,606
907,465,3955
908,466,672
909,466,1944
910,466,1808
911,467,1330
912,468,26
913,468,1320
914,469,799
915,470,2641
916,470,3226
917,470,2891
918,471,1975
919,471,2533
920,472,1722
921,472,3792
922,472,3136
923,473,3420
924,473,2218
925,473,3113
926,474,1895
927,475,434
928,476,1930
929,476,3264
930,476,3578
931,477,3921
932,477,1573
933,478,2537
934,479,3833
935,479,366
936,479,3342
937,480,3587
938,480,3628
939,481,3585
940,481,3859
941,481,1558
942,482,396
943,482,2300
944,482,562
945,483,475
946,483,3585
947,483,2793
948,484,1530
949,485,3344
950,485,3308
951,485,3810
952,486,456
953,487,3598
954,487,1037
955,488,2421
956,488,624
957,488,3009
958,489,1825
959,489,1095
960,490,552
961,490,2062
962,490,3410
963,491,678
964,491,690
965,491,2244
966,492,2899
967,493,1656
968,493,2496
969,494,535
970,494,1472
971,494,1138
972,495,2195
973,495,3762
974,495,2113
975,496,2884
976,496,931
977,497,794
978,497,1652
979,497,2125
980,498,2811
981,498,171
982,499,2466
983,499,2142
984,499,305
985,500,679
986,501,3515
987,501,3875
988,501,188
989,502,1768
990,502,968
991,503,2452
992,503,2111
993,503,225
994,504,1758
995,505,1356
996,506,3681
997,506,339
998,507,2689
999,507,174
1000,508,3655
1001,509,3553
1002,510,3636
1003,510,1412
1004,510,2980
1005,511,2836
1006,512,779
1007,512,3535
1008,512,430
1009,513,684
1010,513,2890
1011,514,2835
1012,514,509
1013,515,2826
1014,515,3045
1015,515,2852
1016,516,3134
1017,516,2085
1018,516,2007
1019,517,577
1020,518,2758
1021,518,437
1022,518,2154
1023,519,536
1024,520,950
1025,520,1045
1026,521,1711
1027,522,3364
1028,522,322
1029,523,3735
1030,523,1778
1031,523,2574
1032,524,3514
1033,524,3656
1034,524,2248
1035,525,1684
1036,525,3610
1037,525,3255
1038,526,3406
1039,527,1687
1040,527,2880
1041,528,3010
1042,529,1218
1043,529,1617
1044,529,1776
1045,530,3199
1046,530,780
1047,531,3306
1048,531,3237
1049,531,68
1050,532,2822
1051,533,3519
1052,534,2827
1053,534,141
1054,534,1026
1055,535,550
1056,535,1754
1057,536,1855
1058,537,3525
1059,537,1685
1060,537,1148
1061,538,1124
1062,538,2914
1063,539,252
1064,540,1765
1065,540,3646
1066,540,1612
1067,541,2045
1068,541,632
1069,542,3126
1070,542,1545
1071,542,247
1072,543,1772
1073,544,568
1074,544,1690
1075,545,558
1076,545,2477
1077,545,2336
1078,546,2920
1079,546,152
1080,547,3726
1081,547,3276
1082,548,3524
1083,548,3269
1084,549,2363
1085,549,3461
1086,550,3373
1087,550,1608
1088,550,1367
1089,551,838
1090,551,2441
1091,551,940
1092,552,3659
1093,552,1265
1094,553,2547
1095,553,206
1096,554,596
1097,554,566
1098,554,1493
1099,555,3429
1100,555,2100
1101,556,3684
1102,556,3474
1103,556,2584
1104,557,3116
1105,557,8
1106,557,1655
1107,558,2738
1108,558,353
1109,559,1376
1110,559,1613
1111,559,398
1112,560,830
1113,561,2924
1114,561,3610
1115,561,3453
1116,562,2014
1117,562,3737
1118,562,1346
1119,563,270
1120,564,2257
1121,564,1407
1122,564,3314
1123,565,2320
1124,565,2077
1125,566,1833
1126,566,573
1127,566,2075
1128,567,1716
1129,567,2236
1130,568,145
1131,568,469
1132,569,1612
1133,570,1207
1134,570,1583
1135,571,2478
1136,571,1731
1137,571,889
1138,572,3537
1139,572,3746
1140,572,2169
1141,573,2813
1142,573,3256
1143,573,979
1144,574,1889
1145,574,1500
1146,575,845
1147,575,3258
1148,576,3545
1149,576,310
1150,577,2897
1151,577,2977
1152,578,1498
1153,578,3566
1154,578,3774
1155,579,2317
1156,580,268
1157,580,2673
1158,581,2604
1159,581,3810
1160,581,3730
1161,582,817
1162,582,333
1163,582,1744
1164,583,2272
1165,584,1127
1166,584,2932
1167,585,1949
1168,586,1313
1169,586,2064
1170,586,2330
1171,587,1256
1172,588,996
1173,589,1883
1174,589,39
1175,590,176
1176,590,3377
1177,591,2988
1178,592,3252
1179,592,569
1180,592,2860
1181,593,1199
1182,593,3304
1183,593,2889
1184,594,1384
1185,594,857
1186,594,3420
1187,595,2348
1188,595,2347
1189,595,3036
1190,596,3675
1191,596,3493
1192,596,3419
1193,597,1939
1194,598,2780
1195,598,3178
1196,599,3128
1197,599,2463
1198,600,654
1199,600,3094
1200,600,3086
1201,601,842
1202,601,3193
1203,601,2820
1204,602,406
1205,602,618
1206,602,933
1207,603,2040
1208,603,1034
1209,604,227
1210,604,3124
1211,604,2031
1212,605,3134
1213,605,2721
1214,605,3236
1215,606,1640
1216,606,943
1217,607,808
1218,607,1619
1219,608,2570
1220,609,1678
1221,609,2980
1222,609,3636
1223,610,3228
1224,610,3895
1225,610,363
1226,611,1354
1227,612,2235
1228,613,1853
1229,613,859
1230,613,2730
1231,614,2232
1232,614,2059
1233,614,1842
1234,615,1931
1235,615,3276
1236,616,3423
1237,616,2103
1238,617,2401
1239,617,1132
1240,618,1005
1241,618,1120
1242,618,2239
1243,619,343
1244,619,1273
1245,620,2190
1246,620,2293
1247,621,915
1248,622,3145
1249,622,1140
1250,623,1533
1251,623,1755
1252,624,2652
1253,624,3938
1254,624,2978
1255,625,3576
1256,625,3456
1257,625,3542
1258,626,137
1259,626,2296
1260,626,944
1261,627,3107
1262,627,1347
1263,627,3268
1264,628,3649
1265,629,778
1266,629,1572
1267,630,1710
1268,630,134
1269,630,1135
1270,631,2282
1271,631,1814
1272,632,2050
1273,632,883
1274,632,3719
1275,633,859
1276,633,1853
1277,633,686
1278,634,3739
1279,634,3914
1280,635,2183
1281,635,3147
1282,636,947
1283,636,1078
1284,636,2319
1285,637,2962
1286,637,925
1287,637,3807
1288,638,319
1289,638,29
1290,639,65
1291,640,2259
1292,641,1227
1293,641,3746
1294,642,3349
1295,642,90
1296,642,2980
1297,643,642
1298,643,1925
1299,644,3352
1300,644,3210
1301,645,3822
1302,645,1967
1303,645,1906
1304,646,3351
1305,646,2141
1306,646,951
1307,647,1080
1308,648,1480
1309,648,346
1310,649,1480
1311,649,3220
1312,649,346
1313,650,2947
1314,650,2373
1315,651,2068
1316,651,1459
1317,651,2965
1318,652,730
1319,652,1897
1320,653,1229
1321,653,65
1322,654,1080
1323,654,346
1324,654,3350
1325,655,668
1326,655,1489
1327,655,1866
1328,656,1098
1329,656,1130
1330,656,3815
1331,657,3337
1332,657,1173
1333,657,1503
1334,658,1123
1335,658,2751
1336,658,980
1337,659,2390
1338,659,3436
1339,659,2776
1340,660,2768
1341,660,874
1342,661,501
1343,661,660
1344,661,346
1345,662,1426
1346,662,2785
1347,662,1892
1348,663,3453
1349,663,237
1350,664,2480
1351,664,2022
1352,665,1644
1353,665,187
1354,665,600
1355,666,713
1356,666,3168
1357,666,1803
1358,667,1803
1359,667,500
1360,667,1602
1361,668,289
1362,668,113
1363,668,1961
1364,669,1935
1365,669,1438
1366,669,289
1367,670,2647
1368,670,2252
1369,670,862
1370,671,1925
1371,671,91
1372,671,748
1373,672,83
1374,672,1003
1375,672,1129
1376,673,319
1377,673,29
1378,673,2760
1379,674,501
1380,674,3822
1381,674,346
1382,675,346
1383,675,605
1384,675,1480
1385,676,64
1386,676,2749
1387,676,630
1388,677,3876
1389,677,2068
1390,678,3401
1391,678,2766
1392,678,3303
1393,679,1195
1394,679,317
1395,679,1960
1396,680,1662
1397,680,3351
1398,680,3765
1399,681,2963
1400,681,2995
1401,682,1602
1402,682,3432
1403,682,3210
1404,683,124
1405,683,951
1406,683,51
1407,684,2523
1408,684,1089
1409,684,1009
1410,685,1059
1411,685,3948
1412,685,2671
1413,686,1175
1414,686,1517
1415,686,989
1416,687,2863
1417,687,1958
1418,688,1129
1419,688,730
1420,688,83
1421,689,516
1422,689,290
1423,689,515
1424,690,3330
1425,690,1872
1426,690,1624
1427,691,1129
1428,691,1142
1429,691,83
1430,692,3431
1431,692,2681
1432,692,2287
1433,693,947
1434,693,1350
1435,694,2457
1436,694,2671
1437,695,1393
1438,695,3260
1439,696,1471
1440,696,1860
1441,696,1130
1442,697,1390
1443,697,2745
1444,697,2973
1445,698,1587
1446,699,500
1447,699,1849
1448,699,1485
1449,700,1379
1450,700,3213
1451,701,1224
1452,701,1834
1453,702,1567
1454,702,457
1455,702,1897
1456,703,1897
1457,703,3746
1458,703,604
1459,704,1624
1460,704,3057
1461,704,3591
1462,705,3063
1463,705,3205
1464,705,3210
1465,706,2775
1466,706,1078
1467,706,298
1468,707,280
1469,707,1578
1470,708,721
1471,708,1308
1472,709,700
1473,709,3891
1474,710,1987
1475,710,22
1476,710,3105
1477,711,3211
1478,711,328
1479,711,3782
1480,712,129
1481,713,2198
1482,714,2705
1483,715,137
1484,716,3457
1485,716,2029
1486,717,3816
1487,717,3327
1488,717,36
1489,718,1002
1490,719,2090
1491,719,3569
1492,720,1888
1493,721,2596
1494,721,3722
1495,722,2145
1496,723,1760
1497,723,2137
1498,723,3521
1499,724,2955
1500,724,3883
1501,724,1883
1502,725,1549
1503,725,917
1504,726,3640
1505,727,102
1506,727,3196
1507,728,1286
1508,728,903
1509,728,336
1510,729,1286
1511,729,336
1512,730,3919
1513,730,1174
1514,731,1072
1515,731,828
1516,732,828
1517,732,1018
1518,733,485
1519,733,2300
1520,733,3410
1521,734,1116
1522,734,2292
1523,734,336
1524,735,1831
1525,735,2338
1526,736,336
1527,736,2649
1528,736,1289
1529,737,961
1530,737,2055
1531,738,3713
1532,738,2602
1533,738,2354
1534,739,1253
1535,739,3062
1536,739,929
1537,740,3585
1538,740,1444
1539,740,1082
1540,741,3564
1541,741,331
1542,742,2890
1543,742,1974
1544,743,903
1545,743,2801
1546,743,336
1547,744,893
1548,744,2793
1549,744,1815
1550,745,2366
1551,745,3401
1552,745,3332
1553,746,3577
1554,746,336
1555,746,3004
1556,747,3928
1557,747,2281
1558,747,3585
1559,748,2195
1560,748,695
1561,748,3577
1562,749,2498
1563,750,1240
1564,750,1460
1565,750,3318
1566,751,3243
1567,751,1698
1568,751,3523
1569,752,3475
1570,752,402
1571,752,1274
1572,753,2017
1573,753,581
1574,754,2637
1575,755,3683
1576,756,2539
1577,756,750
1578,757,1999
1579,758,3403
1580,759,3883
1581,760,1181
1582,760,3914
1583,760,47
1584,761,3496
1585,762,2886
1586,762,370
1587,763,3040
1588,764,28
1589,764,3051
1590,765,1451
1591,765,3627
1592,766,3931
1593,767,649
1594,767,283
1595,767,3914
1596,768,1988
1597,769,2312
1598,769,272
1599,770,3381
1600,771,2428
1601,771,371
1602,771,3265
1603,772,124
1604,772,1081
1605,772,2799
1606,773,1938
1607,773,3057
1608,774,3033
1609,774,1938
1610,775,3135
1611,775,815
1612,776,1929
1613,776,3866
1614,776,1419
1615,777,3931
1616,777,2456
1617,778,3931
1618,778,2628
1619,779,1856
1620,779,505
1621,780,3602
1622,780,1856
1623,780,1294
1624,781,1363
1625,781,347
1626,781,3044
1627,782,1735
1628,783,234
1629,783,347
1630,784,3149
1631,784,3221
1632,784,797
1633,785,1078
1634,785,2951
1635,786,1184
1636,787,1017
1637,788,3248
1638,788,2992
1639,789,2779
1640,790,3184
1641,791,1813
1642,792,3011
1643,792,2779
1644,793,2705
1645,794,790
1646,795,3917
1647,795,62
1648,796,2525
1649,797,506
1650,797,1475
1651,798,3222
1652,798,3677
1653,799,1547
1654,799,1764
1655,799,1013
1656,800,1505
1657,800,2727
1658,800,3536
1659,801,2790
1660,801,3592
1661,802,3464
1662,802,1312
1663,802,3474
1664,803,612
1665,803,2397
1666,804,756
1667,805,1683
1668,805,3046
1669,805,1726
1670,806,2729
1671,807,2202
1672,807,3369
1673,808,1083
1674,809,347
1675,809,1164
1676,810,210
1677,810,476
1678,810,1032
1679,811,1573
1680,812,859
1681,812,1853
1682,813,2730
1683,813,1853
1684,814,3593
1685,814,1202
1686,814,1949
1687,815,1340
1688,815,2384
1689,815,606
1690,816,1340
1691,816,2384
1692,816,606
1693,817,523
1694,817,2686
1695,817,1398
1696,818,1061
1697,818,1856
1698,818,1294
1699,819,436
1700,819,3112
1701,820,2738
1702,820,353
1703,820,421
1704,821,1683
1705,821,701
1706,821,1647
1707,822,1851
1708,822,1385
1709,822,651
1710,823,228
1711,823,1851
1712,823,2266
1713,824,1851
1714,824,3790
1715,825,1683
1716,825,3796
1717,825,1343
1718,826,2903
1719,827,3840
1720,827,1064
1721,828,3654
1722,829,1280
1723,829,3066
1724,829,3763
1725,830,2925
1726,831,1271
1727,831,2375
1728,831,1694
1729,832,2178
1730,832,2179
1731,833,1035
1732,833,2902
1733,834,3453
1734,834,458
1735,834,1790
1736,835,1790
1737,835,923
1738,836,3721
1739,837,2594
1740,837,212
1741,838,3405
1742,838,1785
1743,838,594
1744,839,3532
1745,840,1949
1746,841,649
1747,841,148
1748,841,284
1749,842,1091
1750,843,2885
1751,844,2222
1752,844,351
1753,844,2121
1754,845,3709
1755,845,537
1756,846,2225
1757,846,1242
1758,846,2240
1759,847,3884
1760,848,2969
1761,848,1242
1762,848,2225
1763,849,3602
1764,849,3705
1765,849,517
1766,850,1574
1767,850,763
1768,850,3816
1769,851,33
1770,851,2343
1771,851,3399
1772,852,438
1773,853,3042
1774,854,3563
1775,854,3151
1776,854,2623
1777,855,3453
1778,855,208
1779,856,1373
1780,856,1449
1781,857,2567
1782,857,1132
1783,857,1926
1784,858,3398
1785,858,719
1786,858,3399
1787,859,2225
1788,859,1243
1789,860,3924
1790,860,2926
1791,860,3096
1792,861,2785
1793,861,1296
1794,861,103
1795,862,2726
1796,862,2470
1797,863,3285
1798,863,677
1799,864,3345
1800,864,1518
1801,865,2340
1802,865,3172
1803,865,2399
1804,866,36
1805,866,2486
1806,866,1436
1807,867,1979
1808,868,3150
1809,868,2027
1810,869,670
1811,869,1911
1812,870,2401
1813,870,1132
1814,871,1334
1815,871,2567
1816,871,3453
1817,872,2738
1818,873,2133
1819,873,3914
1820,874,2944
1821,874,3944
1822,875,1873
1823,875,2507
1824,875,1161
1825,876,2264
1826,876,1386
1827,876,2979
1828,877,1566
1829,877,2943
1830,877,2016
1831,878,2456
1832,878,3931
1833,879,3708
1834,879,2969
1835,880,219
1836,880,144
1837,880,383
1838,881,809
1839,882,631
1840,883,1354
1841,884,1496
1842,885,324
1843,886,1194
1844,886,3921
1845,886,1573
1846,887,2932
1847,887,3485
1848,887,1127
1849,888,2151
1850,888,2911
1851,888,2297
1852,889,3705
1853,890,3931
1854,890,2456
1855,891,1825
1856,891,731
1857,891,1095
1858,892,3700
1859,893,445
1860,893,527
1861,893,458
1862,894,1166
1863,894,3852
1864,894,2785
1865,895,2339
1866,896,2623
1867,896,2981
1868,896,465
1869,897,3747
1870,897,1114
1871,897,1049
1872,898,3263
1873,898,3221
1874,899,1377
1875,899,986
1876,900,257
1877,900,1897
1878,901,2932
1879,901,3727
1880,901,2118
1881,902,3366
1882,903,887
1883,903,3453
1884,903,3474
1885,904,426
1886,904,3038
1887,904,3474
1888,905,1011
1889,905,1189
1890,905,3615
1891,906,3383
1892,906,3345
1893,907,1577
1894,907,3804
1895,907,2844
1896,908,2323
1897,908,2544
1898,908,880
1899,909,1686
1900,909,694
1901,909,1682
1902,910,1371
1903,910,711
1904,911,834
1905,912,3060
1906,912,1874
1907,912,1227
1908,913,123
1909,914,2021
1910,914,2068
1911,914,2965
1912,915,363
1913,915,3228
1914,916,1109
1915,916,482
1916,917,987
1917,917,2189
1918,917,1133
1919,918,1772
1920,919,2096
1921,919,1519
1922,920,1326
1923,920,2905
1924,920,2198
1925,921,926
1926,921,1353
1927,921,1159
1928,922,1683
1929,922,982
1930,922,1691
1931,923,2519
1932,923,2483
1933,923,1220
1934,924,1772
1935,925,2719
1936,925,3715
1937,926,503
1938,927,893
1939,927,2234
1940,927,1815
1941,928,464
1942,928,1969
1943,929,2240
1944,929,3878
1945,929,2054
1946,930,702
1947,931,3089
1948,932,2280
1949,932,2087
1950,932,1292
1951,933,580
1952,933,2587
1953,933,1394
1954,934,1895
1955,935,1243
1956,935,1716
1957,935,2527
1958,936,3155
1959,936,1748
1960,937,1845
1961,938,2969
1962,938,1683
1963,938,2645
1964,939,958
1965,939,3324
1966,940,2802
1967,940,2821
1968,940,2695
1969,941,3257
1970,942,438
1971,943,3043
1972,943,2210
1973,943,395
1974,944,1502
1975,944,127
1976,944,654
1977,945,3803
1978,945,2955
1979,946,1281
1980,946,3314
1981,946,1897
1982,947,3883
1983,948,2188
1984,948,3346
1985,948,3813
1986,949,3925
1987,949,2912
1988,949,3447
1989,950,2755
1990,951,932
1991,951,1176
1992,951,1993
1993,952,3548
1994,952,2063
1995,952,2331
1996,953,1423
1997,954,676
1998,954,3285
1999,954,3786
2000,955,1911
2001,956,579
2002,956,217
2003,956,1877
2004,957,735
2005,958,2035
2006,959,217
2007,959,579
2008,960,1364
2009,960,3711
2010,960,716
2011,961,1244
2012,961,1659
2013,961,3354
2014,962,935
2015,962,2579
2016,962,1364
2017,963,390
2018,963,2862
2019,963,2818
2020,964,707
2021,965,1147
2022,966,2720
2023,966,2414
2024,967,1104
2025,967,713
2026,968,3618
2027,968,1499
2028,968,2098
2029,969,1715
2030,969,3528
2031,970,2825
2032,970,3636
2033,970,2980
2034,971,3757
2035,971,3194
2036,971,2971
2037,972,389
2038,972,1629
2039,973,2483
2040,973,1906
2041,973,3890
2042,974,3197
2043,974,3877
2044,974,671
2045,975,308
2046,975,624
2047,976,1861
2048,976,3851
2049,976,1625
2050,977,1625
2051,977,1861
2052,978,2220
2053,978,3474
2054,979,2869
2055,979,844
2056,979,68
2057,980,3849
2058,981,814
2059,982,120
2060,982,369
2061,982,2739
2062,983,570
2063,984,3079
2064,984,1342
2065,984,170
2066,985,804
2067,985,2898
2068,985,2209
2069,986,2774
2070,986,3532
2071,987,1219
2072,987,3111
2073,987,394
2074,988,1636
2075,988,3374
2076,989,340
2077,990,3017
2078,991,2265
2079,991,3168
2080,991,3201
2081,992,243
2082,993,1895
2083,993,899
2084,994,3523
2085,994,936
2086,994,3825
2087,995,59
2088,995,1219
2089,995,1370
2090,996,2261
2091,996,2226
2092,996,1219
2093,997,1395
2094,997,1219
2095,997,3916
2096,998,1395
2097,998,1539
2098,998,1219
2099,999,1219
2100,999,1395
2101,1000,1396
2102,1000,2261
2103,1000,1219
2104,1001,366
2105,1001,3341
2106,1001,703
2107,1002,1875
2108,1003,1875
2109,1004,1771
2110,1004,3830
2111,1004,425
2112,1005,1771
2113,1005,2116
2114,1005,3830
2115,1006,2451
2116,1006,2562
2117,1007,1530
2118,1008,467
2119,1008,2907
2120,1009,1462
2121,1009,467
2122,1009,2906
2123,1010,467
2124,1010,2906
2125,1010,3088
2126,1011,2948
2127,1011,3058
2128,1011,953
2129,1012,2245
2130,1012,3808
2131,1012,3932
2132,1013,104
2133,1013,1787
2134,1014,460
2135,1015,1095
2136,1015,1825
2137,1016,272
2138,1017,2955
2139,1017,2229
2140,1017,3814
2141,1018,125
2142,1018,1420
2143,1018,1618
2144,1019,3376
2145,1020,2282
2146,1021,3163
2147,1021,3438
2148,1022,1824
2149,1022,417
2150,1022,2635
2151,1023,2160
2152,1024,1590
2153,1024,2864
2154,1024,1906
2155,1025,2755
2156,1025,1783
2157,1025,2914
2158,1026,2205
2159,1026,3178
2160,1027,2133
2161,1027,3914
2162,1028,2770
2163,1028,2609
2164,1029,82
2165,1029,2666
2166,1030,69
2167,1030,3653
2168,1030,2779
2169,1031,1419
2170,1031,2212
2171,1032,2740
2172,1032,924
2173,1032,994
2174,1033,769
2175,1033,3837
2176,1034,1856
2177,1034,1481
2178,1034,3605
2179,1035,1994
2180,1036,2603
2181,1037,3456
2182,1037,1038
2183,1037,1309
2184,1038,2413
2185,1038,2658
2186,1039,3016
2187,1040,147
2188,1040,1487
2189,1041,2272
2190,1042,954
2191,1043,267
2192,1043,2271
2193,1044,3504
2194,1044,1101
2195,1045,179
2196,1045,2913
2197,1046,2883
2198,1046,3945
2199,1047,3797
2200,1048,1102
2201,1048,580
2202,1049,3665
2203,1050,1057
2204,1051,1915
2205,1051,739
2206,1052,2091
2207,1052,1805
2208,1053,738
2209,1053,3883
2210,1054,336
2211,1054,1288
2212,1054,2648
2213,1055,361
2214,1055,1025
2215,1056,2276
2216,1057,269
2217,1057,787
2218,1058,1323
2219,1059,2840
2220,1059,2018
2221,1059,3110
2222,1060,1522
2223,1060,3568
2224,1061,2130
2225,1062,3736
2226,1062,232
2227,1063,3622
2228,1063,1689
2229,1063,1433
2230,1064,2653
2231,1064,3805
2232,1064,1410
2233,1065,1464
2234,1065,2243
2235,1065,2576
2236,1066,3851
2237,1066,2001
2238,1066,2274
2239,1067,188
2240,1067,2931
2241,1068,1531
2242,1068,747
2243,1069,1310
2244,1070,3479
2245,1070,2851
2246,1071,1322
2247,1072,734
2248,1072,3784
2249,1072,2152
2250,1073,2412
2251,1073,3190
2252,1073,414
2253,1074,3743
2254,1075,1351
2255,1075,3416
2256,1075,3430
2257,1076,907
2258,1076,2861
2259,1077,3541
2260,1077,2119
2261,1078,1361
2262,1078,1764
2263,1078,1547
2264,1079,3513
2265,1079,3685
2266,1079,661
2267,1080,3700
2268,1081,427
2269,1081,764
2270,1081,2467
2271,1082,1780
2272,1083,3235
2273,1084,344
2274,1084,1738
2275,1085,2915
2276,1086,2638
2277,1087,2005
2278,1087,3343
2279,1088,387
2280,1089,2621
2281,1089,872
2282,1089,1468
2283,1090,258
2284,1090,1134
2285,1090,2336
2286,1091,3198
2287,1091,2340
2288,1092,1315
2289,1093,200
2290,1094,718
2291,1094,3322
2292,1095,2487
2293,1096,3175
2294,1097,2419
2295,1098,778
2296,1098,2547
2297,1099,3532
2298,1100,1598
2299,1100,3200
2300,1100,3868
2301,1101,1317
2302,1101,619
2303,1101,3360
2304,1102,3379
2305,1103,3392
2306,1103,2925
2307,1104,1297
2308,1104,1637
2309,1104,3013
2310,1105,39
2311,1105,366
2312,1106,3365
2313,1107,912
2314,1107,1930
2315,1107,3264
2316,1108,3279
2317,1109,3427
2318,1110,657
2319,1111,1688
2320,1111,89
2321,1112,2642
2322,1112,2545
2323,1113,2335
2324,1113,973
2325,1114,3202
2326,1115,793
2327,1116,1710
2328,1117,1629
2329,1117,472
2330,1117,2561
2331,1118,706
2332,1118,830
2333,1119,2779
2334,1119,1926
2335,1119,3167
2336,1120,252
2337,1120,1669
2338,1120,681
2339,1121,1612
2340,1122,2964
2341,1123,2405
2342,1123,53
2343,1123,3668
2344,1124,2872
2345,1124,7
2346,1124,2146
2347,1125,2517
2348,1125,220
2349,1125,2870
2350,1126,2707
2351,1127,2106
2352,1127,1922
2353,1128,2637
2354,1129,410
2355,1130,777
2356,1131,2332
2357,1131,1986
2358,1131,2137
2359,1132,1855
2360,1133,545
2361,1134,368
2362,1134,1812
2363,1134,413
2364,1135,2503
2365,1135,1331
2366,1135,920
2367,1136,92
2368,1136,1826
2369,1137,1486
2370,1137,2510
2371,1137,892
2372,1138,3167
2373,1138,508
2374,1139,165
2375,1140,3384
2376,1141,2198
2377,1141,922
2378,1141,3676
2379,1142,1333
2380,1142,3915
2381,1143,2867
2382,1144,789
2383,1145,2607
2384,1145,2275
2385,1145,149
2386,1146,410
2387,1146,653
2388,1146,1588
2389,1147,285
2390,1147,1403
2391,1148,1623
2392,1148,777
2393,1149,1252
2394,1150,2899
2395,1151,2212
2396,1151,1646
2397,1152,1844
2398,1152,2555
2399,1153,2972
2400,1153,1699
2401,1154,1946
2402,1155,2325
2403,1155,1302
2404,1155,2081
2405,1156,3334
2406,1156,673
2407,1157,2105
2408,1157,2155
2409,1158,3777
2410,1159,3119
2411,1159,1626
2412,1160,2815
2413,1160,1658
2414,1160,1105
2415,1161,2158
2416,1162,2408
2417,1162,863
2418,1163,3441
2419,1164,2471
2420,1165,1732
2421,1166,2309
2422,1166,2160
2423,1167,159
2424,1167,3722
2425,1167,2002
2426,1168,2783
2427,1168,648
2428,1168,1304
2429,1169,2418
2430,1170,160
2431,1171,81
2432,1171,3689
2433,1171,1087
2434,1172,850
2435,1173,1889
2436,1174,2089
2437,1175,1698
2438,1176,689
2439,1176,2243
2440,1176,1371
2441,1177,3233
2442,1177,3301
2443,1177,3064
2444,1178,1070
2445,1178,3688
2446,1179,2633
2447,1180,3338
2448,1181,2592
2449,1181,1144
2450,1182,1992
2451,1182,2033
2452,1183,2567
2453,1183,1132
2454,1183,1883
2455,1184,2874
2456,1185,2807
2457,1185,964
2458,1185,3892
2459,1186,3143
2460,1186,1001
2461,1187,139
2462,1187,3279
2463,1188,2929
2464,1189,2224
2465,1189,2036
2466,1189,966
2467,1190,160
2468,1191,1451
2469,1191,1419
2470,1192,1014
2471,1192,3791
2472,1193,3183
2473,1194,2140
2474,1194,597
2475,1195,373
2476,1195,431
2477,1195,3543
2478,1196,3171
2479,1196,1455
2480,1197,3285
2481,1197,2038
2482,1197,676
2483,1198,760
2484,1199,3166
2485,1200,2472
2486,1201,2705
2487,1201,2819
2488,1202,3931
2489,1203,3353
2490,1203,1895
2491,1203,336
2492,1204,1638
2493,1204,3508
2494,1205,2492
2495,1205,287
2496,1206,1895
2497,1207,1837
2498,1207,1913
2499,1208,24
2500,1209,2160
2501,1210,251
2502,1210,3319
2503,1211,1573
2504,1212,1484
2505,1212,429
2506,1213,410
2507,1213,1065
2508,1213,741
2509,1214,2732
2510,1214,3078
2511,1214,1065
2512,1215,2992
2513,1215,1042
2514,1216,2525
2515,1217,2820
2516,1217,3703
2517,1218,1825
2518,1218,1095
2519,1219,72
2520,1220,564
2521,1220,52
2522,1221,2655
2523,1221,506
2524,1222,1706
2525,1222,3386
2526,1223,563
2527,1224,647
2528,1224,1303
2529,1225,2193
2530,1225,789
2531,1225,1437
2532,1226,2242
2533,1226,808
2534,1226,101
2535,1227,2370
2536,1228,1297
2537,1229,2693
2538,1229,732
2539,1230,2721
2540,1231,3074
2541,1231,3459
2542,1232,1325
2543,1232,2494
2544,1232,1312
2545,1233,2077
2546,1234,2162
2547,1234,1633
2548,1234,3449
2549,1235,3486
2550,1236,534
2551,1237,2127
2552,1238,2434
2553,1238,1550
2554,1238,3474
2555,1239,1911
2556,1239,670
2557,1240,3647
2558,1241,3470
2559,1241,2547
2560,1241,2184
2561,1242,954
2562,1242,1598
2563,1243,2406
2564,1243,1606
2565,1244,2729
2566,1245,3102
2567,1245,3149
2568,1246,1941
2569,1246,3307
2570,1247,3076
2571,1247,1267
2572,1248,2684
2573,1248,3769
2574,1249,2493
2575,1249,3942
2576,1250,3472
2577,1250,3645
2578,1251,1645
2579,1251,1995
2580,1252,3836
2581,1252,2032
2582,1252,1275
2583,1253,3014
2584,1253,108
2585,1254,3082
2586,1254,613
2587,1254,603
2588,1255,3483
2589,1256,2219
2590,1257,2502
2591,1257,2563
2592,1258,1817
2593,1258,1015
2594,1259,2356
2595,1260,1628
2596,1261,3480
2597,1261,3846
2598,1262,1770
2599,1263,3469
2600,1263,2721
2601,1263,1990
2602,1264,3491
2603,1264,868
2604,1264,3421
2605,1265,2590
2606,1266,39
2607,1266,1506
2608,1267,2226
2609,1267,3326
2610,1267,2439
2611,1268,789
2612,1269,3096
2613,1269,2926
2614,1269,3924
2615,1270,3853
2616,1271,2710
2617,1272,341
2618,1272,815
2619,1273,3450
2620,1274,628
2621,1274,1883
2622,1275,3030
2623,1275,2884
2624,1275,2011
2625,1276,1565
2626,1277,1208
2627,1278,1902
2628,1278,1215
2629,1278,2479
2630,1279,1157
2631,1279,534
2632,1280,1120
2633,1280,1005
2634,1281,11
2635,1282,869
2636,1282,545
2637,1283,1972
2638,1283,809
2639,1284,2197
2640,1285,292
2641,1286,3650
2642,1287,3002
2643,1287,3774
2644,1288,1589
2645,1289,1756
2646,1289,2084
2647,1290,2615
2648,1290,434
2649,1291,742
2650,1292,2168
2651,1292,3913
2652,1292,3766
2653,1293,3259
2654,1293,3579
2655,1293,846
2656,1294,1737
2657,1294,3829
2658,1295,3724
2659,1295,1478
2660,1295,3602
2661,1296,916
2662,1297,487
2663,1297,2269
2664,1297,2489
2665,1298,2432
2666,1298,384
2667,1298,3637
2668,1299,3531
2669,1300,2744
2670,1300,1076
2671,1301,3378
2672,1302,1184
2673,1302,2837
2674,1303,2540
2675,1304,1383
2676,1304,856
2677,1305,3549
2678,1305,2353
2679,1305,1446
2680,1306,2303
2681,1307,2361
2682,1308,591
2683,1309,1354
2684,1310,3162
2685,1310,3129
2686,1310,562
2687,1311,1163
2688,1311,546
2689,1312,636
2690,1313,2690
2691,1313,1470
2692,1313,2203
2693,1314,1042
2694,1314,3373
2695,1315,1804
2696,1315,620
2697,1316,3417
2698,1317,3783
2699,1317,119
2700,1318,1533
2701,1318,2001
2702,1318,3722
2703,1319,111
2704,1319,2002
2705,1319,3403
2706,1320,2369
2707,1320,2345
2708,1320,2424
2709,1321,3578
2710,1321,1215
2711,1321,24
2712,1322,723
2713,1322,3385
2714,1322,1069
2715,1323,3547
2716,1324,2917
2717,1324,1899
2718,1324,967
2719,1325,997
2720,1326,2321
2721,1326,1928
2722,1326,1447
2723,1327,985
2724,1327,2761
2725,1327,1593
2726,1328,1073
2727,1328,2514
2728,1328,1225
2729,1329,1453
2730,1329,2326
2731,1329,989
2732,1330,453
2733,1330,3864
2734,1330,3770
2735,1331,3572
2736,1331,462
2737,1331,2054
2738,1332,3865
2739,1333,1263
2740,1333,1404
2741,1333,2766
2742,1334,3210
2743,1334,2678
2744,1334,1249
2745,1335,2963
2746,1335,3083
2747,1336,248
2748,1336,1602
2749,1336,1234
2750,1337,1141
2751,1337,2251
2752,1337,1143
2753,1338,501
2754,1338,520
2755,1338,346
2756,1339,3168
2757,1339,2358
2758,1340,2678
2759,1340,2213
2760,1340,1021
2761,1341,3914
2762,1341,2217
2763,1342,3213
2764,1342,3204
2765,1343,3619
2766,1343,281
2767,1343,1187
2768,1344,1604
2769,1344,700
2770,1345,3218
2771,1345,2364
2772,1345,446
2773,1346,2804
2774,1347,1080
2775,1347,242
2776,1347,1740
2777,1348,1416
2778,1348,1934
2779,1349,3152
2780,1350,1836
2781,1350,3537
2782,1351,3767
2783,1351,2301
2784,1351,506
2785,1352,3806
2786,1352,1609
2787,1353,1084
2788,1353,3234
2789,1354,3559
2790,1355,3149
2791,1355,254
2792,1356,2685
2793,1356,134
2794,1356,2047
2795,1357,633
2796,1358,2205
2797,1358,1606
2798,1359,2078
2799,1359,1092
2800,1359,2049
2801,1360,310
2802,1360,2435
2803,1360,1051
2804,1361,3279
2805,1361,274
2806,1362,115
2807,1363,3931
2808,1363,2628
2809,1364,178
2810,1364,752
2811,1365,97
2812,1366,3853
2813,1367,1769
2814,1367,3605
2815,1367,873
2816,1368,1895
2817,1369,3849
2818,1369,745
2819,1370,439
2820,1370,1146
2821,1370,3850
2822,1371,3893
2823,1371,3849
2824,1371,411
2825,1372,1956
2826,1372,650
2827,1372,3849
2828,1373,2550
2829,1373,2998
2830,1373,3849
2831,1374,3270
2832,1374,3775
2833,1375,3775
2834,1375,3270
2835,1375,3389
2836,1376,483
2837,1376,3775
2838,1376,2464
2839,1377,3270
2840,1377,2464
2841,1377,3775
2842,1378,712
2843,1378,2465
2844,1378,746
2845,1379,3389
2846,1379,3689
2847,1379,3776
2848,1380,2371
2849,1380,728
2850,1380,3389
2851,1381,3137
2852,1381,3775
2853,1382,1853
2854,1382,859
2855,1383,859
2856,1383,1853
2857,1384,1853
2858,1384,2741
2859,1384,3711
2860,1385,884
2861,1385,300
2862,1385,2207
2863,1386,2575
2864,1386,1853
2865,1386,859
2866,1387,3886
2867,1387,3177
2868,1388,3273
2869,1389,3273
2870,1390,3055
2871,1391,911
2872,1391,3684
2873,1391,1909
2874,1392,910
2875,1393,910
2876,1394,3534
2877,1394,2562
2878,1394,2451
2879,1395,2451
2880,1395,2562
2881,1396,3497
2882,1396,422
2883,1396,1211
2884,1397,3908
2885,1398,3295
2886,1398,3885
2887,1398,3908
2888,1399,3908
2889,1400,1716
2890,1400,3403
2891,1401,3404
2892,1401,3832
2893,1401,1716
2894,1402,1717
2895,1402,3198
2896,1402,3403
2897,1403,547
2898,1404,547
2899,1404,521
2900,1405,547
2901,1405,3533
2902,1406,3579
2903,1406,3608
2904,1406,1981
2905,1407,3620
2906,1408,1387
2907,1408,3455
2908,1409,3616
2909,1409,1190
2910,1410,364
2911,1410,3229
2912,1411,364
2913,1411,3229
2914,1412,3537
2915,1412,2850
2916,1412,3845
2917,1413,2481
2918,1414,336
2919,1414,3353
2920,1415,917
2921,1415,1549
2922,1416,1436
2923,1416,36
2924,1416,3426
2925,1417,582
2926,1417,544
2927,1418,1150
2928,1418,787
2929,1419,2869
2930,1419,2746
2931,1420,2400
2932,1420,1132
2933,1421,2615
2934,1422,3794
2935,1422,3484
2936,1423,3379
2937,1424,1757
2938,1424,1311
2939,1424,2588
2940,1425,3211
2941,1426,3712
2942,1427,3582
2943,1427,3300
2944,1428,2023
2945,1428,312
2946,1428,2290
2947,1429,3762
2948,1429,2305
2949,1429,774
2950,1430,1697
2951,1430,354
2952,1430,3071
2953,1431,336
2954,1431,903
2955,1431,294
2956,1432,629
2957,1432,348
2958,1433,3582
2959,1434,2023
2960,1435,3520
2961,1436,1349
2962,1436,2221
2963,1437,2000
2964,1437,2333
2965,1437,3159
2966,1438,2416
2967,1438,2541
2968,1438,2960
2969,1439,1039
2970,1439,3753
2971,1440,3762
2972,1440,2954
2973,1440,3503
2974,1441,1286
2975,1441,917
2976,1442,235
2977,1442,914
2978,1442,1286
2979,1443,2703
2980,1443,775
2981,1443,2627
2982,1444,423
2983,1444,970
2984,1444,3540
2985,1445,423
2986,1445,3540
2987,1445,971
2988,1446,914
2989,1446,235
2990,1446,2023
2991,1447,2056
2992,1447,2338
2993,1448,1568
2994,1448,3410
2995,1449,2150
2996,1449,1583
2997,1450,2686
2998,1450,828
2999,1450,1072
3000,1451,842
3001,1451,3193
3002,1451,2284
3003,1452,3355
3004,1453,2590
3005,1454,3931
3006,1455,692
3007,1455,1149
3008,1455,1611
3009,1456,382
3010,1456,3151
3011,1457,1495
3012,1458,1450
3013,1459,1449
3014,1460,3019
3015,1460,230
3016,1461,680
3017,1462,2156
3018,1463,2291
3019,1463,1514
3020,1463,260
3021,1464,2991
3022,1464,1513
3023,1464,2174
3024,1465,787
3025,1466,1695
3026,1467,2195
3027,1467,3004
3028,1467,2113
3029,1468,3826
3030,1468,1052
3031,1468,1820
3032,1469,1362
3033,1469,3264
3034,1469,1930
3035,1470,3520
3036,1471,1742
3037,1471,506
3038,1472,373
3039,1472,2754
3040,1473,331
3041,1473,899
3042,1474,3633
3043,1474,271
3044,1474,2976
3045,1475,3585
3046,1475,1534
3047,1475,1052
3048,1476,2053
3049,1476,957
3050,1477,1765
3051,1477,2085
3052,1477,452
3053,1478,2392
3054,1478,2113
3055,1478,2195
3056,1479,2366
3057,1479,102
3058,1480,934
3059,1480,946
3060,1480,2428
3061,1481,1269
3062,1481,3820
3063,1481,2186
3064,1482,733
3065,1482,2846
3066,1482,709
3067,1483,917
3068,1483,1116
3069,1484,1820
3070,1484,1052
3071,1484,518
3072,1485,3026
3073,1486,3353
3074,1486,903
3075,1486,336
3076,1487,2675
3077,1487,666
3078,1487,2506
3079,1488,408
3080,1488,433
3081,1488,2336
3082,1489,720
3083,1490,3811
3084,1490,3750
3085,1491,3526
3086,1491,379
3087,1491,522
3088,1492,2004
3089,1493,1853
3090,1493,859
3091,1493,3227
3092,1494,3509
3093,1495,468
3094,1495,3510
3095,1495,2551
3096,1496,471
3097,1496,3509
3098,1496,1236
3099,1497,471
3100,1497,3509
3101,1497,1236
3102,1498,2518
3103,1498,2225
3104,1499,3474
3105,1499,1870
3106,1500,2092
3107,1500,3329
3108,1501,3863
3109,1501,1284
3110,1501,1242
3111,1502,1536
3112,1502,548
3113,1502,2941
3114,1503,2601
3115,1503,1248
3116,1504,3474
3117,1504,1716
3118,1505,3476
3119,1506,3474
3120,1506,3801
3121,1507,3474
3122,1507,901
3123,1507,264
3124,1508,1237
3125,1508,3474
3126,1509,900
3127,1509,2115
3128,1509,1205
3129,1510,2208
3130,1510,485
3131,1510,496
3132,1511,3121
3133,1511,181
3134,1511,3551
3135,1512,404
3136,1512,779
3137,1513,1886
3138,1514,1884
3139,1515,1495
3140,1516,992
3141,1516,1080
3142,1517,820
3143,1518,43
3144,1518,1895
3145,1518,3896
3146,1519,2273
3147,1519,1470
3148,1520,333
3149,1520,1744
3150,1521,962
3151,1521,956
3152,1522,2469
3153,1522,1894
3154,1522,3054
3155,1523,900
3156,1523,1942
3157,1523,3156
3158,1524,802
3159,1524,1769
3160,1525,3720
3161,1525,2051
3162,1525,775
3163,1526,525
3164,1526,1122
3165,1526,775
3166,1527,3888
3167,1528,1895
3168,1529,1895
3169,1530,470
3170,1530,1828
3171,1531,1675
3172,1531,1949
3173,1532,1172
3174,1532,1097
3175,1533,1097
3176,1533,1172
3177,1534,1635
3178,1535,1635
3179,1536,2146
3180,1536,2872
3181,1536,7
3182,1537,3558
3183,1537,909
3184,1538,3279
3185,1538,3606
3186,1539,3575
3187,1540,1924
3188,1540,3068
3189,1541,3263
3190,1541,1497
3191,1542,2552
3192,1542,3930
3193,1542,1429
3194,1543,2552
3195,1543,2086
3196,1544,643
3197,1544,1865
3198,1544,1523
3199,1545,1983
3200,1545,2923
3201,1546,2706
3202,1547,2781
3203,1547,3851
3204,1547,2982
3205,1548,808
3206,1549,729
3207,1550,207
3208,1550,20
3209,1550,2617
3210,1551,2820
3211,1552,2112
3212,1552,1222
3213,1552,3787
3214,1553,2208
3215,1553,2585
3216,1553,3833
3217,1554,2832
3218,1554,1477
3219,1554,242
3220,1555,1080
3221,1555,3772
3222,1556,241
3223,1556,213
3224,1557,2108
3225,1557,416
3226,1557,3923
3227,1558,3926
3228,1558,1663
3229,1559,2515
3230,1559,185
3231,1560,500
3232,1560,1925
3233,1560,658
3234,1561,1925
3235,1561,1553
3236,1562,656
3237,1562,3033
3238,1562,3854
3239,1563,3393
3240,1563,131
3241,1563,3854
3242,1564,2410
3243,1565,3658
3244,1566,71
3245,1566,1248
3246,1567,359
3247,1567,1242
3248,1568,789
3249,1568,2788
3250,1568,1022
3251,1569,2759
3252,1569,1162
3253,1569,1179
3254,1570,3903
3255,1571,1858
3256,1571,2389
3257,1571,1409
3258,1572,131
3259,1572,800
3260,1572,3180
3261,1573,1801
3262,1573,113
3263,1573,1958
3264,1574,3641
3265,1574,3337
3266,1574,131
3267,1575,2951
3268,1575,930
3269,1575,1803
3270,1576,2763
3271,1577,1803
3272,1577,3348
3273,1577,131
3274,1578,3435
3275,1578,1525
3276,1578,1803
3277,1579,1151
3278,1579,1100
3279,1579,3434
3280,1580,2017
3281,1580,1485
3282,1580,500
3283,1581,500
3284,1581,1008
3285,1581,658
3286,1582,301
3287,1582,500
3288,1582,112
3289,1583,1023
3290,1583,2395
3291,1583,112
3292,1584,784
3293,1584,412
3294,1585,3789
3295,1585,1293
3296,1585,168
3297,1586,1898
3298,1586,2445
3299,1587,2143
3300,1587,3221
3301,1588,2295
3302,1589,2295
3303,1590,68
3304,1591,765
3305,1591,1776
3306,1592,1606
3307,1593,3574
3308,1593,2357
3309,1594,2159
3310,1595,276
3311,1595,2438
3312,1596,460
3313,1597,2755
3314,1598,2677
3315,1598,262
3316,1598,2845
3317,1599,134
3318,1599,835
3319,1599,2214
3320,1600,3760
3321,1600,272
3322,1601,2551
3323,1601,3052
3324,1602,1152
3325,1602,2612
3326,1602,61
3327,1603,3595
3328,1603,644
3329,1604,2200
3330,1604,607
3331,1604,534
3332,1605,1044
3333,1606,3366
3334,1607,789
3335,1607,3648
3336,1607,867
3337,1608,622
3338,1608,1036
3339,1609,3008
3340,1609,85
3341,1609,789
3342,1610,670
3343,1610,2900
3344,1611,1108
3345,1611,2404
3346,1612,3909
3347,1612,609
3348,1613,10
3349,1614,1546
3350,1614,137
3351,1615,1746
3352,1615,833
3353,1616,194
3354,1616,2079
3355,1617,1776
3356,1617,3298
3357,1618,1721
3358,1618,2192
3359,1619,3324
3360,1619,2099
3361,1619,1603
3362,1620,789
3363,1620,1529
3364,1621,3439
3365,1622,2501
3366,1623,1973
3367,1624,2435
3368,1624,310
3369,1624,2843
3370,1625,2362
3371,1625,3021
3372,1626,818
3373,1626,1893
3374,1627,3367
3375,1627,1781
3376,1627,3312
3377,1628,3586
3378,1628,3320
3379,1628,1254
3380,1629,327
3381,1629,1968
3382,1630,2616
3383,1631,3931
3384,1632,3644
3385,1632,486
3386,1633,3495
3387,1633,2380
3388,1634,3663
3389,1634,567
3390,1634,2877
3391,1635,3457
3392,1636,554
3393,1636,3860
3394,1636,3506
3395,1637,3279
3396,1637,3088
3397,1638,2519
3398,1639,2519
3399,1640,664
3400,1641,1806
3401,1642,1923
3402,1643,3700
3403,1644,350
3404,1644,2117
3405,1644,1734
3406,1645,514
3407,1645,3244
3408,1646,236
3409,1646,2930
3410,1647,2430
3411,1647,1576
3412,1647,1434
3413,1648,1054
3414,1648,578
3415,1648,787
3416,1649,3078
3417,1649,41
3418,1649,3716
3419,1650,910
3420,1651,3236
3421,1651,116
3422,1651,39
3423,1652,3671
3424,1653,3474
3425,1653,391
3426,1654,1209
3427,1655,834
3428,1656,3230
3429,1656,3788
3430,1657,3742
3431,1657,2497
3432,1658,239
3433,1658,3475
3434,1658,2585
3435,1659,1957
3436,1659,906
3437,1660,792
3438,1661,3078
3439,1662,575
3440,1662,323
3441,1663,2527
3442,1663,1006
3443,1663,2230
3444,1664,25
3445,1664,3647
3446,1665,2569
3447,1666,1610
3448,1666,3666
3449,1667,3740
3450,1667,2309
3451,1668,1375
3452,1668,3692
3453,1668,2530
3454,1669,1709
3455,1669,2159
3456,1669,3274
3457,1670,2618
3458,1670,2752
3459,1671,995
3460,1671,2879
3461,1671,897
3462,1672,1101
3463,1672,2299
3464,1673,3883
3465,1673,1497
3466,1674,3785
3467,1675,12
3468,1675,97
3469,1676,2705
3470,1676,783
3471,1677,1582
3472,1678,1048
3473,1678,3747
3474,1678,1113
3475,1679,261
3476,1679,2225
3477,1680,791
3478,1681,1520
3479,1681,221
3480,1681,796
3481,1682,163
3482,1682,1819
3483,1682,1912
3484,1683,3931
3485,1684,2386
3486,1684,2043
3487,1684,3823
3488,1685,2170
3489,1686,2661
3490,1686,3639
3491,1687,1973
3492,1688,997
3493,1689,3570
3494,1689,3424
3495,1689,1511
3496,1690,38
3497,1690,1172
3498,1690,3048
3499,1691,3425
3500,1691,2858
3501,1691,432
3502,1692,1569
3503,1692,3325
3504,1692,2529
3505,1693,2528
3506,1693,1569
3507,1693,3325
3508,1694,3530
3509,1694,3286
3510,1694,2528
3511,1695,2267
3512,1696,3295
3513,1696,2260
3514,1697,2956
3515,1697,1321
3516,1697,145
3517,1698,1321
3518,1698,2256
3519,1699,626
3520,1699,1245
3521,1699,3167
3522,1700,259
3523,1700,2337
3524,1700,1007
3525,1701,763
3526,1702,2559
3527,1702,3086
3528,1702,1484
3529,1703,906
3530,1703,676
3531,1703,634
3532,1704,1473
3533,1704,2821
3534,1704,2695
3535,1705,2820
3536,1705,278
3537,1705,2694
3538,1706,2694
3539,1706,1218
3540,1706,2820
3541,1707,2694
3542,1707,1218
3543,1707,2820
3544,1708,3467
3545,1708,2820
3546,1708,2694
3547,1709,2820
3548,1709,3467
3549,1709,2694
3550,1710,1246
3551,1710,2052
3552,1710,2422
3553,1711,3781
3554,1712,1984
3555,1713,2908
3556,1714,3150
3557,1714,2027
3558,1715,2419
3559,1715,1763
3560,1716,3370
3561,1717,3495
3562,1717,2007
3563,1717,2446
3564,1718,2598
3565,1718,1219
3566,1718,3111
3567,1719,2970
3568,1719,2723
3569,1720,3848
3570,1720,2795
3571,1721,2379
3572,1721,3705
3573,1722,3758
3574,1722,1250
3575,1723,2277
3576,1723,798
3577,1724,1313
3578,1725,877
3579,1725,2542
3580,1726,2151
3581,1726,795
3582,1726,3559
3583,1727,3912
3584,1727,2578
3585,1727,795
3586,1728,3559
3587,1728,3414
3588,1728,795
3589,1729,888
3590,1729,2226
3591,1729,2439
3592,1730,888
3593,1730,1455
3594,1730,2242
3595,1731,810
3596,1731,3675
3597,1732,1028
3598,1732,810
3599,1732,3481
3600,1733,3559
3601,1734,3559
3602,1735,3559
3603,1736,3559
3604,1737,209
3605,1737,1911
3606,1737,2003
3607,1738,238
3608,1738,547
3609,1739,878
3610,1739,1305
3611,1739,3245
3612,1740,2756
3613,1741,1197
3614,1741,3122
3615,1741,2600
3616,1742,3901
3617,1743,3198
3618,1744,3198
3619,1745,3198
3620,1746,1895
3621,1747,2755
3622,1747,861
3623,1747,2644
3624,1748,2878
3625,1748,1840
3626,1749,1604
3627,1749,3599
3628,1750,2160
3629,1750,836
3630,1750,435
3631,1751,2528
3632,1751,3325
3633,1751,2439
3634,1752,3325
3635,1752,2528
3636,1753,2823
3637,1753,3512
3638,1753,2505
3639,1754,1750
3640,1754,1266
3641,1754,3531
3642,1755,3535
3643,1755,1998
3644,1756,1929
3645,1756,1139
3646,1757,2058
3647,1757,3065
3648,1758,1537
3649,1759,2869
3650,1759,3319
3651,1760,976
3652,1760,584
3653,1760,3466
3654,1761,2511
3655,1761,3809
3656,1762,1144
3657,1762,1439
3658,1762,2985
3659,1763,3862
3660,1764,3507
3661,1764,2778
3662,1765,2705
3663,1765,266
3664,1765,438
3665,1766,3799
3666,1767,869
3667,1767,597
3668,1768,2298
3669,1768,1943
3670,1768,3239
3671,1769,1284
3672,1769,3499
3673,1769,3863
3674,1770,2591
3675,1771,2730
3676,1772,1241
3677,1772,1577
3678,1773,747
3679,1773,1241
3680,1773,508
3681,1774,1793
3682,1774,2627
3683,1774,2131
3684,1775,1204
3685,1775,1795
3686,1776,1605
3687,1776,1371
3688,1776,408
3689,1777,2164
3690,1777,3660
3691,1778,2188
3692,1778,3660
3693,1779,2163
3694,1779,773
3695,1779,3660
3696,1780,3660
3697,1780,2163
3698,1781,664
3699,1781,2773
3700,1782,2605
3701,1782,3050
3702,1782,1829
3703,1783,885
3704,1783,434
3705,1784,3752
3706,1784,1340
3707,1784,147
3708,1785,761
3709,1785,523
3710,1785,2686
3711,1786,1743
3712,1786,222
3713,1787,2856
3714,1787,2129
3715,1787,1859
3716,1788,2855
3717,1788,401
3718,1789,1766
3719,1789,1622
3720,1790,479
3721,1791,3094
3722,1791,3824
3723,1792,1959
3724,1792,1043
3725,1793,870
3726,1793,1575
3727,1793,2028
3728,1794,3018
3729,1794,2315
3730,1794,3509
3731,1795,1855
3732,1795,3492
3733,1796,2857
3734,1797,892
3735,1797,1486
3736,1798,2010
3737,1798,3951
3738,1799,2993
3739,1800,2687
3740,1800,3070
3741,1801,1811
3742,1802,2250
3743,1803,3604
3744,1803,923
3745,1803,410
3746,1804,2048
3747,1805,2679
3748,1806,2076
3749,1806,2175
3750,1806,2075
3751,1807,3261
3752,1807,3047
3753,1807,3460
3754,1808,1473
3755,1808,326
3756,1809,1256
3757,1809,2728
3758,1810,852
3759,1810,1908
3760,1810,3418
3761,1811,724
3762,1812,2282
3763,1812,1445
3764,1813,2636
3765,1814,3402
3766,1815,153
3767,1816,3033
3768,1816,2240
3769,1817,3475
3770,1818,3092
3771,1819,1
3772,1819,1268
3773,1819,3474
3774,1820,898
3775,1820,2495
3776,1820,3474
3777,1821,332
3778,1821,3474
3779,1822,2336
3780,1822,258
3781,1823,3141
3782,1824,240
3783,1824,1250
3784,1825,240
3785,1825,905
3786,1826,240
3787,1826,822
3788,1826,2606
3789,1827,3081
3790,1827,3894
3791,1827,3357
3792,1828,3087
3793,1828,3635
3794,1828,1153
3795,1829,1160
3796,1829,1950
3797,1830,987
3798,1830,3454
3799,1831,2547
3800,1832,3877
3801,1832,841
3802,1832,1230
3803,1833,2981
3804,1833,2622
3805,1833,3241
3806,1834,2848
3807,1834,2672
3808,1834,2981
3809,1835,2847
3810,1835,2981
3811,1835,1978
3812,1836,2847
3813,1836,2981
3814,1837,2847
3815,1837,2981
3816,1838,638
3817,1838,1128
3818,1838,1213
3819,1839,1233
3820,1839,2400
3821,1840,1728
3822,1840,1065
3823,1840,240
3824,1841,2850
3825,1841,2716
3826,1842,1371
3827,1842,2949
3828,1842,2139
3829,1843,3206
3830,1844,3250
3831,1844,544
3832,1845,1337
3833,1846,1559
3834,1846,3484
3835,1847,3001
3836,1847,3474
3837,1848,2148
3838,1848,561
3839,1849,2716
3840,1849,3428
3841,1850,2767
3842,1850,747
3843,1850,266
3844,1851,847
3845,1852,3537
3846,1852,3284
3847,1852,3929
3848,1853,1845
3849,1853,1980
3850,1854,3176
3851,1854,1136
3852,1854,3529
3853,1855,1212
3854,1856,2376
3855,1857,244
3856,1857,2789
3857,1857,2901
3858,1858,3580
3859,1859,2845
3860,1859,155
3861,1859,2201
3862,1860,295
3863,1860,2095
3864,1860,3755
3865,1861,1696
3866,1861,2391
3867,1862,2789
3868,1862,2388
3869,1862,1080
3870,1863,1775
3871,1863,1807
3872,1863,2128
3873,1864,3954
3874,1864,2336
3875,1864,3560
3876,1865,448
3877,1865,3473
3878,1865,3381
3879,1866,3441
3880,1867,2806
3881,1868,2293
3882,1868,2190
3883,1869,3915
3884,1869,2172
3885,1869,2083
3886,1870,478
3887,1871,2376
3888,1871,2710
3889,1872,588
3890,1873,1835
3891,1874,2381
3892,1874,14
3893,1875,280
3894,1875,1366
3895,1875,3748
3896,1876,201
3897,1877,2067
3898,1878,3275
3899,1878,1826
3900,1878,92
3901,1879,3207
3902,1879,2504
3903,1880,1238
3904,1880,2713
3905,1881,1094
3906,1881,343
3907,1882,2490
3908,1882,93
3909,1883,1616
3910,1884,1524
3911,1884,821
3912,1884,2378
3913,1885,2270
3914,1885,1282
3915,1885,714
3916,1886,1787
3917,1886,104
3918,1886,3695
3919,1887,747
3920,1888,3280
3921,1888,2568
3922,1888,3869
3923,1889,3271
3924,1889,3600
3925,1890,2838
3926,1891,3657
3927,1891,3718
3928,1892,1611
3929,1892,3879
3930,1892,3007
3931,1893,3623
3932,1894,2006
3933,1895,538
3934,1895,1547
3935,1895,1764
3936,1896,2306
3937,1896,2151
3938,1896,3487
3939,1897,3358
3940,1897,3682
3941,1897,1643
3942,1898,2865
3943,1899,3914
3944,1899,2571
3945,1900,1440
3946,1901,2176
3947,1901,1366
3948,1901,3588
3949,1902,3672
3950,1903,1242
3951,1904,2394
3952,1904,492
3953,1905,310
3954,1905,1607
3955,1905,601
3956,1906,3104
3957,1906,2748
3958,1906,1906
3959,1907,1797
3960,1908,309
3961,1908,2255
3962,1908,952
3963,1909,1328
3964,1909,1422
3965,1909,397
3966,1910,1328
3967,1910,1907
3968,1910,2516
3969,1911,1327
3970,1911,2708
3971,1911,1421
3972,1912,571
3973,1912,1158
3974,1912,1165
3975,1913,1745
3976,1913,1823
3977,1913,2401
3978,1914,1745
3979,1914,2401
3980,1914,1823
3981,1915,1745
3982,1915,797
3983,1915,1823
3984,1916,589
3985,1916,1823
3986,1916,1745
3987,1917,389
3988,1917,1906
3989,1917,1357
3990,1918,652
3991,1918,1004
3992,1919,2483
3993,1919,2888
3994,1919,1906
3995,1920,3934
3996,1920,2483
3997,1921,1068
3998,1921,3371
3999,1922,652
4000,1923,2483
4001,1923,1797
4002,1924,1068
4003,1924,652
4004,1925,652
4005,1926,1203
4006,1926,3215
4007,1927,1538
4008,1927,2460
4009,1927,3195
4010,1928,3091
4011,1928,1784
4012,1929,1456
4013,1929,1968
4014,1929,515
4015,1930,3025
4016,1930,1385
4017,1931,1347
4018,1931,281
4019,1932,691
4020,1932,1548
4021,1932,3059
4022,1933,2247
4023,1933,3849
4024,1933,314
4025,1934,1625
4026,1934,3331
4027,1935,1878
4028,1935,999
4029,1936,3064
4030,1937,3023
4031,1937,2013
4032,1937,685
4033,1938,698
4034,1938,1257
4035,1939,3924
4036,1939,2733
4037,1940,2669
4038,1941,2583
4039,1941,2638
4040,1942,913
4041,1942,1169
4042,1943,2754
4043,1943,3565
4044,1943,373
4045,1944,3883
4046,1944,2715
4047,1944,574
4048,1945,2791
4049,1945,2777
4050,1946,96
4051,1946,1279
4052,1947,3706
4053,1948,3498
4054,1948,25
4055,1948,3647
4056,1949,1134
4057,1950,1360
4058,1951,3851
4059,1951,50
4060,1951,907
4061,1952,3742
4062,1952,2805
4063,1952,2497
4064,1953,1962
4065,1953,1788
4066,1953,3333
4067,1954,2573
4068,1954,3450
4069,1954,3773
4070,1955,2268
4071,1956,19
4072,1957,1012
4073,1958,3956
4074,1959,2120
4075,1959,1742
4076,1959,1830
4077,1960,990
4078,1960,1401
4079,1960,693
4080,1961,1182
4081,1961,245
4082,1961,3453
4083,1962,750
4084,1963,3664
4085,1963,3115
4086,1964,1627
4087,1965,670
4088,1965,3120
4089,1965,1371
4090,1966,670
4091,1966,1371
4092,1967,2310
4093,1968,3428
4094,1968,813
4095,1969,177
4096,1969,440
4097,1969,1671
4098,1970,1657
4099,1971,948
4100,1971,3839
4101,1971,927
4102,1972,357
4103,1972,2703
4104,1973,2012
4105,1973,3361
4106,1974,2436
4107,1974,2599
4108,1975,1790
4109,1975,2302
4110,1975,3453
4111,1976,1463
4112,1976,3453
4113,1977,2950
4114,1977,1454
4115,1977,667
4116,1978,1570
4117,1978,3795
4118,1978,3453
4119,1979,3453
4120,1979,3897
4121,1980,2383
4122,1980,1171
4123,1981,1413
4124,1981,1673
4125,1981,1170
4126,1982,854
4127,1982,259
4128,1982,2337
4129,1983,2873
4130,1983,2869
4131,1984,869
4132,1985,2711
4133,1986,318
4134,1987,2527
4135,1987,117
4136,1988,1575
4137,1989,3151
4138,1990,1452
4139,1990,497
4140,1990,3249
4141,1991,497
4142,1991,3249
4143,1992,1218
4144,1992,2238
4145,1992,1344
4146,1993,1580
4147,1993,806
4148,1994,3931
4149,1995,751
4150,1995,358
4151,1996,2276
4152,1997,199
4153,1997,653
4154,1998,1719
4155,1998,1521
4156,1998,510
4157,1999,2869
4158,2000,2721
4159,2000,1054
4160,2000,578
4161,2001,767
4162,2002,3422
4163,2002,152
4164,2003,385
4165,2003,3581
4166,2003,3650
4167,2004,2356
4168,2005,2184
4169,2005,77
4170,2005,2276
4171,2006,77
4172,2007,3662
4173,2008,1965
4174,2008,392
4175,2009,1596
4176,2009,2496
4177,2010,3509
4178,2011,736
4179,2011,18
4180,2012,473
4181,2013,2887
4182,2014,2654
4183,2014,140
4184,2014,148
4185,2015,1015
4186,2015,1392
4187,2015,3828
4188,2016,978
4189,2016,3088
4190,2017,3141
4191,2018,978
4192,2018,3088
4193,2019,3221
4194,2019,978
4195,2019,2859
4196,2020,499
4197,2020,2994
4198,2020,978
4199,2021,1220
4200,2021,3594
4201,2022,3474
4202,2023,1856
4203,2023,3602
4204,2023,1294
4205,2024,814
4206,2024,1397
4207,2024,3454
4208,2025,814
4209,2025,147
4210,2026,1757
4211,2026,842
4212,2026,1747
4213,2027,46
4214,2027,2116
4215,2027,2639
4216,2028,1911
4217,2028,3643
4218,2028,3704
4219,2029,1896
4220,2029,3184
4221,2030,1896
4222,2031,1661
4223,2031,1716
4224,2032,1209
4225,2032,205
4226,2033,2202
4227,2033,3369
4228,2034,2202
4229,2034,3369
4230,2035,3092
4231,2035,547
4232,2035,1676
4233,2036,2212
4234,2036,2912
4235,2037,3221
4236,2038,1883
4237,2038,62
4238,2039,2241
4239,2039,358
4240,2039,1681
4241,2040,26
4242,2040,3185
4243,2041,2160
4244,2042,845
4245,2042,585
4246,2042,3100
4247,2043,3100
4248,2043,845
4249,2043,585
4250,2044,1702
4251,2045,3939
4252,2045,3127
4253,2045,3336
4254,2046,2839
4255,2046,2565
4256,2047,3437
4257,2047,2144
4258,2048,3437
4259,2048,2144
4260,2049,1595
4261,2049,2313
4262,2049,806
4263,2050,3701
4264,2050,3339
4265,2051,3831
4266,2051,2547
4267,2051,3921
4268,2052,3009
4269,2053,1669
4270,2053,1473
4271,2054,82
4272,2054,2666
4273,2055,945
4274,2055,2632
4275,2056,2546
4276,2056,374
4277,2056,2918
4278,2057,3686
4279,2057,3123
4280,2058,778
4281,2058,3088
4282,2059,1285
4283,2060,710
4284,2060,1201
4285,2060,2377
4286,2061,2485
4287,2061,2443
4288,2062,1457
4289,2062,1019
4290,2062,2054
4291,2063,3914
4292,2063,2785
4293,2063,1680
4294,2064,3733
4295,2064,2030
4296,2065,512
4297,2066,3294
4298,2066,114
4299,2067,1714
4300,2067,577
4301,2068,3907
4302,2068,3754
4303,2069,54
4304,2070,1996
4305,2070,3573
4306,2071,3465
4307,2071,1839
4308,2071,2536
4309,2072,682
4310,2072,2611
4311,2073,2488
4312,2073,2367
4313,2073,1291
4314,2074,132
4315,2075,1315
4316,2075,1753
4317,2076,76
4318,2076,1880
4319,2076,3174
4320,2077,3684
4321,2078,3651
4322,2078,3684
4323,2078,2629
4324,2079,2711
4325,2080,1841
4326,2080,1585
4327,2081,3296
4328,2081,1840
4329,2081,3632
4330,2082,1226
4331,2082,3056
4332,2083,1683
4333,2083,2724
4334,2083,701
4335,2084,1362
4336,2084,900
4337,2085,2896
4338,2085,2126
4339,2085,3614
4340,2086,3016
4341,2087,1005
4342,2087,1555
4343,2088,280
4344,2088,540
4345,2088,1005
4346,2089,837
4347,2089,939
4348,2090,2070
4349,2090,895
4350,2090,2933
4351,2091,252
4352,2092,2659
4353,2092,1830
4354,2093,3673
4355,2093,3140
4356,2094,750
4357,2094,3387
4358,2095,799
4359,2095,1945
4360,2096,2420
4361,2096,2961
4362,2096,974
4363,2097,2699
4364,2097,3223
4365,2097,3394
4366,2098,489
4367,2099,1224
4368,2099,3474
4369,2100,673
4370,2100,2008
4371,2100,983
4372,2101,2613
4373,2101,1224
4374,2102,902
4375,2103,3150
4376,2103,3684
4377,2104,3150
4378,2104,508
4379,2105,3800
4380,2105,617
4381,2105,1858
4382,2106,3327
4383,2106,36
4384,2106,1436
4385,2107,3827
4386,2107,2181
4387,2107,725
4388,2108,2662
4389,2108,3506
4390,2109,173
4391,2109,2167
4392,2110,2242
4393,2111,2845
4394,2112,2968
4395,2112,3286
4396,2112,677
4397,2113,2225
4398,2114,1895
4399,2115,839
4400,2115,455
4401,2115,2952
4402,2116,1562
4403,2117,1084
4404,2117,851
4405,2118,2522
4406,2118,2258
4407,2119,3391
4408,2119,2352
4409,2120,310
4410,2120,89
4411,2120,2237
4412,2121,1973
4413,2122,211
4414,2122,2771
4415,2122,781
4416,2123,330
4417,2123,1850
4418,2123,3800
4419,2124,3738
4420,2124,3828
4421,2125,3599
4422,2126,2664
4423,2126,2989
4424,2127,2989
4425,2128,1088
4426,2128,2989
4427,2129,3822
4428,2129,3077
4429,2129,501
4430,2130,955
4431,2130,1800
4432,2130,2403
4433,2131,2863
4434,2131,2789
4435,2131,3099
4436,2132,1813
4437,2132,3629
4438,2133,2322
4439,2133,490
4440,2133,1075
4441,2134,2772
4442,2134,2351
4443,2134,959
4444,2135,1571
4445,2136,2374
4446,2136,530
4447,2137,2847
4448,2137,1484
4449,2137,3086
4450,2138,1484
4451,2138,3086
4452,2138,1832
4453,2139,306
4454,2139,1832
4455,2139,3086
4456,2140,941
4457,2140,1414
4458,2141,2425
4459,2141,3798
4460,2141,32
4461,2142,2874
4462,2143,1895
4463,2144,1455
4464,2144,814
4465,2144,707
4466,2145,1791
4467,2145,595
4468,2146,78
4469,2146,1750
4470,2147,2737
4471,2148,1368
4472,2149,2484
4473,2149,1947
4474,2150,3899
4475,2150,1914
4476,2150,2514
4477,2151,2595
4478,2151,3602
4479,2152,610
4480,2152,2983
4481,2153,3847
4482,2154,362
4483,2154,3144
4484,2155,1752
4485,2155,3936
4486,2155,3844
4487,2156,3931
4488,2157,1916
4489,2158,2869
4490,2158,1812
4491,2159,2409
4492,2160,118
4493,2160,3246
4494,2161,792
4495,2162,3880
4496,2162,675
4497,2162,3489
4498,2163,2246
4499,2163,3802
4500,2163,1586
4501,2164,2589
4502,2164,1001
4503,2165,1155
4504,2165,1001
4505,2165,2589
4506,2166,1206
4507,2166,1724
4508,2166,2942
4509,2167,351
4510,2168,3086
4511,2168,2559
4512,2168,1484
4513,2169,1483
4514,2169,3086
4515,2169,2559
4516,2170,1484
4517,2170,3687
4518,2171,624
4519,2172,1890
4520,2172,3086
4521,2172,1554
4522,2173,890
4523,2173,3141
4524,2174,2806
4525,2175,532
4526,2176,2704
4527,2176,1400
4528,2177,3725
4529,2177,919
4530,2178,2999
4531,2178,2665
4532,2179,1733
4533,2179,1712
4534,2180,1065
4535,2180,2582
4536,2180,2396
4537,2181,913
4538,2182,2341
4539,2182,1692
4540,2183,1624
4541,2183,3169
4542,2183,1448
4543,2184,1348
4544,2184,3117
4545,2184,3946
4546,2185,2547
4547,2185,3232
4548,2186,3474
4549,2187,2344
4550,2187,1224
4551,2187,3474
4552,2188,1348
4553,2188,875
4554,2188,3905
4555,2189,1592
4556,2189,1333
4557,2189,705
4558,2190,965
4559,2191,2223
4560,2192,449
4561,2192,42
4562,2192,627
4563,2193,1950
4564,2193,3098
4565,2194,2475
4566,2194,3557
4567,2195,3552
4568,2195,3914
4569,2195,2847
4570,2196,816
4571,2196,2871
4572,2197,37
4573,2197,3327
4574,2198,367
4575,2199,3088
4576,2199,1978
4577,2199,2041
4578,2200,2519
4579,2200,3633
4580,2200,3289
4581,2201,2114
4582,2201,3762
4583,2201,2195
4584,2202,1161
4585,2202,3630
4586,2202,2034
4587,2203,1532
4588,2203,1340
4589,2204,458
4590,2204,3625
4591,2205,446
4592,2206,1430
4593,2206,3656
4594,2207,1651
4595,2207,689
4596,2207,2243
4597,2208,2243
4598,2208,689
4599,2208,1651
4600,2209,367
4601,2210,3373
4602,2211,3132
4603,2211,2459
4604,2212,2394
4605,2213,134
4606,2213,2663
4607,2214,2158
4608,2215,2339
4609,2215,147
4610,2216,3363
4611,2216,2762
4612,2216,3571
4613,2217,251
4614,2217,3918
4615,2218,697
4616,2218,1921
4617,2219,892
4618,2219,1486
4619,2219,3242
4620,2220,608
4621,2220,1041
4622,2220,1501
4623,2221,1604
4624,2221,641
4625,2221,3262
4626,2222,2524
4627,2222,2097
4628,2222,180
4629,2223,2082
4630,2224,3327
4631,2224,2199
4632,2224,1436
4633,2225,2885
4634,2225,1672
4635,2226,1663
4636,2226,275
4637,2226,789
4638,2227,963
4639,2228,3006
4640,2228,3690
4641,2229,1937
4642,2230,3037
4643,2230,3154
4644,2230,3764
4645,2231,3263
4646,2231,827
4647,2231,1340
4648,2232,107
4649,2232,1480
4650,2232,346
4651,2233,272
4652,2234,2828
4653,2234,1640
4654,2235,2161
4655,2235,154
4656,2235,3834
4657,2236,429
4658,2236,3224
4659,2236,2700
4660,2237,2884
4661,2238,1141
4662,2238,191
4663,2238,2735
4664,2239,507
4665,2239,2593
4666,2239,2655
4667,2240,2476
4668,2240,2787
4669,2240,2681
4670,2241,2346
4671,2241,2784
4672,2241,495
4673,2242,1949
4674,2243,2486
4675,2243,36
4676,2244,415
4677,2244,988
4678,2244,3145
4679,2245,1603
4680,2245,958
4681,2245,2173
4682,2246,2772
4683,2246,1958
4684,2247,3348
4685,2247,2644
4686,2247,289
4687,2248,2958
4688,2248,307
4689,2248,3254
4690,2249,3221
4691,2249,3828
4692,2250,3069
4693,2250,2764
4694,2251,1584
4695,2252,1813
4696,2253,1374
4697,2253,2814
4698,2253,1504
4699,2254,1235
4700,2255,3535
4701,2255,2778
4702,2256,69
4703,2257,1325
4704,2258,3078
4705,2259,2057
4706,2259,3165
4707,2260,3871
4708,2261,3149
4709,2262,2455
4710,2263,165
4711,2264,2895
4712,2264,250
4713,2264,1912
4714,2265,1828
4715,2266,1406
4716,2266,253
4717,2267,1626
4718,2267,704
4719,2268,1214
4720,2268,183
4721,2269,635
4722,2269,1491
4723,2269,3187
4724,2270,3153
4725,2271,2705
4726,2271,1295
4727,2272,1641
4728,2272,192
4729,2273,1642
4730,2273,2927
4731,2273,2987
4732,2274,3931
4733,2275,2549
4734,2275,3708
4735,2276,449
4736,2276,3031
4737,2276,2288
4738,2277,524
4739,2277,1679
4740,2278,1428
4741,2278,2285
4742,2278,2816
4743,2279,3221
4744,2280,1106
4745,2281,3654
4746,2282,1375
4747,2282,3139
4748,2283,3474
4749,2283,1146
4750,2284,1898
4751,2285,105
4752,2286,2206
4753,2286,2909
4754,2287,3029
4755,2287,2122
4756,2288,3511
4757,2288,193
4758,2288,2934
4759,2289,1508
4760,2289,3217
4761,2289,2721
4762,2290,956
4763,2290,2356
4764,2290,1301
4765,2291,1816
4766,2291,2892
4767,2291,1058
4768,2292,2874
4769,2293,2637
4770,2294,1258
4771,2294,1570
4772,2295,861
4773,2295,1581
4774,2295,2757
4775,2296,2053
4776,2297,871
4777,2297,2921
4778,2297,3610
4779,2298,3192
4780,2298,3535
4781,2299,2709
4782,2299,2668
4783,2299,1843
4784,2300,2779
4785,2300,697
4786,2300,1917
4787,2301,2202
4788,2301,3369
4789,2302,771
4790,2302,3175
4791,2303,212
4792,2303,2826
4793,2304,1490
4794,2304,662
4795,2305,3309
4796,2305,3340
4797,2305,3611
4798,2306,69
4799,2306,2212
4800,2306,1154
4801,2307,3276
4802,2308,3914
4803,2308,2065
4804,2309,1948
4805,2309,3108
4806,2310,3374
4807,2310,766
4808,2310,3279
4809,2311,1612
4810,2311,2304
4811,2311,3550
4812,2312,3922
4813,2312,1193
4814,2313,3898
4815,2313,683
4816,2313,743
4817,2314,3359
4818,2314,3024
4819,2314,3780
4820,2315,2803
4821,2315,1132
4822,2315,242
4823,2316,921
4824,2316,346
4825,2316,1007
4826,2317,2198
4827,2318,1411
4828,2318,667
4829,2318,2313
4830,2319,928
4831,2319,1933
4832,2320,725
4833,2320,3221
4834,2321,369
4835,2321,484
4836,2322,3847
4837,2323,3603
4838,2323,528
4839,2324,1497
4840,2324,1435
4841,2325,1047
4842,2325,2745
4843,2325,2402
4844,2326,692
4845,2326,1060
4846,2327,1079
4847,2327,488
4848,2328,904
4849,2328,1218
4850,2328,3734
4851,2329,461
4852,2330,1177
4853,2330,3159
4854,2330,1848
4855,2331,2468
4856,2331,2849
4857,2331,57
4858,2332,3516
4859,2333,1564
4860,2333,204
4861,2333,1751
4862,2334,3158
4863,2334,58
4864,2334,930
4865,2335,697
4866,2336,2925
4867,2337,2925
4868,2338,2177
4869,2339,1478
4870,2339,1904
4871,2340,3463
4872,2340,2373
4873,2341,2867
4874,2341,2577
4875,2342,3335
4876,2342,645
4877,2343,1255
4878,2343,3408
4879,2344,2710
4880,2345,2368
4881,2345,229
4882,2345,100
4883,2346,2867
4884,2347,1766
4885,2347,1622
4886,2347,2046
4887,2348,135
4888,2349,2984
4889,2349,1937
4890,2350,1940
4891,2351,1278
4892,2351,351
4893,2351,3315
4894,2352,380
4895,2352,2638
4896,2352,3612
4897,2353,3612
4898,2353,2638
4899,2353,380
4900,2354,2336
4901,2354,2109
4902,2354,2166
4903,2355,922
4904,2355,3799
4905,2355,3676
4906,2356,2225
4907,2357,2462
4908,2357,778
4909,2358,3267
4910,2358,360
4911,2359,3324
4912,2359,958
4913,2360,460
4914,2361,3170
4915,2361,787
4916,2361,2414
4917,2362,3276
4918,2363,2038
4919,2364,1979
4920,2364,280
4921,2364,1287
4922,2365,3328
4923,2365,169
4924,2365,304
4925,2366,3212
4926,2367,3873
4927,2367,348
4928,2367,3906
4929,2368,1533
4930,2369,3722
4931,2370,1449
4932,2370,1958
4933,2371,3950
4934,2371,16
4935,2372,1012
4936,2372,2160
4937,2373,1920
4938,2373,916
4939,2374,3744
4940,2375,1056
4941,2376,3729
4942,2377,1889
4943,2377,98
4944,2378,3861
4945,2378,565
4946,2379,975
4947,2379,2069
4948,2379,2
4949,2380,3935
4950,2381,2974
4951,2382,2163
4952,2382,2387
4953,2382,133
4954,2383,960
4955,2383,1577
4956,2384,297
4957,2385,1794
4958,2385,2132
4959,2385,830
4960,2386,2657
4961,2387,1653
4962,2388,2869
4963,2388,2262
4964,2388,3556
4965,2389,503
4966,2390,503
4967,2390,1380
4968,2390,1382
4969,2391,2697
4970,2391,1196
4971,2391,351
4972,2392,503
4973,2393,2134
4974,2393,1966
4975,2393,1625
4976,2394,1012
4977,2395,3505
4978,2395,2543
4979,2396,3240
4980,2397,2945
4981,2398,3697
4982,2399,972
4983,2399,2581
4984,2399,1198
4985,2400,278
4986,2401,1772
4987,2402,3891
4988,2403,1822
4989,2404,2514
4990,2404,3057
4991,2404,1897
4992,2405,3817
4993,2405,1599
4994,2405,2068
4995,2406,997
4996,2406,99
4997,2407,1200
4998,2407,87
4999,2408,1541
5000,2408,3356
5001,2408,3920
5002,2409,2997
5003,2410,1432
5004,2410,2329
5005,2410,757
5006,2411,653
5007,2411,1111
5008,2411,3341
5009,2412,2800
5010,2412,1141
5011,2413,2316
5012,2414,1431
5013,2415,1789
5014,2415,2334
5015,2415,1963
5016,2416,1847
5017,2416,1050
5018,2416,249
5019,2417,82
5020,2418,3516
5021,2419,184
5022,2420,3276
5023,2421,3634
5024,2421,1159
5025,2421,2796
5026,2422,1284
5027,2422,3863
5028,2422,1242
5029,2423,3804
5030,2423,1897
5031,2423,291
5032,2424,66
5033,2424,1161
5034,2425,3555
5035,2425,1625
5036,2425,3225
5037,2426,1813
5038,2427,3933
5039,2427,3173
5040,2428,1190
5041,2428,315
5042,2428,1976
5043,2429,2717
5044,2429,1938
5045,2430,1879
5046,2430,2946
5047,2431,2104
5048,2431,2123
5049,2431,772
5050,2432,1767
5051,2432,1779
5052,2432,2779
5053,2433,2953
5054,2433,3160
5055,2434,1107
5056,2434,329
5057,2434,3874
5058,2435,3148
5059,2435,3728
5060,2435,1905
5061,2436,2116
5062,2436,162
5063,2437,1112
5064,2437,2438
5065,2437,276
5066,2438,3689
5067,2439,347
5068,2439,664
5069,2439,2276
5070,2440,3149
5071,2441,1544
5072,2441,1742
5073,2442,1667
5074,2442,3693
5075,2442,1742
5076,2443,3694
5077,2443,1668
5078,2443,1156
5079,2444,2050
5080,2444,3719
5081,2445,1937
5082,2445,1467
5083,2446,622
5084,2446,1036
5085,2446,782
5086,2447,501
5087,2447,3822
5088,2447,3077
5089,2448,1053
5090,2448,3818
5091,2449,3952
5092,2449,293
5093,2449,1516
5094,2450,3551
5095,2451,1283
5096,2451,1631
5097,2451,1725
5098,2452,1621
5099,2452,1340
5100,2453,1936
5101,2453,1359
5102,2454,143
5103,2454,94
5104,2454,231
5105,2455,3260
5106,2456,459
5107,2457,3760
5108,2457,272
5109,2458,942
5110,2458,557
5111,2458,1371
5112,2459,3450
5113,2459,3949
5114,2460,3450
5115,2461,3450
5116,2462,3450
5117,2463,3450
5118,2464,851
5119,2464,1461
5120,2464,1427
5121,2465,3821
5122,2465,1131
5123,2466,1260
5124,2466,407
5125,2466,3845
5126,2467,2624
5127,2467,755
5128,2467,407
5129,2468,906
5130,2468,407
5131,2469,2545
5132,2469,407
5133,2469,122
5134,2470,346
5135,2470,1611
5136,2470,3033
5137,2471,2458
5138,2471,3069
5139,2472,823
5140,2473,375
5141,2473,2149
5142,2473,2935
5143,2474,2935
5144,2474,3674
5145,2474,2149
5146,2475,2935
5147,2475,3539
5148,2475,2149
5149,2476,2157
5150,2476,1926
5151,2477,1540
5152,2477,2249
5153,2478,3415
5154,2478,576
5155,2478,2521
5156,2479,1854
5157,2479,3710
5158,2479,841
5159,2480,3572
5160,2480,615
5161,2480,3613
5162,2481,2656
5163,2482,2538
5164,2482,3541
5165,2483,2445
5166,2484,3911
5167,2485,1055
5168,2485,2657
5169,2485,1900
5170,2486,2610
5171,2487,2444
5172,2488,2361
5173,2489,3164
5174,2489,3382
5175,2490,3489
5176,2490,2311
5177,2490,2893
5178,2491,2910
5179,2491,3882
5180,2492,503
5181,2493,2651
5182,2493,347
5183,2494,1319
5184,2494,1074
5185,2494,399
5186,2495,1504
5187,2495,1374
5188,2495,2205
5189,2496,3213
5190,2496,3824
5191,2496,3433
5192,2497,2702
5193,2497,1739
5194,2497,1369
5195,2498,3793
5196,2498,36
5197,2498,3940
5198,2499,1741
5199,2499,1352
5200,2499,3533
5201,2500,2622
5202,2500,2834
5203,2500,3617
5204,2501,434
5205,2502,481
5206,2503,2350
5207,2504,2614
5208,2504,998
5209,2504,3687
5210,2505,814
5211,2506,661
5212,2506,3513
5213,2506,2736
5214,2507,3607
5215,2507,3578
5216,2507,2085
5217,2508,1941
5218,2509,1379
5219,2509,2240
5220,2510,2730
5221,2510,1630
5222,2510,1535
5223,2511,2060
5224,2511,224
5225,2512,740
5226,2513,519
5227,2513,2393
5228,2514,12
5229,2515,311
5230,2515,1951
5231,2515,3324
5232,2516,342
5233,2516,3889
5234,2516,2779
5235,2517,3474
5236,2517,3883
5237,2518,341
5238,2518,2336
5239,2518,258
5240,2519,1374
5241,2519,1504
5242,2519,2513
5243,2520,434
5244,2521,143
5245,2521,1188
5246,2521,3452
5247,2522,2803
5248,2523,2922
5249,2523,3583
5250,2523,1165
5251,2524,2711
5252,2525,1126
5253,2525,3448
5254,2525,2969
5255,2526,1628
5256,2527,3661
5257,2528,3520
5258,2529,378
5259,2529,908
5260,2529,164
5261,2530,1792
5262,2530,3468
5263,2531,700
5264,2531,1967
5265,2532,3924
5266,2532,2722
5267,2533,464
5268,2533,121
5269,2533,3231
5270,2534,3867
5271,2534,2254
5272,2535,1772
5273,2536,3500
5274,2537,2694
5275,2537,2820
5276,2537,365
5277,2538,3267
5278,2538,259
5279,2538,2337
5280,2539,1962
5281,2539,1788
5282,2540,285
5283,2540,2817
5284,2541,1611
5285,2541,789
5286,2542,3551
5287,2543,400
5288,2543,1332
5289,2543,2478
5290,2544,3538
5291,2545,255
5292,2546,3279
5293,2546,758
5294,2547,272
5295,2548,377
5296,2549,583
5297,2549,1818
5298,2549,1967
5299,2550,2351
5300,2550,1415
5301,2551,1910
5302,2551,55
5303,2552,29
5304,2552,319
5305,2552,2831
5306,2553,15
5307,2553,669
5308,2553,1801
5309,2554,3855
5310,2554,2614
5311,2554,1579
5312,2555,3884
5313,2556,405
5314,2556,942
5315,2556,1371
5316,2557,1324
5317,2557,3621
5318,2558,1276
5319,2559,2005
5320,2559,737
5321,2559,3343
5322,2560,1720
5323,2560,3446
5324,2561,438
5325,2562,504
5326,2563,1515
5327,2563,2683
5328,2564,1620
5329,2564,542
5330,2565,856
5331,2565,2015
5332,2565,3887
5333,2566,2336
5334,2566,258
5335,2566,338
5336,2567,3251
5337,2568,1119
5338,2568,3561
5339,2568,109
5340,2569,2153
5341,2569,881
5342,2569,3527
5343,2570,2633
5344,2571,27
5345,2571,1846
5346,2572,2596
5347,2573,637
5348,2573,3138
5349,2573,3380
5350,2574,1776
5351,2575,2359
5352,2575,3943
5353,2576,761
5354,2576,3903
5355,2576,1916
5356,2577,3546
5357,2577,2882
5358,2577,2180
5359,2578,2071
5360,2579,1687
5361,2579,1170
5362,2579,2188
5363,2580,717
5364,2580,719
5365,2580,3626
5366,2581,369
5367,2581,1557
5368,2582,3488
5369,2582,1217
5370,2582,2461
5371,2583,1895
5372,2584,640
5373,2584,1527
5374,2584,2187
5375,2585,481
5376,2586,2202
5377,2586,3369
5378,2587,2531
5379,2587,3914
5380,2588,1512
5381,2588,2691
5382,2589,1355
5383,2589,126
5384,2590,1417
5385,2590,984
5386,2591,1339
5387,2591,2263
5388,2591,242
5389,2592,1424
5390,2592,2619
5391,2592,1372
5392,2593,320
5393,2593,1740
5394,2593,30
5395,2594,2959
5396,2594,2620
5397,2594,2866
5398,2595,3585
5399,2595,3870
5400,2595,3842
5401,2596,441
5402,2596,3146
5403,2596,3085
5404,2597,3412
5405,2597,789
5406,2598,145
5407,2599,3624
5408,2599,1887
5409,2599,3203
5410,2600,136
5411,2601,3669
5412,2601,3368
5413,2602,3931
5414,2603,335
5415,2603,3080
5416,2603,1125
5417,2604,282
5418,2605,1183
5419,2605,167
5420,2606,1031
5421,2606,3937
5422,2606,1494
5423,2607,430
5424,2607,393
5425,2607,3281
5426,2608,2650
5427,2608,111
5428,2609,1425
5429,2609,1857
5430,2610,2135
5431,2610,277
5432,2611,503
5433,2612,503
5434,2612,2785
5435,2613,3086
5436,2613,1484
5437,2613,3444
5438,2614,3241
5439,2614,1121
5440,2614,526
5441,2615,593
5442,2615,3086
5443,2615,1484
5444,2616,35
5445,2617,593
5446,2617,1484
5447,2617,1261
5448,2618,3086
5449,2618,3687
5450,2618,1484
5451,2619,503
5452,2620,3952
5453,2620,381
5454,2620,1099
5455,2621,915
5456,2621,726
5457,2622,2869
5458,2623,428
5459,2624,121
5460,2624,464
5461,2625,2253
5462,2625,1560
5463,2625,1090
5464,2626,86
5465,2626,1228
5466,2626,2782
5467,2627,2742
5468,2628,3756
5469,2628,2742
5470,2629,2136
5471,2629,811
5472,2629,498
5473,2630,803
5474,2630,812
5475,2630,498
5476,2631,498
5477,2631,454
5478,2631,812
5479,2632,3522
5480,2632,3667
5481,2632,1799
5482,2633,3522
5483,2633,3667
5484,2633,1799
5485,2634,812
5486,2634,2698
5487,2635,2488
5488,2635,1137
5489,2635,3914
5490,2636,3699
5491,2636,3106
5492,2636,1774
5493,2637,2768
5494,2637,146
5495,2637,2519
5496,2638,1809
5497,2639,1810
5498,2639,296
5499,2639,1093
5500,2640,2765
5501,2640,2763
5502,2640,2526
5503,2641,787
5504,2642,1221
5505,2642,2426
5506,2642,3266
5507,2643,2286
5508,2643,2714
5509,2643,3821
5510,2644,2342
5511,2644,3399
5512,2644,1191
5513,2645,3130
5514,2645,1388
5515,2645,1927
5516,2646,1095
5517,2646,1825
5518,2647,3505
5519,2648,1649
5520,2648,3061
5521,2649,2919
5522,2650,358
5523,2651,3253
5524,2651,358
5525,2651,68
5526,2652,358
5527,2652,3947
5528,2653,3554
5529,2653,674
5530,2654,2307
5531,2654,2442
5532,2654,3109
5533,2655,1821
5534,2655,2308
5535,2655,1216
5536,2656,1216
5537,2656,2308
5538,2656,2894
5539,2657,1216
5540,2657,2894
5541,2657,2308
5542,2658,1172
5543,2659,1788
5544,2659,1962
5545,2660,3474
5546,2660,3523
5547,2661,3038
5548,2661,851
5549,2661,426
5550,2662,3238
5551,2663,1247
5552,2663,450
5553,2663,1614
5554,2664,3603
5555,2664,409
5556,2664,1247
5557,2665,1246
5558,2665,3603
5559,2665,451
5560,2666,814
5561,2666,1063
5562,2666,2327
5563,2667,3888
5564,2667,69
5565,2668,2827
5566,2668,1033
5567,2668,3942
5568,2669,3454
5569,2669,3474
5570,2670,3474
5571,2671,3208
5572,2672,145
5573,2672,3179
5574,2673,2429
5575,2673,2024
5576,2674,851
5577,2674,1437
5578,2674,334
5579,2675,3379
5580,2675,1345
5581,2676,1838
5582,2676,73
5583,2677,3914
5584,2677,578
5585,2677,1138
5586,2678,3806
5587,2678,2685
5588,2678,3155
5589,2679,3288
5590,2680,1853
5591,2681,1064
5592,2681,2093
5593,2682,3681
5594,2682,339
5595,2683,1863
5596,2683,1085
5597,2684,1132
5598,2685,2718
5599,2685,1713
5600,2686,1871
5601,2687,1571
5602,2687,1901
5603,2688,3163
5604,2688,1663
5605,2688,3438
5606,2689,3806
5607,2689,2769
5608,2689,2939
5609,2690,346
5610,2690,2279
5611,2690,3821
5612,2691,991
5613,2691,667
5614,2692,3533
5615,2692,2503
5616,2692,1352
5617,2693,3801
5618,2693,840
5619,2693,1205
5620,2694,3599
5621,2695,1329
5622,2695,2747
5623,2695,3397
5624,2696,157
5625,2696,158
5626,2697,1084
5627,2697,1955
5628,2697,3407
5629,2698,288
5630,2698,1361
5631,2698,3012
5632,2699,3000
5633,2699,2372
5634,2699,2039
5635,2700,832
5636,2700,864
5637,2700,1030
5638,2701,2085
5639,2701,2738
5640,2701,2936
5641,2702,2917
5642,2702,2631
5643,2702,374
5644,2703,3211
5645,2704,1669
5646,2704,2138
5647,2705,3871
5648,2705,3390
5649,2706,3150
5650,2707,3856
5651,2708,1391
5652,2708,3585
5653,2708,1444
5654,2709,842
5655,2709,1757
5656,2709,1747
5657,2710,1798
5658,2710,1733
5659,2710,3299
5660,2711,3219
5661,2711,1318
5662,2712,323
5663,2712,1318
5664,2712,3219
5665,2713,529
5666,2713,2753
5667,2714,3494
5668,2714,2204
5669,2714,246
5670,2715,3494
5671,2715,2204
5672,2715,246
5673,2716,2544
5674,2717,2026
5675,2717,786
5676,2717,598
5677,2718,403
5678,2718,3028
5679,2719,3041
5680,2720,3041
5681,2720,3323
5682,2720,727
5683,2721,2073
5684,2721,1168
5685,2722,667
5686,2722,2786
5687,2722,2182
5688,2723,2859
5689,2724,252
5690,2725,2454
5691,2725,3409
5692,2725,447
5693,2726,419
5694,2726,1632
5695,2727,2626
5696,2727,2066
5697,2727,3717
5698,2728,2676
5699,2728,762
5700,2728,1000
5701,2729,1307
5702,2730,848
5703,2731,800
5704,2731,2775
5705,2731,2749
5706,2732,444
5707,2732,768
5708,2732,3679
5709,2733,2643
5710,2734,602
5711,2734,3362
5712,2735,3571
5713,2735,2762
5714,2735,3363
5715,2736,3845
5716,2736,1862
5717,2737,3286
5718,2737,3530
5719,2737,3216
5720,2738,1224
5721,2739,1402
5722,2739,464
5723,2740,3028
5724,2740,321
5725,2741,134
5726,2741,3700
5727,2741,2214
5728,2742,697
5729,2743,1997
5730,2743,825
5731,2743,427
5732,2744,807
5733,2744,3931
5734,2745,3931
5735,2746,3931
5736,2747,2349
5737,2747,256
5738,2748,2074
5739,2749,424
5740,2749,3858
5741,2749,3125
5742,2750,3512
5743,2750,1744
5744,2750,279
5745,2751,3396
5746,2752,2215
5747,2753,130
5748,2754,1277
5749,2755,1210
5750,2755,166
5751,2756,1458
5752,2756,2120
5753,2757,2411
5754,2757,645
5755,2758,215
5756,2758,1338
5757,2758,95
5758,2759,2019
5759,2759,3049
5760,2760,870
5761,2761,74
5762,2762,3745
5763,2763,902
5764,2764,902
5765,2765,902
5766,2766,969
5767,2766,2433
5768,2766,3451
5769,2767,3101
5770,2767,590
5771,2767,1869
5772,2768,3181
5773,2769,3179
5774,2770,3255
5775,2770,3022
5776,2771,3245
5777,2771,2553
5778,2771,2798
5779,2772,39
5780,2773,1100
5781,2773,2520
5782,2774,1299
5783,2774,1729
5784,2774,949
5785,2775,3278
5786,2775,2512
5787,2775,1071
5788,2776,622
5789,2776,493
5790,2776,3638
5791,2777,1973
5792,2778,2680
5793,2779,3782
5794,2780,2437
5795,2781,3835
5796,2781,3567
5797,2781,1441
5798,2782,494
5799,2782,3502
5800,2782,659
5801,2783,842
5802,2783,1757
5803,2783,1747
5804,2784,1757
5805,2784,1747
5806,2784,842
5807,2785,3642
5808,2785,1145
5809,2785,1381
5810,2786,3
5811,2786,1552
5812,2786,1551
5813,2787,1291
5814,2787,3592
5815,2788,1159
5816,2788,3305
5817,2788,3821
5818,2789,879
5819,2789,3088
5820,2790,2792
5821,2790,48
5822,2790,802
5823,2791,3838
5824,2791,3440
5825,2792,1749
5826,2793,541
5827,2794,3759
5828,2795,2473
5829,2795,186
5830,2795,13
5831,2796,1055
5832,2796,1325
5833,2796,1272
5834,2797,2110
5835,2797,553
5836,2797,3027
5837,2798,3458
5838,2798,2916
5839,2799,1591
5840,2799,1852
5841,2800,715
5842,2800,754
5843,2800,616
5844,2801,586
5845,2802,460
5846,2803,1850
5847,2804,1989
5848,2804,699
5849,2805,1597
5850,2806,1971
5851,2806,1674
5852,2806,611
5853,2807,2853
5854,2807,3372
5855,2807,3439
5856,2808,3445
5857,2808,2209
5858,2809,580
5859,2809,1102
5860,2810,1300
5861,2811,2088
5862,2812,1316
5863,2813,624
5864,2814,624
5865,2814,2899
5866,2815,3731
5867,2815,624
5868,2815,2899
5869,2816,3924
5870,2816,3751
5871,2816,3096
5872,2817,3867
5873,2817,3164
5874,2817,2254
5875,2818,1241
5876,2818,993
5877,2819,2324
5878,2820,1919
5879,2820,1772
5880,2821,1507
5881,2821,500
5882,2822,1389
5883,2822,2794
5884,2822,749
5885,2823,1180
5886,2823,3189
5887,2823,1881
5888,2824,2508
5889,2824,1385
5890,2824,233
5891,2825,2990
5892,2825,1347
5893,2825,2996
5894,2826,1665
5895,2827,2228
5896,2827,1502
5897,2828,1365
5898,2828,1068
5899,2828,3351
5900,2829,2547
5901,2830,3131
5902,2830,137
5903,2831,858
5904,2832,491
5905,2833,480
5906,2834,2447
5907,2834,1526
5908,2834,372
5909,2835,3450
5910,2836,356
5911,2836,1705
5912,2836,40
5913,2837,3584
5914,2837,792
5915,2838,3584
5916,2838,2634
5917,2839,1306
5918,2839,2482
5919,2839,1770
5920,2840,722
5921,2840,1466
5922,2841,2586
5923,2841,3297
5924,2842,3035
5925,2843,3240
5926,2890,3996
5927,2890,3991
5928,2897,4025
5929,2904,4023
5930,2904,4026
5931,2904,2160
5932,9,1218
5933,9,2080
5934,23,410
5935,23,2191
5936,23,2294
5937,10,1483
5938,10,1718
5939,10,2556
5940,2914,3994
5941,2914,4015
5942,2914,4007
5943,2915,3977
5944,2915,3963
5945,2915,3997
5946,2916,3972
5947,2916,3988
5948,2916,3965
5949,2917,3988
5950,2917,3972
5951,2917,3965
5952,2918,3990
5953,2918,3982
5954,2918,4042
5955,2919,3990
5956,2919,3982
5957,2919,4042
5958,2920,4038
5959,2921,4012
5960,2921,3981
5961,2921,3976
5962,2930,2496
5963,2930,4031
5964,2930,4020
5965,2931,4030
5966,2931,4037
5967,2931,4002
5968,2932,4022
5969,2932,4034
5970,2932,4032
5971,2933,4003
5972,2937,4021
5973,2937,4036
5974,2939,4028
5975,2939,4019
5976,2939,4033
5977,2940,4017
5978,2940,4024
5979,2940,4029
5980,2945,4040
5981,2945,4041
5982,2945,4039
5983,2961,3998
5984,2961,3960
5985,2961,3992
5986,2,1314
5987,2,1786
5988,2,2000
5989,2929,3957
5990,2929,3995
5991,2929,4004
