movie_id,language_id
1,30
3,30
3,38
3,49
4,30
5,30
6,30
6,91
7,30
7,34
8,30
11,30
11,34
11,91
12,38
12,30
13,30
14,61
14,83
14,30
15,30
16,30
17,34
17,30
18,30
19,30
20,30
21,30
22,30
24,30
25,83
25,30
26,30
27,30
28,18
28,34
29,61
30,30
31,30
31,34
32,30
33,30
34,30
35,30
36,91
36,30
37,30
38,30
39,30
40,30
40,55
41,30
42,30
43,30
44,30
45,30
45,4
46,30
47,44
47,91
47,30
47,34
48,30
48,55
49,30
50,42
50,30
51,30
52,49
52,91
53,34
53,30
54,30
55,91
55,30
55,34
55,52
56,5
56,30
57,30
57,91
58,30
59,30
60,30
61,91
61,30
61,34
62,30
63,30
63,91
64,83
64,30
65,30
66,34
66,38
66,30
67,30
68,30
69,30
70,30
70,91
71,75
72,30
73,28
74,30
75,30
76,30
77,91
77,27
77,30
78,34
78,30
79,30
80,30
82,30
83,30
84,30
85,30
86,34
87,30
88,30
89,30
89,91
90,91
90,30
91,30
92,30
93,30
94,34
94,30
94,55
94,49
94,36
95,91
95,30
96,30
96,18
97,30
98,30
98,36
98,18
99,30
99,38
100,30
101,30
102,30
103,34
103,30
104,18
104,50
104,43
104,79
104,103
104,61
104,30
105,30
106,30
107,30
108,30
109,30
110,30
111,30
112,30
113,30
114,30
115,30
116,30
117,30
118,30
119,30
120,30
121,30
122,30
123,30
124,34
124,91
125,30
126,30
127,30
128,30
129,30
129,5
130,30
131,30
131,91
132,30
133,38
133,30
133,81
134,30
135,30
136,46
136,28
136,59
136,33
136,35
136,30
136,57
136,27
137,49
137,50
137,83
137,30
138,30
139,30
139,50
140,30
141,30
142,30
143,30
144,30
145,30
146,30
147,30
148,30
149,83
149,30
150,30
151,91
151,30
152,83
152,30
153,8
153,30
154,30
155,30
156,30
156,91
157,30
158,30
159,30
160,30
161,30
162,30
163,30
163,34
164,30
165,30
166,30
167,30
167,49
167,34
168,30
169,30
170,30
171,30
172,30
173,30
174,34
174,83
175,34
175,3
175,30
175,58
176,38
176,30
176,34
177,91
177,34
177,30
178,30
179,30
180,30
181,93
181,30
181,49
182,30
183,30
184,30
184,91
185,30
186,30
187,30
188,30
189,30
190,38
190,30
190,93
191,34
191,61
192,42
192,30
193,30
194,30
195,30
195,34
196,30
196,34
197,30
198,30
199,30
200,30
201,34
201,49
202,30
203,30
204,30
205,30
205,34
206,30
206,44
207,30
208,38
208,30
209,30
209,34
210,30
211,30
212,30
213,30
214,30
215,38
215,34
215,30
216,30
216,34
217,30
218,91
218,30
219,30
219,22
220,104
220,30
221,30
222,30
223,30
224,30
225,30
226,30
227,30
228,30
229,30
229,5
229,49
229,83
229,92
229,28
230,30
231,91
231,30
232,30
233,30
234,30
235,30
236,30
237,30
237,65
237,50
238,30
238,49
239,30
239,91
239,62
240,30
241,52
241,30
241,34
242,49
242,34
242,30
243,30
244,30
245,91
245,30
245,34
246,30
246,55
247,30
248,49
248,34
249,30
249,91
250,30
251,83
251,49
251,30
251,91
251,34
252,34
253,76
253,34
253,81
254,76
254,34
254,30
255,61
256,30
257,30
258,48
258,30
259,30
260,8
260,29
260,71
260,93
260,30
261,91
261,30
262,30
263,30
264,30
265,34
265,30
265,91
266,30
267,30
268,30
269,61
270,30
271,30
272,30
272,51
273,30
274,30
275,30
276,30
277,30
278,30
279,30
280,30
281,30
282,30
283,30
284,30
285,30
286,30
287,32
287,30
288,30
288,38
288,34
288,83
289,30
289,34
290,30
291,30
291,91
292,30
293,49
293,30
293,91
294,30
295,30
296,30
297,30
298,16
298,30
299,30
300,30
301,30
301,91
302,30
303,109
303,30
303,92
303,107
304,30
305,30
306,93
306,30
307,30
308,30
309,30
310,30
311,30
312,30
313,30
313,55
314,30
315,30
315,5
316,30
317,91
317,30
318,30
319,30
319,38
319,34
319,8
320,30
320,104
321,91
321,30
322,91
322,30
323,30
324,30
325,30
326,30
327,30
327,50
327,31
328,30
329,30
330,30
331,30
332,30
333,49
333,30
333,34
334,30
335,30
336,91
336,30
337,91
337,30
338,36
338,30
339,30
340,30
341,30
342,30
343,30
343,48
344,30
345,34
345,30
346,30
347,30
348,49
348,30
349,30
350,91
350,30
351,30
352,30
353,30
354,30
355,30
356,30
357,30
358,91
358,30
359,30
360,30
361,38
361,30
362,30
362,108
363,61
364,30
365,30
366,30
367,30
368,30
369,48
369,30
370,30
371,30
372,30
373,91
373,30
374,76
374,91
374,30
375,7
375,30
376,30
377,30
378,30
379,30
380,34
380,30
381,30
381,104
382,30
383,30
384,30
384,106
385,34
385,91
385,30
386,30
387,30
388,30
389,30
390,30
391,30
392,30
393,30
394,91
394,30
395,30
396,34
396,30
397,30
398,30
399,30
400,30
401,50
401,30
402,30
402,34
403,30
404,30
405,30
406,8
406,30
407,50
408,30
409,30
410,30
411,30
412,30
413,30
414,30
415,30
416,30
417,30
417,34
418,30
419,30
420,30
420,16
420,62
421,30
422,38
422,30
423,30
424,30
425,30
426,38
426,34
426,30
427,30
428,50
428,30
429,30
430,30
430,50
431,30
432,30
433,38
433,30
433,104
433,50
434,30
434,91
435,30
435,76
435,55
435,42
435,38
436,30
437,30
438,30
439,30
440,30
441,30
442,30
443,30
444,30
445,30
445,49
446,30
447,30
448,50
448,30
448,44
448,38
448,18
448,8
448,52
449,30
450,30
450,83
451,30
452,30
453,30
454,30
455,30
456,30
457,30
458,30
458,55
458,91
459,30
460,30
460,49
461,30
462,30
463,30
464,30
465,34
466,30
467,30
467,91
468,30
469,30
470,30
471,30
472,30
473,30
474,30
475,30
476,30
477,30
477,91
478,89
478,74
478,30
479,30
479,34
479,91
480,55
480,30
481,30
482,30
482,34
483,30
484,30
485,91
485,38
485,30
486,30
487,91
487,30
488,30
489,30
490,30
491,30
492,30
493,30
494,34
494,30
495,30
496,34
496,91
497,30
498,34
499,30
500,30
501,30
501,91
502,30
503,30
504,19
504,30
504,91
505,30
506,30
507,30
508,30
509,30
510,91
510,30
511,30
511,8
512,30
512,34
512,26
513,30
514,30
515,30
515,34
515,49
516,30
517,30
518,30
519,30
520,85
520,38
520,83
520,34
520,30
521,30
522,14
523,30
524,30
525,34
525,30
526,30
527,30
527,34
528,30
529,30
529,104
530,30
530,91
531,30
532,30
533,30
534,30
535,30
536,30
537,30
538,30
539,30
541,30
542,30
543,23
543,30
544,30
544,38
544,34
545,30
546,34
546,30
547,30
548,30
549,30
550,30
551,30
552,49
552,30
553,30
554,34
554,38
554,30
555,50
556,30
557,34
557,30
557,91
558,30
559,30
559,34
560,30
560,91
561,83
561,30
562,30
563,30
564,30
564,83
565,61
565,18
566,38
566,83
567,30
568,30
569,30
570,30
570,91
571,30
572,30
573,34
573,30
573,49
574,30
575,30
576,38
576,91
576,30
576,49
576,34
577,91
577,30
578,30
578,55
579,30
579,34
580,30
581,30
582,30
583,30
584,30
585,30
585,91
586,30
587,30
587,91
587,78
588,30
589,30
590,30
591,91
591,30
592,30
593,30
594,30
595,34
596,30
597,91
597,30
598,30
598,34
598,49
599,30
600,30
601,30
602,30
603,30
604,30
604,21
605,30
606,30
607,30
608,30
609,34
610,91
610,30
611,50
611,38
611,30
612,30
613,91
613,30
614,30
614,91
615,30
616,50
617,49
617,30
617,55
618,97
618,61
618,18
618,30
618,59
619,30
620,30
620,49
621,30
622,30
623,30
624,61
625,18
626,30
627,30
627,46
628,30
629,49
629,30
630,34
630,30
631,30
632,30
633,30
634,30
635,108
635,30
635,38
636,30
636,91
637,34
637,30
638,30
639,34
639,30
639,38
640,34
640,30
641,78
641,30
641,34
641,50
642,30
643,30
644,30
645,49
645,30
646,34
646,49
646,30
647,34
647,30
648,30
649,30
650,91
650,34
650,49
650,30
650,38
651,49
651,30
651,34
651,38
652,30
653,30
654,30
654,34
655,38
655,30
655,49
656,43
656,30
657,30
658,30
659,30
660,30
661,30
662,49
662,30
663,34
663,30
663,83
664,34
664,30
665,30
665,34
666,34
666,30
667,30
667,56
667,38
667,28
668,78
668,34
668,30
669,30
670,49
670,30
670,34
671,30
671,34
672,30
673,30
673,38
673,34
674,83
674,30
675,34
675,30
676,30
676,34
677,30
678,30
679,30
679,91
680,30
681,30
682,61
682,30
683,49
683,30
684,30
684,38
685,83
685,30
686,30
686,91
687,30
688,30
689,34
689,30
690,91
690,30
690,34
691,30
691,34
692,30
693,30
694,30
695,30
696,30
697,30
698,30
699,30
700,30
700,49
701,30
702,38
702,30
702,92
703,49
703,30
704,30
705,30
706,55
706,30
706,49
707,30
707,18
708,30
708,109
709,30
710,30
711,30
712,30
713,30
714,30
715,30
716,30
716,49
717,91
717,30
718,30
719,30
720,30
720,104
721,30
722,21
722,83
722,30
723,30
724,30
725,30
726,91
726,30
727,30
728,91
728,18
728,30
729,30
730,30
731,30
732,30
733,30
734,30
735,30
736,34
736,30
737,30
738,83
738,38
738,30
739,30
740,30
740,91
740,78
741,30
742,30
742,8
743,30
744,30
745,30
746,30
746,38
747,30
748,30
749,30
750,38
750,30
751,50
751,49
751,30
751,38
752,30
753,30
754,30
755,30
756,30
757,30
758,30
759,43
759,30
760,30
761,30
762,30
763,30
764,30
765,30
765,55
766,49
766,43
766,30
766,34
767,30
768,30
769,30
770,30
771,30
772,34
772,30
773,30
774,30
775,34
775,49
775,38
775,30
776,30
777,108
777,30
778,108
778,30
778,91
778,49
779,34
779,30
779,49
779,83
780,55
780,30
781,34
781,30
782,30
783,30
784,30
785,30
786,30
787,30
788,30
789,30
789,104
790,30
791,30
792,30
793,30
794,30
795,30
795,83
795,34
795,76
795,38
796,30
797,30
798,30
798,34
799,30
800,30
801,91
801,30
802,30
803,34
804,30
805,30
806,49
806,30
807,30
808,30
809,30
810,30
811,30
812,30
813,30
814,91
814,30
815,34
816,34
817,30
818,30
818,55
818,34
819,30
820,30
821,34
822,18
822,91
822,30
823,30
824,30
824,49
825,83
825,49
825,76
825,55
825,42
825,38
826,49
826,30
826,55
826,34
826,38
827,30
828,30
829,49
830,28
830,34
830,30
831,34
832,34
832,76
832,49
833,49
833,30
834,55
834,38
834,30
835,30
836,30
837,49
837,8
837,38
837,30
838,30
839,30
840,34
840,30
841,91
841,30
842,30
843,91
844,30
845,91
845,30
846,30
847,30
848,38
848,42
848,91
848,30
848,8
848,67
849,30
850,30
851,49
852,30
852,55
853,30
854,8
854,100
854,30
855,30
856,30
857,104
857,34
857,30
858,91
858,49
858,30
859,30
860,100
860,42
860,50
860,34
860,91
860,38
860,30
861,38
861,30
861,83
862,30
862,49
863,30
864,30
865,34
865,49
865,30
866,50
867,50
867,61
867,18
868,30
869,30
870,49
870,30
870,55
870,91
870,86
871,104
871,30
872,30
873,55
873,30
873,34
874,30
874,38
874,55
874,49
875,30
875,48
876,34
876,30
876,42
876,108
876,49
877,30
878,38
878,30
879,30
879,83
880,83
881,30
882,30
883,30
884,93
884,55
885,30
885,83
885,50
886,30
886,91
887,91
887,30
888,30
889,30
890,30
891,48
891,30
891,49
891,108
892,30
892,55
893,30
894,91
894,30
895,49
895,34
895,30
896,50
896,97
896,30
897,34
897,38
897,49
897,30
898,30
898,91
898,18
899,30
899,43
899,83
899,34
900,91
900,30
901,62
901,30
902,30
903,30
904,30
905,38
906,30
906,55
907,38
907,91
907,34
907,30
907,83
908,34
908,30
908,18
908,83
908,104
909,49
909,55
909,34
909,30
910,30
910,34
910,49
911,30
912,30
912,91
913,30
914,38
914,30
915,30
916,30
917,83
917,30
917,34
917,49
917,8
917,38
918,49
918,34
918,30
919,50
920,30
921,30
922,34
923,38
923,30
924,49
924,30
924,34
924,38
924,33
925,61
926,31
926,30
927,30
928,30
928,91
929,30
930,30
931,30
932,30
933,30
934,30
935,30
935,38
935,8
935,39
936,49
936,30
936,83
937,43
937,30
938,30
940,30
941,30
942,30
942,83
942,34
942,20
943,93
945,30
946,103
946,8
946,30
947,91
947,30
948,30
948,91
949,49
949,30
949,34
949,50
949,38
950,30
951,30
952,30
953,30
954,30
955,30
956,30
957,30
958,30
959,30
960,30
961,30
962,30
963,30
964,30
965,30
966,30
967,30
968,49
968,30
969,30
970,30
971,30
972,30
972,81
972,55
972,39
972,17
973,30
974,30
975,30
976,30
977,30
978,30
979,30
980,30
981,55
981,49
981,30
982,30
983,30
984,30
985,30
986,30
987,30
988,30
988,108
989,30
990,30
991,30
992,30
993,91
993,30
994,91
994,30
995,30
995,51
996,30
996,51
997,30
997,51
998,30
999,30
999,34
999,83
999,51
1000,33
1000,30
1001,30
1002,30
1003,30
1004,30
1005,30
1006,30
1007,49
1007,30
1008,30
1009,30
1010,30
1011,91
1011,30
1012,34
1012,30
1013,30
1014,5
1014,30
1015,30
1016,30
1017,21
1017,30
1017,83
1018,49
1018,30
1019,30
1020,30
1021,30
1022,91
1022,43
1022,30
1023,30
1024,70
1024,34
1024,30
1025,78
1025,30
1026,30
1027,30
1028,30
1029,30
1030,30
1031,30
1031,49
1032,1
1032,30
1032,34
1032,26
1033,30
1034,30
1035,30
1036,30
1037,101
1037,18
1037,83
1037,61
1038,30
1039,30
1040,30
1041,30
1042,91
1042,30
1043,30
1044,30
1045,30
1046,83
1046,26
1046,90
1047,30
1048,30
1049,30
1050,30
1051,30
1052,91
1052,30
1053,30
1053,91
1054,30
1055,30
1056,30
1057,30
1058,30
1059,49
1059,50
1059,30
1060,30
1061,30
1062,30
1063,30
1064,49
1064,30
1065,30
1066,83
1066,30
1067,47
1067,30
1068,30
1068,93
1069,30
1070,30
1071,30
1071,91
1072,30
1072,91
1073,30
1074,30
1074,49
1075,30
1076,30
1076,49
1077,30
1078,30
1079,30
1080,30
1080,91
1081,50
1081,59
1081,28
1081,30
1082,30
1083,30
1084,91
1084,30
1084,38
1085,30
1086,30
1087,30
1088,30
1089,30
1089,61
1090,30
1091,8
1091,29
1091,93
1091,30
1091,38
1092,30
1093,30
1094,30
1095,50
1096,30
1096,34
1097,30
1098,91
1098,30
1099,50
1099,49
1099,30
1099,34
1100,30
1101,30
1102,91
1102,30
1103,30
1103,61
1103,34
1103,18
1103,49
1103,50
1104,30
1104,5
1104,78
1105,30
1106,30
1107,91
1107,30
1107,39
1108,49
1108,30
1108,34
1109,50
1110,34
1111,34
1111,30
1111,49
1111,38
1112,55
1112,30
1113,30
1113,91
1114,30
1114,50
1114,91
1114,49
1115,30
1116,30
1117,83
1117,38
1117,91
1117,30
1118,30
1119,30
1120,30
1120,91
1121,30
1122,30
1122,55
1123,30
1124,30
1125,30
1126,5
1126,30
1127,30
1128,30
1129,30
1130,30
1131,30
1132,30
1133,30
1134,30
1135,30
1135,49
1136,30
1136,34
1137,30
1138,30
1139,83
1139,30
1140,91
1140,30
1141,30
1141,83
1142,30
1142,49
1142,38
1143,30
1144,30
1145,85
1145,24
1145,15
1145,83
1145,76
1145,30
1146,30
1147,98
1147,38
1147,61
1147,43
1147,30
1148,30
1148,61
1149,30
1150,30
1151,30
1152,18
1152,30
1152,38
1153,30
1154,30
1155,30
1156,91
1156,34
1156,30
1157,18
1157,50
1157,30
1158,30
1159,30
1160,30
1161,30
1162,30
1163,30
1164,30
1165,30
1166,30
1167,30
1167,91
1167,38
1167,49
1167,61
1168,30
1169,83
1169,30
1170,31
1170,30
1171,30
1172,30
1173,30
1174,30
1175,30
1176,76
1176,83
1176,30
1177,30
1178,30
1179,30
1180,91
1180,30
1180,34
1181,85
1181,30
1181,15
1182,91
1182,30
1183,30
1184,30
1185,30
1185,38
1186,30
1187,30
1187,18
1187,61
1188,30
1189,30
1190,30
1191,30
1192,30
1193,61
1193,30
1194,83
1194,30
1195,30
1195,83
1195,34
1196,30
1197,91
1197,30
1198,91
1198,78
1198,30
1198,63
1199,30
1200,30
1201,30
1202,30
1202,42
1203,30
1204,30
1205,30
1206,30
1206,76
1207,30
1207,34
1208,30
1209,30
1210,30
1211,93
1211,49
1211,30
1211,34
1212,38
1212,27
1212,18
1212,61
1212,30
1213,30
1214,30
1215,30
1216,30
1216,61
1216,98
1217,30
1218,91
1218,38
1218,30
1218,42
1219,34
1219,30
1220,34
1221,78
1221,34
1221,30
1222,30
1223,30
1225,3
1225,30
1226,30
1227,30
1228,30
1230,94
1230,11
1230,30
1231,30
1232,91
1232,55
1232,30
1233,18
1233,61
1233,64
1233,30
1233,50
1234,30
1235,30
1235,52
1236,30
1237,18
1237,30
1238,30
1239,83
1239,30
1240,30
1241,30
1242,30
1243,30
1244,30
1245,30
1246,30
1247,30
1248,91
1249,30
1250,30
1251,30
1252,30
1253,30
1253,49
1254,30
1255,30
1256,91
1256,30
1257,30
1258,30
1259,30
1260,30
1261,30
1262,30
1263,30
1264,30
1265,30
1266,30
1267,30
1268,30
1269,30
1270,30
1271,30
1271,91
1272,30
1272,81
1273,30
1274,30
1275,17
1275,49
1275,91
1276,30
1277,30
1278,30
1279,30
1280,30
1280,61
1280,18
1281,75
1282,30
1283,30
1284,30
1285,30
1286,30
1287,30
1288,30
1289,30
1290,30
1290,83
1291,30
1292,30
1293,34
1293,83
1293,91
1293,30
1293,50
1294,30
1295,30
1296,30
1297,30
1298,30
1299,30
1300,93
1300,71
1301,30
1302,30
1302,8
1303,30
1303,38
1304,30
1305,30
1306,30
1307,75
1308,30
1309,30
1310,30
1310,61
1311,30
1311,8
1312,30
1313,30
1314,30
1314,91
1315,34
1315,30
1316,30
1317,30
1318,46
1318,30
1318,83
1319,18
1319,61
1319,30
1320,34
1320,30
1320,91
1321,30
1322,30
1322,42
1323,34
1323,30
1324,30
1325,30
1326,30
1327,30
1328,34
1328,38
1328,55
1328,30
1329,34
1329,30
1330,83
1330,30
1331,30
1331,77
1332,30
1333,30
1334,30
1334,83
1335,30
1335,106
1336,30
1336,38
1337,30
1338,30
1339,30
1340,30
1341,30
1342,30
1343,83
1343,30
1344,30
1345,30
1346,30
1346,49
1346,38
1347,30
1347,91
1348,30
1349,55
1349,91
1349,30
1349,34
1350,30
1351,30
1352,30
1352,49
1353,34
1353,30
1354,30
1355,30
1356,30
1357,34
1357,30
1358,30
1359,92
1359,30
1360,30
1360,50
1360,61
1361,49
1361,30
1362,30
1362,42
1363,30
1363,108
1364,30
1365,30
1365,91
1366,30
1367,30
1368,30
1369,30
1370,30
1371,30
1372,30
1373,30
1374,30
1375,30
1376,30
1377,30
1378,30
1379,30
1380,30
1381,30
1382,30
1383,30
1384,30
1385,30
1386,30
1387,30
1388,30
1389,30
1390,30
1391,30
1392,30
1393,30
1394,30
1395,30
1396,30
1397,55
1397,38
1397,34
1397,8
1397,53
1397,39
1397,30
1398,34
1398,30
1398,91
1399,30
1400,30
1401,30
1401,2
1402,30
1403,91
1403,30
1404,30
1405,30
1405,18
1405,91
1405,49
1406,30
1408,30
1408,91
1409,68
1409,38
1410,30
1411,30
1412,42
1412,30
1413,30
1414,30
1415,30
1416,50
1417,30
1418,30
1419,30
1420,55
1420,30
1420,38
1420,49
1421,30
1422,30
1423,30
1424,30
1424,49
1425,34
1425,38
1425,26
1425,30
1426,30
1426,91
1427,30
1428,30
1429,30
1429,78
1430,30
1431,30
1432,30
1433,30
1434,30
1435,30
1435,45
1436,48
1436,30
1437,30
1438,30
1439,30
1440,49
1440,38
1440,30
1440,34
1441,30
1441,91
1442,34
1442,30
1443,30
1443,34
1444,30
1445,30
1446,30
1447,34
1447,30
1448,30
1449,30
1450,30
1450,34
1451,30
1452,30
1453,30
1454,30
1455,30
1455,5
1456,83
1456,34
1456,30
1457,38
1457,93
1457,108
1457,34
1457,30
1458,30
1459,30
1460,34
1460,30
1460,27
1461,30
1462,30
1463,55
1463,38
1463,30
1464,38
1464,30
1464,44
1465,30
1466,30
1467,30
1468,30
1469,34
1469,30
1470,30
1471,30
1472,30
1473,30
1474,30
1475,5
1475,30
1476,30
1477,30
1478,30
1478,38
1478,34
1478,83
1479,30
1480,30
1481,30
1482,38
1482,30
1483,30
1484,30
1485,30
1486,30
1487,30
1488,30
1488,93
1489,30
1490,30
1491,30
1492,30
1493,30
1494,30
1495,30
1496,30
1497,30
1498,30
1498,91
1499,30
1500,30
1501,88
1501,43
1501,30
1502,30
1502,87
1503,30
1504,30
1504,76
1504,83
1505,30
1506,30
1507,30
1508,30
1509,30
1510,34
1510,49
1510,30
1511,30
1512,30
1513,30
1514,34
1514,30
1515,30
1515,93
1516,91
1516,30
1516,55
1517,30
1518,30
1519,30
1520,30
1521,30
1522,30
1523,30
1525,30
1526,30
1527,49
1527,30
1528,30
1529,30
1530,30
1531,30
1532,30
1533,30
1534,102
1534,30
1534,2
1535,30
1535,102
1535,2
1536,30
1537,30
1538,30
1539,30
1540,30
1541,30
1542,30
1543,30
1544,30
1545,30
1546,30
1547,30
1548,30
1548,83
1548,85
1549,30
1550,30
1551,30
1552,30
1553,30
1554,30
1555,30
1556,30
1557,71
1557,93
1557,27
1557,34
1557,30
1557,38
1558,30
1559,30
1559,49
1559,91
1560,30
1560,8
1560,34
1561,30
1562,34
1562,30
1563,30
1564,30
1565,30
1566,30
1567,30
1568,30
1569,30
1570,30
1570,34
1571,30
1572,30
1573,30
1573,34
1573,38
1574,30
1575,30
1576,30
1577,30
1578,30
1579,34
1579,38
1579,30
1579,49
1580,30
1581,49
1581,30
1581,38
1581,34
1582,30
1583,68
1584,83
1584,30
1584,42
1585,34
1585,30
1585,38
1586,30
1587,30
1587,33
1587,38
1588,66
1588,49
1588,30
1588,91
1588,38
1589,86
1589,49
1589,34
1590,30
1591,30
1592,91
1592,30
1592,38
1592,34
1593,30
1594,30
1595,30
1596,30
1597,30
1598,30
1599,30
1600,30
1601,30
1602,30
1603,30
1604,30
1604,78
1605,30
1606,30
1607,30
1608,42
1608,30
1609,30
1609,34
1609,55
1609,24
1610,30
1611,30
1612,30
1613,30
1613,34
1614,30
1615,30
1616,78
1616,30
1617,18
1617,61
1617,30
1618,30
1619,34
1619,30
1620,83
1620,34
1620,30
1621,30
1622,30
1623,30
1624,34
1624,30
1624,8
1625,10
1625,43
1626,55
1626,30
1627,30
1628,30
1629,30
1629,71
1630,30
1631,30
1631,75
1631,34
1632,30
1633,30
1634,30
1635,30
1636,30
1637,30
1638,30
1638,38
1639,34
1639,55
1639,30
1640,30
1641,30
1642,34
1642,30
1643,30
1644,30
1645,30
1646,83
1646,30
1647,30
1647,5
1648,30
1648,34
1649,30
1650,30
1651,30
1652,83
1652,30
1653,38
1653,30
1654,30
1655,30
1656,38
1656,30
1656,49
1657,30
1658,30
1659,30
1659,55
1660,30
1661,30
1662,30
1662,44
1663,91
1663,8
1663,30
1664,30
1665,30
1665,34
1666,30
1666,34
1667,30
1668,30
1669,30
1669,28
1670,38
1670,30
1671,30
1672,30
1673,30
1674,30
1675,30
1676,30
1677,30
1678,49
1678,55
1679,30
1680,30
1681,30
1682,30
1683,30
1684,78
1684,38
1685,55
1685,30
1685,48
1686,30
1686,27
1686,38
1687,30
1688,30
1689,50
1690,83
1690,30
1690,50
1691,30
1692,30
1693,30
1694,30
1695,30
1696,78
1696,30
1697,30
1698,30
1699,30
1700,30
1701,91
1701,78
1701,21
1701,83
1701,30
1702,34
1702,30
1703,30
1704,30
1705,30
1706,30
1707,30
1708,30
1709,30
1710,30
1711,30
1712,30
1713,30
1714,30
1715,30
1716,30
1717,30
1718,30
1719,30
1719,42
1720,30
1720,55
1720,91
1720,34
1721,30
1722,28
1722,30
1723,30
1724,30
1725,30
1726,30
1726,83
1726,104
1727,30
1728,30
1728,83
1729,30
1729,8
1730,34
1730,91
1730,30
1731,30
1732,30
1733,49
1733,30
1734,30
1735,83
1735,30
1736,49
1736,30
1737,34
1737,30
1738,30
1739,30
1740,30
1741,30
1742,30
1743,50
1743,30
1744,30
1745,30
1746,30
1747,30
1748,30
1749,30
1749,39
1749,99
1749,50
1750,30
1751,92
1751,30
1752,92
1752,30
1753,30
1754,30
1755,30
1756,49
1756,30
1757,49
1757,30
1758,30
1759,30
1760,30
1761,30
1762,30
1763,30
1763,38
1764,30
1765,30
1766,30
1767,30
1767,83
1768,30
1769,30
1770,30
1771,30
1772,34
1772,30
1773,30
1774,30
1775,30
1776,30
1777,30
1778,30
1779,30
1780,30
1781,30
1782,30
1783,30
1784,49
1784,38
1784,30
1784,55
1785,30
1786,30
1787,30
1788,91
1788,50
1788,30
1789,30
1790,30
1791,91
1791,30
1792,30
1793,91
1793,30
1794,91
1794,38
1794,30
1795,30
1796,30
1797,30
1798,91
1798,49
1799,30
1800,30
1801,30
1802,30
1803,30
1804,30
1804,34
1805,30
1806,34
1806,42
1806,38
1806,30
1807,34
1807,26
1808,34
1808,38
1808,55
1808,30
1809,30
1810,30
1811,30
1812,30
1813,30
1814,30
1815,30
1816,91
1816,30
1817,30
1818,30
1819,30
1820,30
1821,30
1822,30
1823,30
1824,30
1824,49
1825,30
1826,44
1826,30
1827,30
1828,30
1829,30
1830,83
1830,30
1831,30
1832,30
1833,30
1834,30
1835,30
1836,30
1837,30
1838,30
1839,30
1840,91
1840,30
1840,34
1841,30
1842,30
1843,18
1843,30
1844,43
1844,104
1844,30
1844,34
1845,30
1846,30
1847,30
1848,30
1849,30
1850,30
1851,30
1852,30
1853,30
1853,83
1854,30
1855,34
1856,30
1857,30
1858,30
1858,105
1858,49
1858,91
1859,30
1860,30
1860,38
1861,30
1862,97
1862,30
1863,30
1864,30
1865,30
1866,30
1867,30
1868,30
1869,30
1869,34
1870,91
1871,30
1872,30
1873,30
1874,30
1875,18
1876,30
1877,91
1877,30
1878,30
1879,30
1880,30
1881,8
1881,30
1881,34
1882,91
1883,30
1884,30
1885,34
1885,30
1886,91
1886,30
1887,30
1888,30
1889,30
1890,30
1891,30
1891,104
1892,34
1892,30
1893,30
1894,55
1894,30
1895,30
1896,42
1896,44
1896,21
1896,8
1896,30
1896,29
1897,30
1898,30
1899,30
1899,49
1899,55
1900,50
1901,30
1901,18
1902,30
1903,30
1903,84
1904,30
1905,30
1905,49
1905,92
1906,34
1906,29
1906,8
1906,30
1907,30
1908,30
1908,34
1909,30
1910,30
1911,30
1912,30
1913,30
1914,34
1914,83
1914,30
1915,49
1915,91
1915,30
1916,49
1916,83
1916,30
1916,34
1917,30
1917,55
1917,44
1918,30
1919,55
1919,30
1920,30
1921,30
1922,30
1923,30
1924,30
1925,30
1926,30
1926,26
1927,30
1928,30
1929,30
1930,30
1931,91
1931,30
1932,30
1933,30
1934,30
1935,30
1935,50
1936,91
1936,30
1937,30
1938,30
1939,91
1939,30
1940,30
1941,38
1941,30
1942,30
1942,49
1942,61
1942,34
1942,38
1943,30
1944,30
1945,30
1946,30
1946,49
1946,34
1947,30
1947,38
1947,50
1948,49
1948,30
1949,34
1950,30
1951,91
1951,30
1952,30
1953,30
1954,30
1954,49
1955,34
1956,30
1957,30
1958,34
1959,30
1960,30
1961,30
1962,30
1963,30
1964,30
1965,30
1966,30
1967,30
1968,30
1969,91
1969,71
1969,34
1969,30
1970,30
1971,91
1971,30
1972,30
1973,30
1974,30
1975,30
1976,30
1977,30
1978,30
1978,38
1978,91
1978,34
1979,38
1979,34
1979,30
1980,34
1980,30
1981,30
1981,38
1981,34
1982,30
1983,91
1983,30
1984,30
1985,30
1986,30
1987,30
1988,34
1988,30
1989,40
1989,30
1989,91
1989,55
1990,30
1991,30
1992,30
1993,34
1993,30
1994,49
1994,91
1994,30
1995,30
1996,30
1996,83
1997,30
1998,30
1999,30
2000,30
2001,30
2002,30
2003,30
2004,91
2004,30
2004,55
2005,30
2005,38
2005,34
2005,76
2006,30
2007,30
2008,30
2009,30
2009,91
2010,30
2011,97
2011,30
2012,30
2014,30
2014,39
2015,30
2016,30
2017,5
2017,30
2018,30
2019,30
2020,30
2020,55
2021,30
2022,30
2023,30
2024,30
2025,30
2026,30
2027,30
2028,38
2028,30
2028,34
2029,49
2029,30
2029,34
2029,38
2030,30
2031,30
2032,30
2032,91
2033,30
2034,30
2035,30
2036,30
2036,34
2037,91
2037,30
2038,30
2039,30
2040,30
2041,30
2042,30
2043,30
2044,30
2045,50
2046,30
2047,30
2048,30
2048,83
2049,30
2049,34
2050,30
2051,27
2051,55
2051,69
2051,8
2051,72
2051,93
2051,30
2052,30
2053,30
2054,30
2055,30
2056,30
2057,9
2057,11
2057,78
2057,30
2057,49
2058,30
2058,52
2058,91
2059,17
2059,85
2059,82
2060,30
2061,30
2061,50
2062,91
2062,30
2063,30
2064,30
2065,30
2066,55
2066,30
2067,30
2068,30
2069,30
2070,30
2071,91
2071,30
2072,30
2073,30
2074,38
2074,30
2074,34
2075,30
2076,30
2077,30
2078,30
2079,30
2080,30
2081,30
2082,30
2083,30
2084,30
2085,30
2086,30
2087,18
2088,30
2088,18
2089,30
2090,30
2091,30
2092,30
2093,30
2094,30
2095,8
2095,30
2096,30
2097,30
2098,30
2098,34
2099,30
2100,30
2101,30
2102,30
2103,30
2104,30
2105,30
2106,50
2107,30
2108,30
2109,30
2110,30
2111,30
2111,38
2112,30
2113,30
2114,30
2114,38
2115,30
2115,46
2115,32
2115,95
2116,34
2117,30
2118,30
2119,18
2119,61
2120,49
2120,34
2120,21
2120,55
2121,30
2122,30
2122,34
2123,30
2124,38
2124,30
2124,49
2124,34
2124,33
2124,83
2125,30
2125,49
2126,30
2127,30
2128,30
2129,30
2130,30
2130,91
2130,38
2130,34
2131,30
2131,34
2132,30
2133,34
2133,104
2134,91
2134,34
2134,55
2134,30
2134,38
2135,30
2136,30
2137,21
2137,30
2137,91
2138,100
2138,83
2138,30
2138,82
2139,34
2139,30
2140,30
2141,91
2141,49
2142,30
2143,91
2143,34
2143,30
2144,30
2145,30
2146,49
2146,30
2147,30
2148,30
2149,30
2150,30
2151,30
2152,34
2152,30
2152,91
2153,49
2153,80
2153,91
2153,30
2153,38
2154,30
2154,91
2155,50
2155,61
2156,30
2156,42
2157,30
2158,30
2159,30
2160,30
2161,30
2162,30
2163,3
2163,30
2164,30
2165,30
2166,30
2167,30
2168,39
2168,91
2168,49
2168,30
2169,91
2169,30
2170,44
2170,30
2171,30
2172,30
2172,34
2173,30
2174,30
2174,91
2175,30
2176,50
2177,30
2178,38
2178,34
2179,30
2180,50
2180,75
2180,8
2180,30
2181,30
2181,34
2182,34
2183,30
2184,30
2185,30
2186,30
2187,30
2188,30
2188,38
2189,30
2190,52
2190,91
2190,30
2191,30
2192,30
2193,30
2194,30
2195,30
2196,38
2196,30
2196,34
2196,93
2197,50
2198,30
2199,30
2200,38
2200,30
2201,78
2201,30
2202,30
2203,34
2203,68
2204,30
2205,30
2206,30
2207,30
2208,30
2209,30
2210,30
2211,30
2211,49
2212,30
2213,30
2214,30
2215,55
2215,30
2216,50
2217,34
2217,48
2217,30
2218,30
2219,48
2219,30
2220,30
2221,30
2221,34
2221,38
2222,30
2223,30
2224,30
2224,50
2225,91
2226,30
2227,30
2228,91
2228,30
2229,30
2229,55
2229,49
2230,34
2230,25
2230,30
2231,30
2232,30
2233,38
2233,30
2233,108
2234,30
2235,30
2235,55
2236,83
2236,30
2236,91
2237,91
2237,19
2238,30
2239,30
2240,55
2240,91
2240,30
2241,49
2241,30
2241,38
2242,49
2242,30
2243,50
2244,18
2244,30
2245,30
2246,30
2247,30
2248,30
2249,30
2250,30
2251,30
2252,30
2253,30
2254,30
2255,30
2256,30
2256,50
2257,30
2258,30
2259,30
2260,30
2261,30
2262,30
2263,55
2263,30
2264,91
2264,8
2264,30
2265,30
2266,30
2267,38
2267,30
2268,30
2269,30
2269,91
2270,30
2271,30
2272,30
2272,43
2273,30
2274,30
2275,30
2276,30
2276,68
2277,83
2277,30
2277,38
2277,34
2278,30
2279,30
2280,30
2281,30
2281,49
2282,30
2283,30
2283,34
2284,30
2285,30
2286,30
2287,30
2288,97
2288,30
2288,34
2289,30
2290,30
2290,28
2292,38
2292,34
2292,30
2293,49
2293,34
2293,38
2293,50
2293,30
2294,30
2295,30
2296,30
2297,30
2297,91
2297,6
2297,39
2298,30
2299,30
2299,34
2300,30
2301,30
2302,30
2303,49
2303,30
2304,30
2304,91
2305,30
2306,30
2307,30
2308,55
2308,30
2309,30
2310,38
2310,50
2310,30
2311,30
2312,30
2312,38
2313,30
2314,96
2315,34
2315,30
2316,83
2316,38
2316,30
2317,30
2318,30
2318,91
2319,30
2320,30
2321,30
2322,38
2323,30
2324,30
2325,49
2325,30
2326,91
2326,30
2327,91
2327,92
2327,34
2327,30
2328,30
2329,30
2330,30
2331,30
2332,30
2333,38
2334,30
2335,30
2335,50
2336,28
2336,38
2336,30
2337,30
2337,34
2338,34
2338,30
2339,30
2340,30
2341,30
2342,30
2343,30
2344,50
2344,30
2345,8
2345,30
2346,30
2347,30
2348,30
2349,30
2350,34
2350,55
2350,30
2351,30
2352,18
2352,30
2353,18
2353,30
2354,30
2355,30
2356,30
2357,30
2358,30
2359,38
2359,30
2360,30
2361,30
2362,30
2363,30
2364,18
2364,30
2365,34
2366,91
2367,30
2368,30
2369,83
2369,34
2369,30
2370,30
2371,30
2371,91
2372,30
2373,30
2374,55
2374,83
2374,30
2374,91
2374,73
2376,30
2377,30
2377,85
2377,97
2377,34
2377,93
2378,30
2379,30
2380,61
2381,55
2381,93
2381,30
2381,38
2382,30
2383,30
2384,30
2384,83
2385,30
2385,8
2386,91
2386,30
2386,34
2387,30
2388,30
2389,30
2390,30
2390,68
2391,30
2392,30
2392,68
2393,30
2394,30
2395,30
2396,30
2397,30
2398,30
2398,34
2399,30
2400,30
2401,30
2401,34
2402,30
2403,30
2404,30
2404,49
2405,83
2405,38
2405,34
2405,30
2406,30
2407,30
2408,30
2409,30
2410,30
2411,30
2411,47
2412,30
2413,30
2414,30
2415,30
2416,30
2416,91
2416,78
2416,55
2416,34
2417,50
2417,30
2418,34
2418,30
2418,49
2419,30
2420,30
2421,30
2422,30
2423,38
2423,30
2424,65
2424,91
2424,30
2425,91
2425,30
2426,30
2427,30
2428,30
2428,38
2429,30
2430,30
2430,91
2431,30
2432,91
2432,30
2433,30
2434,30
2435,30
2436,30
2437,30
2437,34
2438,30
2439,30
2440,30
2441,30
2442,30
2443,30
2444,5
2444,30
2445,30
2446,30
2446,34
2447,30
2447,13
2447,91
2447,34
2448,76
2448,83
2448,30
2448,38
2448,49
2449,91
2449,34
2449,30
2450,30
2451,30
2451,34
2452,34
2452,30
2453,61
2453,30
2454,91
2454,83
2455,30
2456,30
2457,30
2458,30
2458,49
2459,30
2460,30
2461,52
2461,91
2461,30
2461,49
2462,30
2463,30
2464,30
2465,30
2466,34
2466,49
2466,30
2466,38
2467,30
2468,91
2468,30
2469,30
2469,49
2470,30
2471,30
2472,30
2473,30
2473,34
2474,30
2475,30
2476,30
2476,83
2476,91
2477,30
2478,30
2479,30
2480,30
2481,30
2482,30
2483,30
2484,30
2485,30
2485,21
2486,30
2487,30
2488,12
2488,75
2489,30
2490,30
2491,30
2492,30
2493,30
2494,30
2495,30
2496,30
2497,30
2498,83
2498,21
2499,91
2499,30
2499,34
2499,43
2500,30
2501,30
2502,30
2503,91
2503,30
2504,30
2505,30
2506,27
2506,30
2507,30
2508,30
2509,91
2509,30
2510,30
2511,30
2511,91
2512,30
2513,30
2514,30
2515,30
2516,34
2516,30
2516,60
2516,100
2517,30
2518,30
2519,30
2520,30
2521,38
2521,83
2522,30
2523,30
2524,30
2525,65
2525,30
2525,91
2526,30
2527,30
2528,30
2529,49
2529,30
2530,8
2530,30
2531,30
2531,34
2532,30
2532,91
2533,24
2533,85
2533,30
2533,38
2534,30
2534,38
2534,34
2534,49
2535,49
2535,50
2535,30
2536,30
2537,50
2537,30
2538,91
2538,30
2539,91
2539,83
2539,30
2540,30
2541,30
2541,39
2542,30
2543,30
2543,91
2543,18
2544,42
2544,30
2544,91
2545,103
2545,30
2546,30
2546,34
2547,30
2548,30
2549,38
2549,42
2549,30
2549,34
2550,30
2551,30
2552,30
2552,34
2552,83
2552,43
2553,30
2554,30
2555,38
2555,34
2555,108
2555,91
2555,30
2556,30
2557,49
2557,30
2558,30
2558,91
2559,38
2559,30
2560,30
2561,30
2562,30
2563,50
2564,30
2565,30
2566,30
2567,30
2568,34
2568,30
2568,91
2568,78
2569,30
2570,30
2571,30
2572,30
2573,30
2574,30
2575,30
2576,30
2577,30
2578,30
2579,49
2579,30
2580,49
2580,30
2581,50
2581,30
2582,30
2583,30
2584,30
2585,30
2586,30
2587,30
2588,30
2588,91
2589,30
2589,34
2589,41
2590,30
2590,49
2590,38
2591,30
2592,30
2593,30
2594,30
2594,34
2595,78
2595,30
2596,30
2596,55
2596,34
2597,49
2597,30
2598,30
2598,41
2599,30
2600,30
2601,30
2602,30
2603,30
2604,30
2605,38
2605,34
2605,30
2606,30
2606,83
2607,30
2608,89
2608,61
2608,91
2608,30
2609,30
2610,30
2611,30
2612,30
2613,38
2613,30
2613,34
2614,30
2615,8
2615,49
2615,30
2616,8
2616,34
2616,30
2617,30
2617,49
2617,78
2618,30
2618,97
2618,18
2619,30
2620,30
2621,30
2622,34
2622,93
2622,38
2622,30
2623,30
2624,55
2624,39
2624,38
2624,30
2625,30
2626,91
2626,30
2627,30
2628,30
2629,30
2630,30
2631,30
2632,30
2633,30
2634,30
2635,30
2635,34
2636,30
2637,38
2637,30
2637,108
2638,30
2639,30
2639,39
2640,30
2641,30
2642,68
2643,30
2644,49
2644,30
2645,30
2646,30
2646,91
2647,30
2648,49
2648,30
2649,30
2650,30
2651,30
2652,30
2653,30
2654,38
2654,30
2655,30
2656,30
2656,83
2656,50
2657,30
2658,30
2659,30
2660,49
2660,50
2660,30
2661,30
2662,30
2663,30
2664,30
2665,30
2666,30
2667,34
2667,30
2668,30
2668,91
2670,30
2671,30
2672,30
2673,30
2674,30
2675,30
2676,30
2677,30
2678,30
2679,30
2679,108
2679,42
2679,83
2680,30
2681,30
2682,30
2683,30
2684,30
2685,91
2685,30
2686,30
2687,30
2687,55
2688,30
2688,49
2688,91
2689,49
2689,30
2689,91
2690,91
2690,30
2690,55
2691,91
2691,30
2692,30
2693,18
2693,30
2694,91
2694,30
2695,83
2695,68
2696,30
2697,30
2697,91
2697,38
2698,30
2698,61
2699,55
2699,37
2699,91
2700,30
2701,30
2702,38
2702,30
2703,34
2703,30
2704,30
2705,30
2706,30
2707,30
2708,30
2709,52
2709,30
2710,91
2710,8
2710,30
2711,30
2712,30
2713,30
2714,104
2714,30
2715,30
2716,30
2717,30
2718,30
2718,8
2719,30
2720,30
2721,38
2722,30
2723,30
2724,30
2725,30
2726,30
2727,30
2728,91
2728,38
2728,30
2729,30
2730,30
2731,30
2732,30
2733,30
2734,30
2735,50
2736,30
2737,30
2738,30
2739,30
2740,30
2740,8
2741,30
2742,30
2743,30
2743,2
2744,30
2744,49
2745,30
2746,30
2747,91
2747,30
2748,50
2749,30
2750,30
2751,100
2751,49
2751,34
2751,39
2752,30
2753,30
2754,30
2755,30
2756,30
2757,30
2757,34
2758,49
2759,30
2760,30
2761,30
2762,34
2762,30
2762,38
2763,30
2764,30
2765,30
2766,30
2767,54
2767,30
2768,30
2769,30
2770,34
2770,30
2771,30
2772,30
2773,30
2774,30
2775,38
2776,30
2777,30
2778,30
2778,76
2779,5
2779,30
2780,30
2781,50
2782,30
2783,30
2784,30
2784,91
2785,30
2786,30
2787,30
2788,30
2789,30
2790,30
2791,30
2792,30
2793,30
2794,30
2795,30
2796,36
2796,34
2796,30
2797,30
2798,55
2798,38
2799,30
2799,91
2800,30
2800,104
2801,30
2801,91
2802,34
2802,30
2803,30
2804,30
2805,30
2806,30
2806,49
2806,91
2807,30
2808,38
2808,30
2808,26
2809,30
2810,30
2811,30
2811,91
2812,30
2813,30
2814,30
2815,30
2816,34
2816,30
2816,83
2816,49
2816,38
2817,30
2818,30
2818,34
2819,30
2820,44
2820,30
2820,49
2821,30
2821,34
2822,30
2823,30
2824,30
2824,91
2825,30
2826,30
2826,91
2827,30
2828,30
2829,30
2830,30
2831,30
2832,30
2833,30
2834,30
2835,30
2836,91
2836,30
2837,30
2838,30
2839,42
2839,91
2839,97
2839,30
2839,34
2840,30
2841,30
2842,30
2843,30
2882,30
2886,30
2890,110
2896,30
2897,43
2904,30
9,30
23,28
23,30
23,91
10,30
10,83
10,91
2921,43
2943,30
2,30
2,34
2964,30
2974,43
2975,110
2979,30
2981,96
2986,8
2987,30
2989,8
1407,30
540,30
81,30
1224,30
939,30
939,49
1524,30
3223,8
3269,30
3277,30
3331,30
3332,30
3339,43
3340,30
3341,43
3342,111
3343,110
3351,43
3352,30
3352,91
2375,30
1229,30
1229,100
3357,8
3360,30
3362,111
3377,8
3380,30
3383,8
3384,30
3386,30
3387,30
3388,50
3390,8
3391,30
3392,30
3393,30
3394,30
3395,8
3397,43
3398,30
3400,30
3401,30
3402,96
3404,30
3405,30
3406,50
3407,30
3408,30
3409,30
3410,30
3411,30
3412,43
3415,30
3385,30
2669,30
3355,30
3353,30
3337,111
3336,30
3333,30
3330,8
3224,30
2995,30
2994,30
2992,30
2988,111
2984,8
2969,30
2942,30
2967,43
2966,30
2965,30
2963,111
2925,30
2924,30
2922,30
2913,30
2910,30
2909,30
2908,30
2899,30
2898,96
2895,30
3396,30
3399,30
3403,30
3413,111
3414,30
3416,30
3389,30
3356,30
3358,111
3359,30
3361,30
3363,110
3364,43
3365,30
3367,30
3366,30
3368,30
3369,30
3370,30
3371,43
3372,30
3374,30
3373,30
3375,30
3376,30
3378,30
3379,30
3381,21
3381,30
3382,30
