movie_id,writer_id
1,1912
1,2895
1,163
3,2445
4,3279
4,3606
5,83
5,2686
5,1129
6,2582
7,3350
7,346
7,1080
8,2448
8,3486
8,785
11,9
12,3501
12,3311
12,2519
13,621
13,1016
13,824
14,3471
14,592
14,2779
15,2558
15,1594
15,426
16,2726
16,2470
17,1046
17,1640
18,129
18,3212
18,110
19,1542
19,3512
20,937
20,785
21,1042
21,3373
22,188
22,788
24,3778
25,1932
25,2633
26,1479
27,2731
27,1640
28,1270
28,1693
28,2375
29,2289
29,1115
30,2318
30,3279
31,555
31,834
31,1648
32,559
32,894
32,1246
33,2572
33,581
34,3654
34,1408
35,855
36,136
37,70
37,3283
38,3067
38,3084
38,1488
39,128
39,84
39,2566
40,3316
40,3291
41,2147
41,1964
41,966
42,445
42,2042
43,3857
43,1639
44,153
45,3551
45,463
45,2970
46,2828
47,586
48,3931
49,1442
50,264
51,3801
51,560
52,1264
52,1192
52,216
53,3191
54,2355
54,2525
55,3118
55,135
55,1077
56,2836
57,2957
57,3409
57,2454
58,2630
58,865
58,189
59,1654
59,2660
59,21
60,2589
60,1110
61,2037
61,2829
61,3590
62,662
62,1490
63,3186
63,2992
64,2881
64,531
65,349
65,2750
66,3774
66,610
67,2561
68,676
68,2967
68,2629
69,3388
70,3587
70,1231
71,2810
71,11
71,1563
72,3379
73,2453
74,2875
74,623
75,1418
75,3779
76,5
76,286
76,2966
77,3670
77,513
77,1117
78,1891
78,431
79,1179
80,2836
82,977
82,533
82,3768
83,3379
84,1297
85,2133
86,2491
87,2876
88,2124
88,2869
88,2725
89,3848
89,2795
90,325
91,3647
91,25
92,3078
92,3182
93,1742
93,2171
93,3194
94,3014
95,2869
96,1120
96,1005
97,3587
97,3293
98,3413
98,1259
98,2674
99,1985
99,198
100,1708
100,299
101,3732
101,1067
102,151
102,3597
102,1160
103,278
103,817
103,977
104,2077
105,799
106,2552
106,2086
106,1703
107,443
108,3039
109,3287
109,539
110,1813
111,1474
111,156
111,1024
112,80
112,1802
112,1882
113,1677
113,1134
113,3953
114,996
115,1782
115,2535
115,1235
116,1977
116,3518
116,1710
117,1762
117,442
118,530
118,316
119,1354
120,1723
120,1777
120,3869
121,75
122,2729
123,1650
123,2233
123,366
124,2348
124,2020
124,1683
125,2842
125,3841
126,2590
127,2025
127,3418
127,852
128,3095
128,3450
129,1937
129,2547
130,3093
130,2608
131,3212
132,3819
132,466
133,3243
133,2000
134,1315
135,770
135,2314
135,3904
136,639
136,2081
136,2106
137,3001
138,2868
139,3881
140,2550
140,477
140,1970
141,3347
141,265
141,2712
142,1368
142,2194
143,3680
144,625
145,386
146,2882
147,2158
148,1902
148,226
149,214
150,2531
151,2555
151,1844
152,547
152,2830
153,3411
153,663
153,1378
154,1325
155,646
156,3666
157,2692
157,941
158,1813
159,2841
160,459
161,869
162,1660
162,1574
163,1561
164,2532
165,622
165,1036
165,1027
166,581
167,938
168,1530
168,2496
168,3072
169,1167
169,3078
170,3198
170,2431
170,1399
171,2940
171,830
172,882
173,3596
173,3283
174,3321
174,2743
175,2646
176,2165
176,3082
177,3647
177,25
178,3161
178,1335
179,916
180,3185
181,3540
181,1348
181,876
182,150
182,2360
183,2158
184,1736
184,2311
185,2547
185,2840
186,2904
186,1336
186,3723
187,3207
187,2504
188,3002
188,218
189,3722
189,3474
190,302
190,2917
190,374
191,182
191,1626
191,1476
192,251
193,202
193,853
193,355
194,2202
194,3310
194,3369
195,17
196,258
196,2336
196,341
197,2976
198,556
198,420
198,2072
199,2696
199,153
199,849
200,1576
200,474
200,1601
201,1341
201,172
201,2382
202,1666
202,891
202,2278
203,1868
203,2701
203,502
204,3504
204,1185
205,1127
205,2932
206,308
207,3520
207,2044
208,2580
208,175
209,203
210,3053
210,1615
210,1876
211,2159
211,549
212,1903
212,2946
212,1698
213,2597
213,3188
214,1020
214,289
214,515
215,2328
215,3236
216,1029
216,1130
216,3078
217,3278
218,2211
219,3546
219,3871
219,1768
220,368
220,3910
220,1812
221,1596
222,2647
222,862
222,2251
223,3400
223,2688
224,56
225,1146
225,3462
225,2483
226,1622
226,3075
226,753
227,861
227,2755
228,1922
229,1251
229,3758
229,1895
230,759
231,1322
231,196
232,673
233,3149
233,3102
234,2417
234,3903
235,2734
235,2625
236,63
237,833
237,3103
237,2992
238,886
239,60
239,3133
240,543
241,3214
241,2216
242,2339
243,3236
243,572
244,2670
245,3248
245,2992
246,1796
247,2840
247,3090
248,708
248,2824
248,108
249,3443
250,2509
250,3482
251,3145
251,263
252,2178
252,2179
252,34
253,2178
253,2179
253,34
254,2179
254,34
254,2178
255,843
255,1118
256,45
257,3097
257,418
258,3290
258,1949
259,1953
259,106
260,845
260,3258
261,2248
261,3514
262,3474
262,1146
263,1889
264,3375
264,819
265,3395
265,3714
266,1239
267,826
268,3250
268,1479
269,1465
269,3843
270,3589
270,1634
270,67
271,655
271,1096
271,2407
272,3282
272,3111
272,1219
273,3322
273,718
274,31
274,2564
275,3929
275,3537
275,1980
276,380
276,3612
277,215
277,789
277,142
278,918
278,3532
278,687
279,2988
280,2928
281,1055
282,1186
282,688
283,2094
284,2797
285,190
285,665
286,1543
286,3702
286,1761
287,3463
288,3490
288,2614
288,1482
289,2812
289,1340
289,3263
290,3931
290,943
291,3535
291,922
291,3676
292,39
292,3173
292,1883
293,1982
293,3450
293,599
294,773
294,1952
294,1619
295,49
295,3276
296,3698
296,1773
296,3523
297,1065
297,3927
298,3064
299,1954
300,2686
300,523
301,1639
302,2415
302,3314
302,3277
303,2007
303,2300
303,1498
304,310
304,2435
304,3313
305,3849
306,2642
306,2449
306,2554
307,3883
307,3307
308,3020
308,72
309,3193
309,842
309,2820
310,3477
310,778
311,1405
312,1864
312,3114
313,2712
313,3698
313,1773
314,1040
314,860
315,866
316,1297
317,3183
318,2450
318,2640
319,614
319,3442
319,896
320,3279
320,44
321,3851
321,1768
322,673
322,2225
323,3299
324,2102
325,1556
325,3317
326,376
327,3523
328,1325
328,388
328,3902
329,2550
330,2667
331,1707
331,303
331,273
332,496
332,2867
333,981
333,2470
333,1660
334,3053
335,1776
336,88
336,511
336,1298
337,3853
338,324
339,2440
339,2227
339,2854
340,707
340,696
340,3523
341,195
341,485
342,682
343,1808
343,1664
343,1944
344,3276
345,1743
345,222
345,3005
346,2196
346,3034
346,1548
347,1727
347,2975
348,536
349,23
349,551
350,1010
350,778
351,341
351,258
351,2336
352,2557
352,3559
352,1918
353,670
353,3678
353,380
354,345
354,2499
355,313
356,3157
356,3872
357,2729
358,1209
359,3082
360,2938
360,3209
360,702
361,3696
361,1333
362,801
363,2986
363,3843
364,2012
364,3361
365,3003
366,3322
367,3900
368,3505
369,1469
370,2226
370,2439
371,3221
371,1883
371,805
372,639
372,2107
373,352
374,831
374,1698
374,3307
375,2201
375,1927
376,1790
376,3816
376,137
377,3698
377,1773
378,3292
378,1332
379,2196
380,596
381,2231
381,1670
381,1600
382,2820
382,1757
383,2061
384,1492
384,587
385,1509
385,337
386,3569
386,829
386,3041
387,1095
387,1825
387,3345
388,1606
389,3517
389,1701
389,3142
390,1704
391,1262
391,3601
391,1785
392,2808
392,3741
393,2283
393,1730
394,2548
394,778
395,3478
395,3652
396,3248
397,4
397,3532
398,2500
398,1062
398,1209
399,21
399,3941
399,3403
400,2376
401,2385
401,2682
401,1443
402,3373
402,10
402,1991
403,1510
403,2365
404,3931
404,2456
405,3749
405,128
405,84
406,1788
406,1962
407,2185
407,2683
408,3691
409,3914
409,2133
410,1066
410,2549
411,138
411,3771
412,197
412,3015
412,2276
413,2637
414,2423
414,3198
415,1827
415,2560
415,3073
416,79
416,161
417,3338
417,3791
417,3813
418,1913
419,3272
420,1641
421,1954
422,809
422,6
423,3143
423,3578
423,3607
424,1242
424,3863
424,1284
425,2398
425,3078
426,2101
426,3324
427,1759
428,2548
428,2969
428,2534
429,69
429,3562
430,1001
430,1155
430,2589
431,1528
431,1103
431,2519
432,1437
433,1223
434,184
435,3631
435,3535
436,82
436,145
436,3247
437,3535
437,1178
438,1130
438,485
439,1973
440,778
440,3812
441,3904
442,3032
442,1140
442,3145
443,1232
443,3509
444,1867
445,1885
446,809
446,1700
446,2755
447,1497
447,1813
448,2967
448,1358
448,834
449,3544
449,2937
449,2833
450,3142
451,2474
451,3302
452,972
452,3609
452,2809
453,1055
454,830
455,152
456,3644
456,485
456,2584
457,108
457,785
458,2151
459,2009
459,1435
460,2992
460,3248
461,1086
461,744
461,776
462,3707
463,1290
463,2427
464,3671
465,223
465,606
465,3955
466,672
466,1944
466,1808
467,1330
468,26
468,1320
469,799
470,2641
470,3226
470,2891
471,1975
471,2533
472,1722
472,3792
472,3136
473,3420
473,2218
473,3113
474,1895
475,434
476,1930
476,3264
476,3578
477,3921
477,1573
478,2537
479,3833
479,366
479,3342
480,3587
480,3628
481,3585
481,3859
481,1558
482,396
482,2300
482,562
483,475
483,3585
483,2793
484,1530
485,3344
485,3308
485,3810
486,456
487,3598
487,1037
488,2421
488,624
488,3009
489,1825
489,1095
490,552
490,2062
490,3410
491,678
491,690
491,2244
492,2899
493,1656
493,2496
494,535
494,1472
494,1138
495,2195
495,3762
495,2113
496,2884
496,931
497,794
497,1652
497,2125
498,2811
498,171
499,2466
499,2142
499,305
500,679
501,3515
501,3875
501,188
502,1768
502,968
503,2452
503,2111
503,225
504,1758
505,1356
506,3681
506,339
507,2689
507,174
508,3655
509,3553
510,3636
510,1412
510,2980
511,2836
512,779
512,3535
512,430
513,684
513,2890
514,2835
514,509
515,2826
515,3045
515,2852
516,3134
516,2085
516,2007
517,577
518,2758
518,437
518,2154
519,536
520,950
520,1045
521,1711
522,3364
522,322
523,3735
523,1778
523,2574
524,3514
524,3656
524,2248
525,1684
525,3610
525,3255
526,3406
527,1687
527,2880
528,3010
529,1218
529,1617
529,1776
530,3199
530,780
531,3306
531,3237
531,68
532,2822
533,3519
534,2827
534,141
534,1026
535,550
535,1754
536,1855
537,3525
537,1685
537,1148
538,1124
538,2914
539,252
541,2045
541,632
542,3126
542,1545
542,247
543,1772
544,568
544,1690
545,558
545,2477
545,2336
546,2920
546,152
547,3726
547,3276
548,3524
548,3269
549,2363
549,3461
550,3373
550,1608
550,1367
551,838
551,2441
551,940
552,3659
552,1265
553,2547
553,206
554,596
554,566
554,1493
555,3429
555,2100
556,3684
556,3474
556,2584
557,3116
557,8
557,1655
558,2738
558,353
559,1376
559,1613
559,398
560,830
561,2924
561,3610
561,3453
562,2014
562,3737
562,1346
563,270
564,2257
564,1407
564,3314
565,2320
565,2077
566,1833
566,573
566,2075
567,1716
567,2236
568,145
568,469
569,1612
570,1207
570,1583
571,2478
571,1731
571,889
572,3537
572,3746
572,2169
573,2813
573,3256
573,979
574,1889
574,1500
575,845
575,3258
576,3545
576,310
577,2897
577,2977
578,1498
578,3566
578,3774
579,2317
580,268
580,2673
581,2604
581,3810
581,3730
582,817
582,333
582,1744
583,2272
584,1127
584,2932
585,1949
586,1313
586,2064
586,2330
587,1256
588,996
589,1883
589,39
590,176
590,3377
591,2988
592,3252
592,569
592,2860
593,1199
593,3304
593,2889
594,1384
594,857
594,3420
595,2348
595,2347
595,3036
596,3675
596,3493
596,3419
597,1939
598,2780
598,3178
599,3128
599,2463
600,654
600,3094
600,3086
601,842
601,3193
601,2820
602,406
602,618
602,933
603,2040
603,1034
604,227
604,3124
604,2031
605,3134
605,2721
605,3236
606,1640
606,943
607,808
607,1619
608,2570
609,1678
609,2980
609,3636
610,3228
610,3895
610,363
611,1354
612,2235
613,1853
613,859
613,2730
614,2232
614,2059
614,1842
615,1931
615,3276
616,3423
616,2103
617,2401
617,1132
618,1005
618,1120
618,2239
619,343
619,1273
620,2190
620,2293
621,915
622,3145
622,1140
623,1533
623,1755
624,2652
624,3938
624,2978
625,3576
625,3456
625,3542
626,137
626,2296
626,944
627,3107
627,1347
627,3268
628,3649
629,778
629,1572
630,1710
630,134
630,1135
631,2282
631,1814
632,2050
632,883
632,3719
633,859
633,1853
633,686
634,3739
634,3914
635,2183
635,3147
636,947
636,1078
636,2319
637,2962
637,925
637,3807
638,319
638,29
639,65
640,2259
641,1227
641,3746
642,3349
642,90
642,2980
643,642
643,1925
644,3352
644,3210
645,3822
645,1967
645,1906
646,3351
646,2141
646,951
647,1080
648,1480
648,346
649,1480
649,3220
649,346
650,2947
650,2373
651,2068
651,1459
651,2965
652,730
652,1897
653,1229
653,65
654,1080
654,346
654,3350
655,668
655,1489
655,1866
656,1098
656,1130
656,3815
657,3337
657,1173
657,1503
658,1123
658,2751
658,980
659,2390
659,3436
659,2776
660,2768
660,874
661,501
661,660
661,346
662,1426
662,2785
662,1892
663,3453
663,237
664,2480
664,2022
665,1644
665,187
665,600
666,713
666,3168
666,1803
667,1803
667,500
667,1602
668,289
668,113
668,1961
669,1935
669,1438
669,289
670,2647
670,2252
670,862
671,1925
671,91
671,748
672,83
672,1003
672,1129
673,319
673,29
673,2760
674,501
674,3822
674,346
675,346
675,605
675,1480
676,64
676,2749
676,630
677,3876
677,2068
678,3401
678,2766
678,3303
679,1195
679,317
679,1960
680,1662
680,3351
680,3765
681,2963
681,2995
682,1602
682,3432
682,3210
683,124
683,951
683,51
684,2523
684,1089
684,1009
685,1059
685,3948
685,2671
686,1175
686,1517
686,989
687,2863
687,1958
688,1129
688,730
688,83
689,516
689,290
689,515
690,3330
690,1872
690,1624
691,1129
691,1142
691,83
692,3431
692,2681
692,2287
693,947
693,1350
694,2457
694,2671
695,1393
695,3260
696,1471
696,1860
696,1130
697,1390
697,2745
697,2973
698,1587
699,500
699,1849
699,1485
700,1379
700,3213
701,1224
701,1834
702,1567
702,457
702,1897
703,1897
703,3746
703,604
704,1624
704,3057
704,3591
705,3063
705,3205
705,3210
706,2775
706,1078
706,298
707,280
707,1578
708,721
708,1308
709,700
709,3891
710,1987
710,22
710,3105
711,3211
711,328
711,3782
712,129
713,2198
714,2705
715,137
716,3457
716,2029
717,3816
717,3327
717,36
718,1002
719,2090
719,3569
720,1888
721,2596
721,3722
722,2145
723,1760
723,2137
723,3521
724,2955
724,3883
724,1883
725,1549
725,917
726,3640
727,102
727,3196
728,1286
728,903
728,336
729,1286
729,336
730,3919
730,1174
731,1072
731,828
732,828
732,1018
733,485
733,2300
733,3410
734,1116
734,2292
734,336
735,1831
735,2338
736,336
736,2649
736,1289
737,961
737,2055
738,3713
738,2602
738,2354
739,1253
739,3062
739,929
740,3585
740,1444
740,1082
741,3564
741,331
742,2890
742,1974
743,903
743,2801
743,336
744,893
744,2793
744,1815
745,2366
745,3401
745,3332
746,3577
746,336
746,3004
747,3928
747,2281
747,3585
748,2195
748,695
748,3577
749,2498
750,1240
750,1460
750,3318
751,3243
751,1698
751,3523
752,3475
752,402
752,1274
753,2017
753,581
754,2637
755,3683
756,2539
756,750
757,1999
758,3403
759,3883
760,1181
760,3914
760,47
761,3496
762,2886
762,370
763,3040
764,28
764,3051
765,1451
765,3627
766,3931
767,649
767,283
767,3914
768,1988
769,2312
769,272
770,3381
771,2428
771,371
771,3265
772,124
772,1081
772,2799
773,1938
773,3057
774,3033
774,1938
775,3135
775,815
776,1929
776,3866
776,1419
777,3931
777,2456
778,3931
778,2628
779,1856
779,505
780,3602
780,1856
780,1294
781,1363
781,347
781,3044
782,1735
783,234
783,347
784,3149
784,3221
784,797
785,1078
785,2951
786,1184
787,1017
788,3248
788,2992
789,2779
790,3184
791,1813
792,3011
792,2779
793,2705
794,790
795,3917
795,62
796,2525
797,506
797,1475
798,3222
798,3677
799,1547
799,1764
799,1013
800,1505
800,2727
800,3536
801,2790
801,3592
802,3464
802,1312
802,3474
803,612
803,2397
804,756
805,1683
805,3046
805,1726
806,2729
807,2202
807,3369
808,1083
809,347
809,1164
810,210
810,476
810,1032
811,1573
812,859
812,1853
813,2730
813,1853
814,3593
814,1202
814,1949
815,1340
815,2384
815,606
816,1340
816,2384
816,606
817,523
817,2686
817,1398
818,1061
818,1856
818,1294
819,436
819,3112
820,2738
820,353
820,421
821,1683
821,701
821,1647
822,1851
822,1385
822,651
823,228
823,1851
823,2266
824,1851
824,3790
825,1683
825,3796
825,1343
826,2903
827,3840
827,1064
828,3654
829,1280
829,3066
829,3763
830,2925
831,1271
831,2375
831,1694
832,2178
832,2179
833,1035
833,2902
834,3453
834,458
834,1790
835,1790
835,923
836,3721
837,2594
837,212
838,3405
838,1785
838,594
839,3532
840,1949
841,649
841,148
841,284
842,1091
843,2885
844,2222
844,351
844,2121
845,3709
845,537
846,2225
846,1242
846,2240
847,3884
848,2969
848,1242
848,2225
849,3602
849,3705
849,517
850,1574
850,763
850,3816
851,33
851,2343
851,3399
852,438
853,3042
854,3563
854,3151
854,2623
855,3453
855,208
856,1373
856,1449
857,2567
857,1132
857,1926
858,3398
858,719
858,3399
859,2225
859,1243
860,3924
860,2926
860,3096
861,2785
861,1296
861,103
862,2726
862,2470
863,3285
863,677
864,3345
864,1518
865,2340
865,3172
865,2399
866,36
866,2486
866,1436
867,1979
868,3150
868,2027
869,670
869,1911
870,2401
870,1132
871,1334
871,2567
871,3453
872,2738
873,2133
873,3914
874,2944
874,3944
875,1873
875,2507
875,1161
876,2264
876,1386
876,2979
877,1566
877,2943
877,2016
878,2456
878,3931
879,3708
879,2969
880,219
880,144
880,383
881,809
882,631
883,1354
884,1496
885,324
886,1194
886,3921
886,1573
887,2932
887,3485
887,1127
888,2151
888,2911
888,2297
889,3705
890,3931
890,2456
891,1825
891,731
891,1095
892,3700
893,445
893,527
893,458
894,1166
894,3852
894,2785
895,2339
896,2623
896,2981
896,465
897,3747
897,1114
897,1049
898,3263
898,3221
899,1377
899,986
900,257
900,1897
901,2932
901,3727
901,2118
902,3366
903,887
903,3453
903,3474
904,426
904,3038
904,3474
905,1011
905,1189
905,3615
906,3383
906,3345
907,1577
907,3804
907,2844
908,2323
908,2544
908,880
909,1686
909,694
909,1682
910,1371
910,711
911,834
912,3060
912,1874
912,1227
913,123
914,2021
914,2068
914,2965
915,363
915,3228
916,1109
916,482
917,987
917,2189
917,1133
918,1772
919,2096
919,1519
920,1326
920,2905
920,2198
921,926
921,1353
921,1159
922,1683
922,982
922,1691
923,2519
923,2483
923,1220
924,1772
925,2719
925,3715
926,503
927,893
927,2234
927,1815
928,464
928,1969
929,2240
929,3878
929,2054
930,702
931,3089
932,2280
932,2087
932,1292
933,580
933,2587
933,1394
934,1895
935,1243
935,1716
935,2527
936,3155
936,1748
937,1845
938,2969
938,1683
938,2645
940,2802
940,2821
940,2695
941,3257
942,438
943,3043
943,2210
943,395
945,3803
945,2955
946,1281
946,3314
946,1897
947,3883
948,2188
948,3346
948,3813
949,3925
949,2912
949,3447
950,2755
951,932
951,1176
951,1993
952,3548
952,2063
952,2331
953,1423
954,676
954,3285
954,3786
955,1911
956,579
956,217
956,1877
957,735
958,2035
959,217
959,579
960,1364
960,3711
960,716
961,1244
961,1659
961,3354
962,935
962,2579
962,1364
963,390
963,2862
963,2818
964,707
965,1147
966,2720
966,2414
967,1104
967,713
968,3618
968,1499
968,2098
969,1715
969,3528
970,2825
970,3636
970,2980
971,3757
971,3194
971,2971
972,389
972,1629
973,2483
973,1906
973,3890
974,3197
974,3877
974,671
975,308
975,624
976,1861
976,3851
976,1625
977,1625
977,1861
978,2220
978,3474
979,2869
979,844
979,68
980,3849
981,814
982,120
982,369
982,2739
983,570
984,3079
984,1342
984,170
985,804
985,2898
985,2209
986,2774
986,3532
987,1219
987,3111
987,394
988,1636
988,3374
989,340
990,3017
991,2265
991,3168
991,3201
992,243
993,1895
993,899
994,3523
994,936
994,3825
995,59
995,1219
995,1370
996,2261
996,2226
996,1219
997,1395
997,1219
997,3916
998,1395
998,1539
998,1219
999,1219
999,1395
1000,1396
1000,2261
1000,1219
1001,366
1001,3341
1001,703
1002,1875
1003,1875
1004,1771
1004,3830
1004,425
1005,1771
1005,2116
1005,3830
1006,2451
1006,2562
1007,1530
1008,467
1008,2907
1009,1462
1009,467
1009,2906
1010,467
1010,2906
1010,3088
1011,2948
1011,3058
1011,953
1012,2245
1012,3808
1012,3932
1013,104
1013,1787
1014,460
1015,1095
1015,1825
1016,272
1017,2955
1017,2229
1017,3814
1018,125
1018,1420
1018,1618
1019,3376
1020,2282
1021,3163
1021,3438
1022,1824
1022,417
1022,2635
1023,2160
1024,1590
1024,2864
1024,1906
1025,2755
1025,1783
1025,2914
1026,2205
1026,3178
1027,2133
1027,3914
1028,2770
1028,2609
1029,82
1029,2666
1030,69
1030,3653
1030,2779
1031,1419
1031,2212
1032,2740
1032,924
1032,994
1033,769
1033,3837
1034,1856
1034,1481
1034,3605
1035,1994
1036,2603
1037,3456
1037,1038
1037,1309
1038,2413
1038,2658
1039,3016
1040,147
1040,1487
1041,2272
1042,954
1043,267
1043,2271
1044,3504
1044,1101
1045,179
1045,2913
1046,2883
1046,3945
1047,3797
1048,1102
1048,580
1049,3665
1050,1057
1051,1915
1051,739
1052,2091
1052,1805
1053,738
1053,3883
1054,336
1054,1288
1054,2648
1055,361
1055,1025
1056,2276
1057,269
1057,787
1058,1323
1059,2840
1059,2018
1059,3110
1060,1522
1060,3568
1061,2130
1062,3736
1062,232
1063,3622
1063,1689
1063,1433
1064,2653
1064,3805
1064,1410
1065,1464
1065,2243
1065,2576
1066,3851
1066,2001
1066,2274
1067,188
1067,2931
1068,1531
1068,747
1069,1310
1070,3479
1070,2851
1071,1322
1072,734
1072,3784
1072,2152
1073,2412
1073,3190
1073,414
1074,3743
1075,1351
1075,3416
1075,3430
1076,907
1076,2861
1077,3541
1077,2119
1078,1361
1078,1764
1078,1547
1079,3513
1079,3685
1079,661
1080,3700
1081,427
1081,764
1081,2467
1082,1780
1083,3235
1084,344
1084,1738
1085,2915
1086,2638
1087,2005
1087,3343
1088,387
1089,2621
1089,872
1089,1468
1090,258
1090,1134
1090,2336
1091,3198
1091,2340
1092,1315
1093,200
1094,718
1094,3322
1095,2487
1096,3175
1097,2419
1098,778
1098,2547
1099,3532
1100,1598
1100,3200
1100,3868
1101,1317
1101,619
1101,3360
1102,3379
1103,3392
1103,2925
1104,1297
1104,1637
1104,3013
1105,39
1105,366
1106,3365
1107,912
1107,1930
1107,3264
1108,3279
1109,3427
1110,657
1111,1688
1111,89
1112,2642
1112,2545
1113,2335
1113,973
1114,3202
1115,793
1116,1710
1117,1629
1117,472
1117,2561
1118,706
1118,830
1119,2779
1119,1926
1119,3167
1120,252
1120,1669
1120,681
1121,1612
1122,2964
1123,2405
1123,53
1123,3668
1124,2872
1124,7
1124,2146
1125,2517
1125,220
1125,2870
1126,2707
1127,2106
1127,1922
1128,2637
1129,410
1130,777
1131,2332
1131,1986
1131,2137
1132,1855
1133,545
1134,368
1134,1812
1134,413
1135,2503
1135,1331
1135,920
1136,92
1136,1826
1137,1486
1137,2510
1137,892
1138,3167
1138,508
1139,165
1140,3384
1141,2198
1141,922
1141,3676
1142,1333
1142,3915
1143,2867
1144,789
1145,2607
1145,2275
1145,149
1146,410
1146,653
1146,1588
1147,285
1147,1403
1148,1623
1148,777
1149,1252
1150,2899
1151,2212
1151,1646
1152,1844
1152,2555
1153,2972
1153,1699
1154,1946
1155,2325
1155,1302
1155,2081
1156,3334
1156,673
1157,2105
1157,2155
1158,3777
1159,3119
1159,1626
1160,2815
1160,1658
1160,1105
1161,2158
1162,2408
1162,863
1163,3441
1164,2471
1165,1732
1166,2309
1166,2160
1167,159
1167,3722
1167,2002
1168,2783
1168,648
1168,1304
1169,2418
1170,160
1171,81
1171,3689
1171,1087
1172,850
1173,1889
1174,2089
1175,1698
1176,689
1176,2243
1176,1371
1177,3233
1177,3301
1177,3064
1178,1070
1178,3688
1179,2633
1180,3338
1181,2592
1181,1144
1182,1992
1182,2033
1183,2567
1183,1132
1183,1883
1184,2874
1185,2807
1185,964
1185,3892
1186,3143
1186,1001
1187,139
1187,3279
1188,2929
1189,2224
1189,2036
1189,966
1190,160
1191,1451
1191,1419
1192,1014
1192,3791
1193,3183
1194,2140
1194,597
1195,373
1195,431
1195,3543
1196,3171
1196,1455
1197,3285
1197,2038
1197,676
1198,760
1199,3166
1200,2472
1201,2705
1201,2819
1202,3931
1203,3353
1203,1895
1203,336
1204,1638
1204,3508
1205,2492
1205,287
1206,1895
1207,1837
1207,1913
1208,24
1209,2160
1210,251
1210,3319
1211,1573
1212,1484
1212,429
1213,410
1213,1065
1213,741
1214,2732
1214,3078
1214,1065
1215,2992
1215,1042
1216,2525
1217,2820
1217,3703
1218,1825
1218,1095
1219,72
1220,564
1220,52
1221,2655
1221,506
1222,1706
1222,3386
1223,563
1225,2193
1225,789
1225,1437
1226,2242
1226,808
1226,101
1227,2370
1228,1297
1230,2721
1231,3074
1231,3459
1232,1325
1232,2494
1232,1312
1233,2077
1234,2162
1234,1633
1234,3449
1235,3486
1236,534
1237,2127
1238,2434
1238,1550
1238,3474
1239,1911
1239,670
1240,3647
1241,3470
1241,2547
1241,2184
1242,954
1242,1598
1243,2406
1243,1606
1244,2729
1245,3102
1245,3149
1246,1941
1246,3307
1247,3076
1247,1267
1248,2684
1248,3769
1249,2493
1249,3942
1250,3472
1250,3645
1251,1645
1251,1995
1252,3836
1252,2032
1252,1275
1253,3014
1253,108
1254,3082
1254,613
1254,603
1255,3483
1256,2219
1257,2502
1257,2563
1258,1817
1258,1015
1259,2356
1260,1628
1261,3480
1261,3846
1262,1770
1263,3469
1263,2721
1263,1990
1264,3491
1264,868
1264,3421
1265,2590
1266,39
1266,1506
1267,2226
1267,3326
1267,2439
1268,789
1269,3096
1269,2926
1269,3924
1270,3853
1271,2710
1272,341
1272,815
1273,3450
1274,628
1274,1883
1275,3030
1275,2884
1275,2011
1276,1565
1277,1208
1278,1902
1278,1215
1278,2479
1279,1157
1279,534
1280,1120
1280,1005
1281,11
1282,869
1282,545
1283,1972
1283,809
1284,2197
1285,292
1286,3650
1287,3002
1287,3774
1288,1589
1289,1756
1289,2084
1290,2615
1290,434
1291,742
1292,2168
1292,3913
1292,3766
1293,3259
1293,3579
1293,846
1294,1737
1294,3829
1295,3724
1295,1478
1295,3602
1296,916
1297,487
1297,2269
1297,2489
1298,2432
1298,384
1298,3637
1299,3531
1300,2744
1300,1076
1301,3378
1302,1184
1302,2837
1303,2540
1304,1383
1304,856
1305,3549
1305,2353
1305,1446
1306,2303
1307,2361
1308,591
1309,1354
1310,3162
1310,3129
1310,562
1311,1163
1311,546
1312,636
1313,2690
1313,1470
1313,2203
1314,1042
1314,3373
1315,1804
1315,620
1316,3417
1317,3783
1317,119
1318,1533
1318,2001
1318,3722
1319,111
1319,2002
1319,3403
1320,2369
1320,2345
1320,2424
1321,3578
1321,1215
1321,24
1322,723
1322,3385
1322,1069
1323,3547
1324,2917
1324,1899
1324,967
1325,997
1326,2321
1326,1928
1326,1447
1327,985
1327,2761
1327,1593
1328,1073
1328,2514
1328,1225
1329,1453
1329,2326
1329,989
1330,453
1330,3864
1330,3770
1331,3572
1331,462
1331,2054
1332,3865
1333,1263
1333,1404
1333,2766
1334,3210
1334,2678
1334,1249
1335,2963
1335,3083
1336,248
1336,1602
1336,1234
1337,1141
1337,2251
1337,1143
1338,501
1338,520
1338,346
1339,3168
1339,2358
1340,2678
1340,2213
1340,1021
1341,3914
1341,2217
1342,3213
1342,3204
1343,3619
1343,281
1343,1187
1344,1604
1344,700
1345,3218
1345,2364
1345,446
1346,2804
1347,1080
1347,242
1347,1740
1348,1416
1348,1934
1349,3152
1350,1836
1350,3537
1351,3767
1351,2301
1351,506
1352,3806
1352,1609
1353,1084
1353,3234
1354,3559
1355,3149
1355,254
1356,2685
1356,134
1356,2047
1357,633
1358,2205
1358,1606
1359,2078
1359,1092
1359,2049
1360,310
1360,2435
1360,1051
1361,3279
1361,274
1362,115
1363,3931
1363,2628
1364,178
1364,752
1365,97
1366,3853
1367,1769
1367,3605
1367,873
1368,1895
1369,3849
1369,745
1370,439
1370,1146
1370,3850
1371,3893
1371,3849
1371,411
1372,1956
1372,650
1372,3849
1373,2550
1373,2998
1373,3849
1374,3270
1374,3775
1375,3775
1375,3270
1375,3389
1376,483
1376,3775
1376,2464
1377,3270
1377,2464
1377,3775
1378,712
1378,2465
1378,746
1379,3389
1379,3689
1379,3776
1380,2371
1380,728
1380,3389
1381,3137
1381,3775
1382,1853
1382,859
1383,859
1383,1853
1384,1853
1384,2741
1384,3711
1385,884
1385,300
1385,2207
1386,2575
1386,1853
1386,859
1387,3886
1387,3177
1388,3273
1389,3273
1390,3055
1391,911
1391,3684
1391,1909
1392,910
1393,910
1394,3534
1394,2562
1394,2451
1395,2451
1395,2562
1396,3497
1396,422
1396,1211
1397,3908
1398,3295
1398,3885
1398,3908
1399,3908
1400,1716
1400,3403
1401,3404
1401,3832
1401,1716
1402,1717
1402,3198
1402,3403
1403,547
1404,547
1404,521
1405,547
1405,3533
1406,3579
1406,3608
1406,1981
1408,1387
1408,3455
1409,3616
1409,1190
1410,364
1410,3229
1411,364
1411,3229
1412,3537
1412,2850
1412,3845
1413,2481
1414,336
1414,3353
1415,917
1415,1549
1416,1436
1416,36
1416,3426
1417,582
1417,544
1418,1150
1418,787
1419,2869
1419,2746
1420,2400
1420,1132
1421,2615
1422,3794
1422,3484
1423,3379
1424,1757
1424,1311
1424,2588
1425,3211
1426,3712
1427,3582
1427,3300
1428,2023
1428,312
1428,2290
1429,3762
1429,2305
1429,774
1430,1697
1430,354
1430,3071
1431,336
1431,903
1431,294
1432,629
1432,348
1433,3582
1434,2023
1435,3520
1436,1349
1436,2221
1437,2000
1437,2333
1437,3159
1438,2416
1438,2541
1438,2960
1439,1039
1439,3753
1440,3762
1440,2954
1440,3503
1441,1286
1441,917
1442,235
1442,914
1442,1286
1443,2703
1443,775
1443,2627
1444,423
1444,970
1444,3540
1445,423
1445,3540
1445,971
1446,914
1446,235
1446,2023
1447,2056
1447,2338
1448,1568
1448,3410
1449,2150
1449,1583
1450,2686
1450,828
1450,1072
1451,842
1451,3193
1451,2284
1452,3355
1453,2590
1454,3931
1455,692
1455,1149
1455,1611
1456,382
1456,3151
1457,1495
1458,1450
1459,1449
1460,3019
1460,230
1461,680
1462,2156
1463,2291
1463,1514
1463,260
1464,2991
1464,1513
1464,2174
1465,787
1466,1695
1467,2195
1467,3004
1467,2113
1468,3826
1468,1052
1468,1820
1469,1362
1469,3264
1469,1930
1470,3520
1471,1742
1471,506
1472,373
1472,2754
1473,331
1473,899
1474,3633
1474,271
1474,2976
1475,3585
1475,1534
1475,1052
1476,2053
1476,957
1477,1765
1477,2085
1477,452
1478,2392
1478,2113
1478,2195
1479,2366
1479,102
1480,934
1480,946
1480,2428
1481,1269
1481,3820
1481,2186
1482,733
1482,2846
1482,709
1483,917
1483,1116
1484,1820
1484,1052
1484,518
1485,3026
1486,3353
1486,903
1486,336
1487,2675
1487,666
1487,2506
1488,408
1488,433
1488,2336
1489,720
1490,3811
1490,3750
1491,3526
1491,379
1491,522
1492,2004
1493,1853
1493,859
1493,3227
1494,3509
1495,468
1495,3510
1495,2551
1496,471
1496,3509
1496,1236
1497,471
1497,3509
1497,1236
1498,2518
1498,2225
1499,3474
1499,1870
1500,2092
1500,3329
1501,3863
1501,1284
1501,1242
1502,1536
1502,548
1502,2941
1503,2601
1503,1248
1504,3474
1504,1716
1505,3476
1506,3474
1506,3801
1507,3474
1507,901
1507,264
1508,1237
1508,3474
1509,900
1509,2115
1509,1205
1510,2208
1510,485
1510,496
1511,3121
1511,181
1511,3551
1512,404
1512,779
1513,1886
1514,1884
1515,1495
1516,992
1516,1080
1517,820
1518,43
1518,1895
1518,3896
1519,2273
1519,1470
1520,333
1520,1744
1521,962
1521,956
1522,2469
1522,1894
1522,3054
1523,900
1523,1942
1523,3156
1525,3720
1525,2051
1525,775
1526,525
1526,1122
1526,775
1527,3888
1528,1895
1529,1895
1530,470
1530,1828
1531,1675
1531,1949
1532,1172
1532,1097
1533,1097
1533,1172
1534,1635
1535,1635
1536,2146
1536,2872
1536,7
1537,3558
1537,909
1538,3279
1538,3606
1539,3575
1540,1924
1540,3068
1541,3263
1541,1497
1542,2552
1542,3930
1542,1429
1543,2552
1543,2086
1544,643
1544,1865
1544,1523
1545,1983
1545,2923
1546,2706
1547,2781
1547,3851
1547,2982
1548,808
1549,729
1550,207
1550,20
1550,2617
1551,2820
1552,2112
1552,1222
1552,3787
1553,2208
1553,2585
1553,3833
1554,2832
1554,1477
1554,242
1555,1080
1555,3772
1556,241
1556,213
1557,2108
1557,416
1557,3923
1558,3926
1558,1663
1559,2515
1559,185
1560,500
1560,1925
1560,658
1561,1925
1561,1553
1562,656
1562,3033
1562,3854
1563,3393
1563,131
1563,3854
1564,2410
1565,3658
1566,71
1566,1248
1567,359
1567,1242
1568,789
1568,2788
1568,1022
1569,2759
1569,1162
1569,1179
1570,3903
1571,1858
1571,2389
1571,1409
1572,131
1572,800
1572,3180
1573,1801
1573,113
1573,1958
1574,3641
1574,3337
1574,131
1575,2951
1575,930
1575,1803
1576,2763
1577,1803
1577,3348
1577,131
1578,3435
1578,1525
1578,1803
1579,1151
1579,1100
1579,3434
1580,2017
1580,1485
1580,500
1581,500
1581,1008
1581,658
1582,301
1582,500
1582,112
1583,1023
1583,2395
1583,112
1584,784
1584,412
1585,3789
1585,1293
1585,168
1586,1898
1586,2445
1587,2143
1587,3221
1588,2295
1589,2295
1590,68
1591,765
1591,1776
1592,1606
1593,3574
1593,2357
1594,2159
1595,276
1595,2438
1596,460
1597,2755
1598,2677
1598,262
1598,2845
1599,134
1599,835
1599,2214
1600,3760
1600,272
1601,2551
1601,3052
1602,1152
1602,2612
1602,61
1603,3595
1603,644
1604,2200
1604,607
1604,534
1605,1044
1606,3366
1607,789
1607,3648
1607,867
1608,622
1608,1036
1609,3008
1609,85
1609,789
1610,670
1610,2900
1611,1108
1611,2404
1612,3909
1612,609
1613,10
1614,1546
1614,137
1615,1746
1615,833
1616,194
1616,2079
1617,1776
1617,3298
1618,1721
1618,2192
1619,3324
1619,2099
1619,1603
1620,789
1620,1529
1621,3439
1622,2501
1623,1973
1624,2435
1624,310
1624,2843
1625,2362
1625,3021
1626,818
1626,1893
1627,3367
1627,1781
1627,3312
1628,3586
1628,3320
1628,1254
1629,327
1629,1968
1630,2616
1631,3931
1632,3644
1632,486
1633,3495
1633,2380
1634,3663
1634,567
1634,2877
1635,3457
1636,554
1636,3860
1636,3506
1637,3279
1637,3088
1638,2519
1639,2519
1640,664
1641,1806
1642,1923
1643,3700
1644,350
1644,2117
1644,1734
1645,514
1645,3244
1646,236
1646,2930
1647,2430
1647,1576
1647,1434
1648,1054
1648,578
1648,787
1649,3078
1649,41
1649,3716
1650,910
1651,3236
1651,116
1651,39
1652,3671
1653,3474
1653,391
1654,1209
1655,834
1656,3230
1656,3788
1657,3742
1657,2497
1658,239
1658,3475
1658,2585
1659,1957
1659,906
1660,792
1661,3078
1662,575
1662,323
1663,2527
1663,1006
1663,2230
1664,25
1664,3647
1665,2569
1666,1610
1666,3666
1667,3740
1667,2309
1668,1375
1668,3692
1668,2530
1669,1709
1669,2159
1669,3274
1670,2618
1670,2752
1671,995
1671,2879
1671,897
1672,1101
1672,2299
1673,3883
1673,1497
1674,3785
1675,12
1675,97
1676,2705
1676,783
1677,1582
1678,1048
1678,3747
1678,1113
1679,261
1679,2225
1680,791
1681,1520
1681,221
1681,796
1682,163
1682,1819
1682,1912
1683,3931
1684,2386
1684,2043
1684,3823
1685,2170
1686,2661
1686,3639
1687,1973
1688,997
1689,3570
1689,3424
1689,1511
1690,38
1690,1172
1690,3048
1691,3425
1691,2858
1691,432
1692,1569
1692,3325
1692,2529
1693,2528
1693,1569
1693,3325
1694,3530
1694,3286
1694,2528
1695,2267
1696,3295
1696,2260
1697,2956
1697,1321
1697,145
1698,1321
1698,2256
1699,626
1699,1245
1699,3167
1700,259
1700,2337
1700,1007
1701,763
1702,2559
1702,3086
1702,1484
1703,906
1703,676
1703,634
1704,1473
1704,2821
1704,2695
1705,2820
1705,278
1705,2694
1706,2694
1706,1218
1706,2820
1707,2694
1707,1218
1707,2820
1708,3467
1708,2820
1708,2694
1709,2820
1709,3467
1709,2694
1710,1246
1710,2052
1710,2422
1711,3781
1712,1984
1713,2908
1714,3150
1714,2027
1715,2419
1715,1763
1716,3370
1717,3495
1717,2007
1717,2446
1718,2598
1718,1219
1718,3111
1719,2970
1719,2723
1720,3848
1720,2795
1721,2379
1721,3705
1722,3758
1722,1250
1723,2277
1723,798
1724,1313
1725,877
1725,2542
1726,2151
1726,795
1726,3559
1727,3912
1727,2578
1727,795
1728,3559
1728,3414
1728,795
1729,888
1729,2226
1729,2439
1730,888
1730,1455
1730,2242
1731,810
1731,3675
1732,1028
1732,810
1732,3481
1733,3559
1734,3559
1735,3559
1736,3559
1737,209
1737,1911
1737,2003
1738,238
1738,547
1739,878
1739,1305
1739,3245
1740,2756
1741,1197
1741,3122
1741,2600
1742,3901
1743,3198
1744,3198
1745,3198
1746,1895
1747,2755
1747,861
1747,2644
1748,2878
1748,1840
1749,1604
1749,3599
1750,2160
1750,836
1750,435
1751,2528
1751,3325
1751,2439
1752,3325
1752,2528
1753,2823
1753,3512
1753,2505
1754,1750
1754,1266
1754,3531
1755,3535
1755,1998
1756,1929
1756,1139
1757,2058
1757,3065
1758,1537
1759,2869
1759,3319
1760,976
1760,584
1760,3466
1761,2511
1761,3809
1762,1144
1762,1439
1762,2985
1763,3862
1764,3507
1764,2778
1765,2705
1765,266
1765,438
1766,3799
1767,869
1767,597
1768,2298
1768,1943
1768,3239
1769,1284
1769,3499
1769,3863
1770,2591
1771,2730
1772,1241
1772,1577
1773,747
1773,1241
1773,508
1774,1793
1774,2627
1774,2131
1775,1204
1775,1795
1776,1605
1776,1371
1776,408
1777,2164
1777,3660
1778,2188
1778,3660
1779,2163
1779,773
1779,3660
1780,3660
1780,2163
1781,664
1781,2773
1782,2605
1782,3050
1782,1829
1783,885
1783,434
1784,3752
1784,1340
1784,147
1785,761
1785,523
1785,2686
1786,1743
1786,222
1787,2856
1787,2129
1787,1859
1788,2855
1788,401
1789,1766
1789,1622
1790,479
1791,3094
1791,3824
1792,1959
1792,1043
1793,870
1793,1575
1793,2028
1794,3018
1794,2315
1794,3509
1795,1855
1795,3492
1796,2857
1797,892
1797,1486
1798,2010
1798,3951
1799,2993
1800,2687
1800,3070
1801,1811
1802,2250
1803,3604
1803,923
1803,410
1804,2048
1805,2679
1806,2076
1806,2175
1806,2075
1807,3261
1807,3047
1807,3460
1808,1473
1808,326
1809,1256
1809,2728
1810,852
1810,1908
1810,3418
1811,724
1812,2282
1812,1445
1813,2636
1814,3402
1815,153
1816,3033
1816,2240
1817,3475
1818,3092
1819,1
1819,1268
1819,3474
1820,898
1820,2495
1820,3474
1821,332
1821,3474
1822,2336
1822,258
1823,3141
1824,240
1824,1250
1825,240
1825,905
1826,240
1826,822
1826,2606
1827,3081
1827,3894
1827,3357
1828,3087
1828,3635
1828,1153
1829,1160
1829,1950
1830,987
1830,3454
1831,2547
1832,3877
1832,841
1832,1230
1833,2981
1833,2622
1833,3241
1834,2848
1834,2672
1834,2981
1835,2847
1835,2981
1835,1978
1836,2847
1836,2981
1837,2847
1837,2981
1838,638
1838,1128
1838,1213
1839,1233
1839,2400
1840,1728
1840,1065
1840,240
1841,2850
1841,2716
1842,1371
1842,2949
1842,2139
1843,3206
1844,3250
1844,544
1845,1337
1846,1559
1846,3484
1847,3001
1847,3474
1848,2148
1848,561
1849,2716
1849,3428
1850,2767
1850,747
1850,266
1851,847
1852,3537
1852,3284
1852,3929
1853,1845
1853,1980
1854,3176
1854,1136
1854,3529
1855,1212
1856,2376
1857,244
1857,2789
1857,2901
1858,3580
1859,2845
1859,155
1859,2201
1860,295
1860,2095
1860,3755
1861,1696
1861,2391
1862,2789
1862,2388
1862,1080
1863,1775
1863,1807
1863,2128
1864,3954
1864,2336
1864,3560
1865,448
1865,3473
1865,3381
1866,3441
1867,2806
1868,2293
1868,2190
1869,3915
1869,2172
1869,2083
1870,478
1871,2376
1871,2710
1872,588
1873,1835
1874,2381
1874,14
1875,280
1875,1366
1875,3748
1876,201
1877,2067
1878,3275
1878,1826
1878,92
1879,3207
1879,2504
1880,1238
1880,2713
1881,1094
1881,343
1882,2490
1882,93
1883,1616
1884,1524
1884,821
1884,2378
1885,2270
1885,1282
1885,714
1886,1787
1886,104
1886,3695
1887,747
1888,3280
1888,2568
1888,3869
1889,3271
1889,3600
1890,2838
1891,3657
1891,3718
1892,1611
1892,3879
1892,3007
1893,3623
1894,2006
1895,538
1895,1547
1895,1764
1896,2306
1896,2151
1896,3487
1897,3358
1897,3682
1897,1643
1898,2865
1899,3914
1899,2571
1900,1440
1901,2176
1901,1366
1901,3588
1902,3672
1903,1242
1904,2394
1904,492
1905,310
1905,1607
1905,601
1906,3104
1906,2748
1906,1906
1907,1797
1908,309
1908,2255
1908,952
1909,1328
1909,1422
1909,397
1910,1328
1910,1907
1910,2516
1911,1327
1911,2708
1911,1421
1912,571
1912,1158
1912,1165
1913,1745
1913,1823
1913,2401
1914,1745
1914,2401
1914,1823
1915,1745
1915,797
1915,1823
1916,589
1916,1823
1916,1745
1917,389
1917,1906
1917,1357
1918,652
1918,1004
1919,2483
1919,2888
1919,1906
1920,3934
1920,2483
1921,1068
1921,3371
1922,652
1923,2483
1923,1797
1924,1068
1924,652
1925,652
1926,1203
1926,3215
1927,1538
1927,2460
1927,3195
1928,3091
1928,1784
1929,1456
1929,1968
1929,515
1930,3025
1930,1385
1931,1347
1931,281
1932,691
1932,1548
1932,3059
1933,2247
1933,3849
1933,314
1934,1625
1934,3331
1935,1878
1935,999
1936,3064
1937,3023
1937,2013
1937,685
1938,698
1938,1257
1939,3924
1939,2733
1940,2669
1941,2583
1941,2638
1942,913
1942,1169
1943,2754
1943,3565
1943,373
1944,3883
1944,2715
1944,574
1945,2791
1945,2777
1946,96
1946,1279
1947,3706
1948,3498
1948,25
1948,3647
1949,1134
1950,1360
1951,3851
1951,50
1951,907
1952,3742
1952,2805
1952,2497
1953,1962
1953,1788
1953,3333
1954,2573
1954,3450
1954,3773
1955,2268
1956,19
1957,1012
1958,3956
1959,2120
1959,1742
1959,1830
1960,990
1960,1401
1960,693
1961,1182
1961,245
1961,3453
1962,750
1963,3664
1963,3115
1964,1627
1965,670
1965,3120
1965,1371
1966,670
1966,1371
1967,2310
1968,3428
1968,813
1969,177
1969,440
1969,1671
1970,1657
1971,948
1971,3839
1971,927
1972,357
1972,2703
1973,2012
1973,3361
1974,2436
1974,2599
1975,1790
1975,2302
1975,3453
1976,1463
1976,3453
1977,2950
1977,1454
1977,667
1978,1570
1978,3795
1978,3453
1979,3453
1979,3897
1980,2383
1980,1171
1981,1413
1981,1673
1981,1170
1982,854
1982,259
1982,2337
1983,2873
1983,2869
1984,869
1985,2711
1986,318
1987,2527
1987,117
1988,1575
1989,3151
1990,1452
1990,497
1990,3249
1991,497
1991,3249
1992,1218
1992,2238
1992,1344
1993,1580
1993,806
1994,3931
1995,751
1995,358
1996,2276
1997,199
1997,653
1998,1719
1998,1521
1998,510
1999,2869
2000,2721
2000,1054
2000,578
2001,767
2002,3422
2002,152
2003,385
2003,3581
2003,3650
2004,2356
2005,2184
2005,77
2005,2276
2006,77
2007,3662
2008,1965
2008,392
2009,1596
2009,2496
2010,3509
2011,736
2011,18
2012,473
2014,2654
2014,140
2014,148
2015,1015
2015,1392
2015,3828
2016,978
2016,3088
2017,3141
2018,978
2018,3088
2019,3221
2019,978
2019,2859
2020,499
2020,2994
2020,978
2021,1220
2021,3594
2022,3474
2023,1856
2023,3602
2023,1294
2024,814
2024,1397
2024,3454
2025,814
2025,147
2026,1757
2026,842
2026,1747
2027,46
2027,2116
2027,2639
2028,1911
2028,3643
2028,3704
2029,1896
2029,3184
2030,1896
2031,1661
2031,1716
2032,1209
2032,205
2033,2202
2033,3369
2034,2202
2034,3369
2035,3092
2035,547
2035,1676
2036,2212
2036,2912
2037,3221
2038,1883
2038,62
2039,2241
2039,358
2039,1681
2040,26
2040,3185
2041,2160
2042,845
2042,585
2042,3100
2043,3100
2043,845
2043,585
2044,1702
2045,3939
2045,3127
2045,3336
2046,2839
2046,2565
2047,3437
2047,2144
2048,3437
2048,2144
2049,1595
2049,2313
2049,806
2050,3701
2050,3339
2051,3831
2051,2547
2051,3921
2052,3009
2053,1669
2053,1473
2054,82
2054,2666
2055,945
2055,2632
2056,2546
2056,374
2056,2918
2057,3686
2057,3123
2058,778
2058,3088
2059,1285
2060,710
2060,1201
2060,2377
2061,2485
2061,2443
2062,1457
2062,1019
2062,2054
2063,3914
2063,2785
2063,1680
2064,3733
2064,2030
2065,512
2066,3294
2066,114
2067,1714
2067,577
2068,3907
2068,3754
2069,54
2070,1996
2070,3573
2071,3465
2071,1839
2071,2536
2072,682
2072,2611
2073,2488
2073,2367
2073,1291
2074,132
2075,1315
2075,1753
2076,76
2076,1880
2076,3174
2077,3684
2078,3651
2078,3684
2078,2629
2079,2711
2080,1841
2080,1585
2081,3296
2081,1840
2081,3632
2082,1226
2082,3056
2083,1683
2083,2724
2083,701
2084,1362
2084,900
2085,2896
2085,2126
2085,3614
2086,3016
2087,1005
2087,1555
2088,280
2088,540
2088,1005
2089,837
2089,939
2090,2070
2090,895
2090,2933
2091,252
2092,2659
2092,1830
2093,3673
2093,3140
2094,750
2094,3387
2095,799
2095,1945
2096,2420
2096,2961
2096,974
2097,2699
2097,3223
2097,3394
2098,489
2099,1224
2099,3474
2100,673
2100,2008
2100,983
2101,2613
2101,1224
2102,902
2103,3150
2103,3684
2104,3150
2104,508
2105,3800
2105,617
2105,1858
2106,3327
2106,36
2106,1436
2107,3827
2107,2181
2107,725
2108,2662
2108,3506
2109,173
2109,2167
2110,2242
2111,2845
2112,2968
2112,3286
2112,677
2113,2225
2114,1895
2115,839
2115,455
2115,2952
2116,1562
2117,1084
2117,851
2118,2522
2118,2258
2119,3391
2119,2352
2120,310
2120,89
2120,2237
2121,1973
2122,211
2122,2771
2122,781
2123,330
2123,1850
2123,3800
2124,3738
2124,3828
2125,3599
2126,2664
2126,2989
2127,2989
2128,1088
2128,2989
2129,3822
2129,3077
2129,501
2130,955
2130,1800
2130,2403
2131,2863
2131,2789
2131,3099
2132,1813
2132,3629
2133,2322
2133,490
2133,1075
2134,2772
2134,2351
2134,959
2135,1571
2136,2374
2136,530
2137,2847
2137,1484
2137,3086
2138,1484
2138,3086
2138,1832
2139,306
2139,1832
2139,3086
2140,941
2140,1414
2141,2425
2141,3798
2141,32
2142,2874
2143,1895
2144,1455
2144,814
2144,707
2145,1791
2145,595
2146,78
2146,1750
2147,2737
2148,1368
2149,2484
2149,1947
2150,3899
2150,1914
2150,2514
2151,2595
2151,3602
2152,610
2152,2983
2153,3847
2154,362
2154,3144
2155,1752
2155,3936
2155,3844
2156,3931
2157,1916
2158,2869
2158,1812
2159,2409
2160,118
2160,3246
2161,792
2162,3880
2162,675
2162,3489
2163,2246
2163,3802
2163,1586
2164,2589
2164,1001
2165,1155
2165,1001
2165,2589
2166,1206
2166,1724
2166,2942
2167,351
2168,3086
2168,2559
2168,1484
2169,1483
2169,3086
2169,2559
2170,1484
2170,3687
2171,624
2172,1890
2172,3086
2172,1554
2173,890
2173,3141
2174,2806
2175,532
2176,2704
2176,1400
2177,3725
2177,919
2178,2999
2178,2665
2179,1733
2179,1712
2180,1065
2180,2582
2180,2396
2181,913
2182,2341
2182,1692
2183,1624
2183,3169
2183,1448
2184,1348
2184,3117
2184,3946
2185,2547
2185,3232
2186,3474
2187,2344
2187,1224
2187,3474
2188,1348
2188,875
2188,3905
2189,1592
2189,1333
2189,705
2190,965
2191,2223
2192,449
2192,42
2192,627
2193,1950
2193,3098
2194,2475
2194,3557
2195,3552
2195,3914
2195,2847
2196,816
2196,2871
2197,37
2197,3327
2198,367
2199,3088
2199,1978
2199,2041
2200,2519
2200,3633
2200,3289
2201,2114
2201,3762
2201,2195
2202,1161
2202,3630
2202,2034
2203,1532
2203,1340
2204,458
2204,3625
2205,446
2206,1430
2206,3656
2207,1651
2207,689
2207,2243
2208,2243
2208,689
2208,1651
2209,367
2210,3373
2211,3132
2211,2459
2212,2394
2213,134
2213,2663
2214,2158
2215,2339
2215,147
2216,3363
2216,2762
2216,3571
2217,251
2217,3918
2218,697
2218,1921
2219,892
2219,1486
2219,3242
2220,608
2220,1041
2220,1501
2221,1604
2221,641
2221,3262
2222,2524
2222,2097
2222,180
2223,2082
2224,3327
2224,2199
2224,1436
2225,2885
2225,1672
2226,1663
2226,275
2226,789
2227,963
2228,3006
2228,3690
2229,1937
2230,3037
2230,3154
2230,3764
2231,3263
2231,827
2231,1340
2232,107
2232,1480
2232,346
2233,272
2234,2828
2234,1640
2235,2161
2235,154
2235,3834
2236,429
2236,3224
2236,2700
2237,2884
2238,1141
2238,191
2238,2735
2239,507
2239,2593
2239,2655
2240,2476
2240,2787
2240,2681
2241,2346
2241,2784
2241,495
2242,1949
2243,2486
2243,36
2244,415
2244,988
2244,3145
2245,1603
2245,958
2245,2173
2246,2772
2246,1958
2247,3348
2247,2644
2247,289
2248,2958
2248,307
2248,3254
2249,3221
2249,3828
2250,3069
2250,2764
2251,1584
2252,1813
2253,1374
2253,2814
2253,1504
2254,1235
2255,3535
2255,2778
2256,69
2257,1325
2258,3078
2259,2057
2259,3165
2260,3871
2261,3149
2262,2455
2263,165
2264,2895
2264,250
2264,1912
2265,1828
2266,1406
2266,253
2267,1626
2267,704
2268,1214
2268,183
2269,635
2269,1491
2269,3187
2270,3153
2271,2705
2271,1295
2272,1641
2272,192
2273,1642
2273,2927
2273,2987
2274,3931
2275,2549
2275,3708
2276,449
2276,3031
2276,2288
2277,524
2277,1679
2278,1428
2278,2285
2278,2816
2279,3221
2280,1106
2281,3654
2282,1375
2282,3139
2283,3474
2283,1146
2284,1898
2285,105
2286,2206
2286,2909
2287,3029
2287,2122
2288,3511
2288,193
2288,2934
2289,1508
2289,3217
2289,2721
2290,956
2290,2356
2290,1301
2292,2874
2293,2637
2294,1258
2294,1570
2295,861
2295,1581
2295,2757
2296,2053
2297,871
2297,2921
2297,3610
2298,3192
2298,3535
2299,2709
2299,2668
2299,1843
2300,2779
2300,697
2300,1917
2301,2202
2301,3369
2302,771
2302,3175
2303,212
2303,2826
2304,1490
2304,662
2305,3309
2305,3340
2305,3611
2306,69
2306,2212
2306,1154
2307,3276
2308,3914
2308,2065
2309,1948
2309,3108
2310,3374
2310,766
2310,3279
2311,1612
2311,2304
2311,3550
2312,3922
2312,1193
2313,3898
2313,683
2313,743
2314,3359
2314,3024
2314,3780
2315,2803
2315,1132
2315,242
2316,921
2316,346
2316,1007
2317,2198
2318,1411
2318,667
2318,2313
2319,928
2319,1933
2320,725
2320,3221
2321,369
2321,484
2322,3847
2323,3603
2323,528
2324,1497
2324,1435
2325,1047
2325,2745
2325,2402
2326,692
2326,1060
2327,1079
2327,488
2328,904
2328,1218
2328,3734
2329,461
2330,1177
2330,3159
2330,1848
2331,2468
2331,2849
2331,57
2332,3516
2333,1564
2333,204
2333,1751
2334,3158
2334,58
2334,930
2335,697
2336,2925
2337,2925
2338,2177
2339,1478
2339,1904
2340,3463
2340,2373
2341,2867
2341,2577
2342,3335
2342,645
2343,1255
2343,3408
2344,2710
2345,2368
2345,229
2345,100
2346,2867
2347,1766
2347,1622
2347,2046
2348,135
2349,2984
2349,1937
2350,1940
2351,1278
2351,351
2351,3315
2352,380
2352,2638
2352,3612
2353,3612
2353,2638
2353,380
2354,2336
2354,2109
2354,2166
2355,922
2355,3799
2355,3676
2356,2225
2357,2462
2357,778
2358,3267
2358,360
2359,3324
2359,958
2360,460
2361,3170
2361,787
2361,2414
2362,3276
2363,2038
2364,1979
2364,280
2364,1287
2365,3328
2365,169
2365,304
2366,3212
2367,3873
2367,348
2367,3906
2368,1533
2369,3722
2370,1449
2370,1958
2371,3950
2371,16
2372,1012
2372,2160
2373,1920
2373,916
2374,3744
2376,3729
2377,1889
2377,98
2378,3861
2378,565
2379,975
2379,2069
2379,2
2380,3935
2381,2974
2382,2163
2382,2387
2382,133
2383,960
2383,1577
2384,297
2385,1794
2385,2132
2385,830
2386,2657
2387,1653
2388,2869
2388,2262
2388,3556
2389,503
2390,503
2390,1380
2390,1382
2391,2697
2391,1196
2391,351
2392,503
2393,2134
2393,1966
2393,1625
2394,1012
2395,3505
2395,2543
2396,3240
2397,2945
2398,3697
2399,972
2399,2581
2399,1198
2400,278
2401,1772
2402,3891
2403,1822
2404,2514
2404,3057
2404,1897
2405,3817
2405,1599
2405,2068
2406,997
2406,99
2407,1200
2407,87
2408,1541
2408,3356
2408,3920
2409,2997
2410,1432
2410,2329
2410,757
2411,653
2411,1111
2411,3341
2412,2800
2412,1141
2413,2316
2414,1431
2415,1789
2415,2334
2415,1963
2416,1847
2416,1050
2416,249
2417,82
2418,3516
2419,184
2420,3276
2421,3634
2421,1159
2421,2796
2422,1284
2422,3863
2422,1242
2423,3804
2423,1897
2423,291
2424,66
2424,1161
2425,3555
2425,1625
2425,3225
2426,1813
2427,3933
2427,3173
2428,1190
2428,315
2428,1976
2429,2717
2429,1938
2430,1879
2430,2946
2431,2104
2431,2123
2431,772
2432,1767
2432,1779
2432,2779
2433,2953
2433,3160
2434,1107
2434,329
2434,3874
2435,3148
2435,3728
2435,1905
2436,2116
2436,162
2437,1112
2437,2438
2437,276
2438,3689
2439,347
2439,664
2439,2276
2440,3149
2441,1544
2441,1742
2442,1667
2442,3693
2442,1742
2443,3694
2443,1668
2443,1156
2444,2050
2444,3719
2445,1937
2445,1467
2446,622
2446,1036
2446,782
2447,501
2447,3822
2447,3077
2448,1053
2448,3818
2449,3952
2449,293
2449,1516
2450,3551
2451,1283
2451,1631
2451,1725
2452,1621
2452,1340
2453,1936
2453,1359
2454,143
2454,94
2454,231
2455,3260
2456,459
2457,3760
2457,272
2458,942
2458,557
2458,1371
2459,3450
2459,3949
2460,3450
2461,3450
2462,3450
2463,3450
2464,851
2464,1461
2464,1427
2465,3821
2465,1131
2466,1260
2466,407
2466,3845
2467,2624
2467,755
2467,407
2468,906
2468,407
2469,2545
2469,407
2469,122
2470,346
2470,1611
2470,3033
2471,2458
2471,3069
2472,823
2473,375
2473,2149
2473,2935
2474,2935
2474,3674
2474,2149
2475,2935
2475,3539
2475,2149
2476,2157
2476,1926
2477,1540
2477,2249
2478,3415
2478,576
2478,2521
2479,1854
2479,3710
2479,841
2480,3572
2480,615
2480,3613
2481,2656
2482,2538
2482,3541
2483,2445
2484,3911
2485,1055
2485,2657
2485,1900
2486,2610
2487,2444
2488,2361
2489,3164
2489,3382
2490,3489
2490,2311
2490,2893
2491,2910
2491,3882
2492,503
2493,2651
2493,347
2494,1319
2494,1074
2494,399
2495,1504
2495,1374
2495,2205
2496,3213
2496,3824
2496,3433
2497,2702
2497,1739
2497,1369
2498,3793
2498,36
2498,3940
2499,1741
2499,1352
2499,3533
2500,2622
2500,2834
2500,3617
2501,434
2502,481
2503,2350
2504,2614
2504,998
2504,3687
2505,814
2506,661
2506,3513
2506,2736
2507,3607
2507,3578
2507,2085
2508,1941
2509,1379
2509,2240
2510,2730
2510,1630
2510,1535
2511,2060
2511,224
2512,740
2513,519
2513,2393
2514,12
2515,311
2515,1951
2515,3324
2516,342
2516,3889
2516,2779
2517,3474
2517,3883
2518,341
2518,2336
2518,258
2519,1374
2519,1504
2519,2513
2520,434
2521,143
2521,1188
2521,3452
2522,2803
2523,2922
2523,3583
2523,1165
2524,2711
2525,1126
2525,3448
2525,2969
2526,1628
2527,3661
2528,3520
2529,378
2529,908
2529,164
2530,1792
2530,3468
2531,700
2531,1967
2532,3924
2532,2722
2533,464
2533,121
2533,3231
2534,3867
2534,2254
2535,1772
2536,3500
2537,2694
2537,2820
2537,365
2538,3267
2538,259
2538,2337
2539,1962
2539,1788
2540,285
2540,2817
2541,1611
2541,789
2542,3551
2543,400
2543,1332
2543,2478
2544,3538
2545,255
2546,3279
2546,758
2547,272
2548,377
2549,583
2549,1818
2549,1967
2550,2351
2550,1415
2551,1910
2551,55
2552,29
2552,319
2552,2831
2553,15
2553,669
2553,1801
2554,3855
2554,2614
2554,1579
2555,3884
2556,405
2556,942
2556,1371
2557,1324
2557,3621
2558,1276
2559,2005
2559,737
2559,3343
2560,1720
2560,3446
2561,438
2562,504
2563,1515
2563,2683
2564,1620
2564,542
2565,856
2565,2015
2565,3887
2566,2336
2566,258
2566,338
2567,3251
2568,1119
2568,3561
2568,109
2569,2153
2569,881
2569,3527
2570,2633
2571,27
2571,1846
2572,2596
2573,637
2573,3138
2573,3380
2574,1776
2575,2359
2575,3943
2576,761
2576,3903
2576,1916
2577,3546
2577,2882
2577,2180
2578,2071
2579,1687
2579,1170
2579,2188
2580,717
2580,719
2580,3626
2581,369
2581,1557
2582,3488
2582,1217
2582,2461
2583,1895
2584,640
2584,1527
2584,2187
2585,481
2586,2202
2586,3369
2587,2531
2587,3914
2588,1512
2588,2691
2589,1355
2589,126
2590,1417
2590,984
2591,1339
2591,2263
2591,242
2592,1424
2592,2619
2592,1372
2593,320
2593,1740
2593,30
2594,2959
2594,2620
2594,2866
2595,3585
2595,3870
2595,3842
2596,441
2596,3146
2596,3085
2597,3412
2597,789
2598,145
2599,3624
2599,1887
2599,3203
2600,136
2601,3669
2601,3368
2602,3931
2603,335
2603,3080
2603,1125
2604,282
2605,1183
2605,167
2606,1031
2606,3937
2606,1494
2607,430
2607,393
2607,3281
2608,2650
2608,111
2609,1425
2609,1857
2610,2135
2610,277
2611,503
2612,503
2612,2785
2613,3086
2613,1484
2613,3444
2614,3241
2614,1121
2614,526
2615,593
2615,3086
2615,1484
2616,35
2617,593
2617,1484
2617,1261
2618,3086
2618,3687
2618,1484
2619,503
2620,3952
2620,381
2620,1099
2621,915
2621,726
2622,2869
2623,428
2624,121
2624,464
2625,2253
2625,1560
2625,1090
2626,86
2626,1228
2626,2782
2627,2742
2628,3756
2628,2742
2629,2136
2629,811
2629,498
2630,803
2630,812
2630,498
2631,498
2631,454
2631,812
2632,3522
2632,3667
2632,1799
2633,3522
2633,3667
2633,1799
2634,812
2634,2698
2635,2488
2635,1137
2635,3914
2636,3699
2636,3106
2636,1774
2637,2768
2637,146
2637,2519
2638,1809
2639,1810
2639,296
2639,1093
2640,2765
2640,2763
2640,2526
2641,787
2642,1221
2642,2426
2642,3266
2643,2286
2643,2714
2643,3821
2644,2342
2644,3399
2644,1191
2645,3130
2645,1388
2645,1927
2646,1095
2646,1825
2647,3505
2648,1649
2648,3061
2649,2919
2650,358
2651,3253
2651,358
2651,68
2652,358
2652,3947
2653,3554
2653,674
2654,2307
2654,2442
2654,3109
2655,1821
2655,2308
2655,1216
2656,1216
2656,2308
2656,2894
2657,1216
2657,2894
2657,2308
2658,1172
2659,1788
2659,1962
2660,3474
2660,3523
2661,3038
2661,851
2661,426
2662,3238
2663,1247
2663,450
2663,1614
2664,3603
2664,409
2664,1247
2665,1246
2665,3603
2665,451
2666,814
2666,1063
2666,2327
2667,3888
2667,69
2668,2827
2668,1033
2668,3942
2670,3474
2671,3208
2672,145
2672,3179
2673,2429
2673,2024
2674,851
2674,1437
2674,334
2675,3379
2675,1345
2676,1838
2676,73
2677,3914
2677,578
2677,1138
2678,3806
2678,2685
2678,3155
2679,3288
2680,1853
2681,1064
2681,2093
2682,3681
2682,339
2683,1863
2683,1085
2684,1132
2685,2718
2685,1713
2686,1871
2687,1571
2687,1901
2688,3163
2688,1663
2688,3438
2689,3806
2689,2769
2689,2939
2690,346
2690,2279
2690,3821
2691,991
2691,667
2692,3533
2692,2503
2692,1352
2693,3801
2693,840
2693,1205
2694,3599
2695,1329
2695,2747
2695,3397
2696,157
2696,158
2697,1084
2697,1955
2697,3407
2698,288
2698,1361
2698,3012
2699,3000
2699,2372
2699,2039
2700,832
2700,864
2700,1030
2701,2085
2701,2738
2701,2936
2702,2917
2702,2631
2702,374
2703,3211
2704,1669
2704,2138
2705,3871
2705,3390
2706,3150
2707,3856
2708,1391
2708,3585
2708,1444
2709,842
2709,1757
2709,1747
2710,1798
2710,1733
2710,3299
2711,3219
2711,1318
2712,323
2712,1318
2712,3219
2713,529
2713,2753
2714,3494
2714,2204
2714,246
2715,3494
2715,2204
2715,246
2716,2544
2717,2026
2717,786
2717,598
2718,403
2718,3028
2719,3041
2720,3041
2720,3323
2720,727
2721,2073
2721,1168
2722,667
2722,2786
2722,2182
2723,2859
2724,252
2725,2454
2725,3409
2725,447
2726,419
2726,1632
2727,2626
2727,2066
2727,3717
2728,2676
2728,762
2728,1000
2729,1307
2730,848
2731,800
2731,2775
2731,2749
2732,444
2732,768
2732,3679
2733,2643
2734,602
2734,3362
2735,3571
2735,2762
2735,3363
2736,3845
2736,1862
2737,3286
2737,3530
2737,3216
2738,1224
2739,1402
2739,464
2740,3028
2740,321
2741,134
2741,3700
2741,2214
2742,697
2743,1997
2743,825
2743,427
2744,807
2744,3931
2745,3931
2746,3931
2747,2349
2747,256
2748,2074
2749,424
2749,3858
2749,3125
2750,3512
2750,1744
2750,279
2751,3396
2752,2215
2753,130
2754,1277
2755,1210
2755,166
2756,1458
2756,2120
2757,2411
2757,645
2758,215
2758,1338
2758,95
2759,2019
2759,3049
2760,870
2761,74
2762,3745
2763,902
2764,902
2765,902
2766,969
2766,2433
2766,3451
2767,3101
2767,590
2767,1869
2768,3181
2769,3179
2770,3255
2770,3022
2771,3245
2771,2553
2771,2798
2772,39
2773,1100
2773,2520
2774,1299
2774,1729
2774,949
2775,3278
2775,2512
2775,1071
2776,622
2776,493
2776,3638
2777,1973
2778,2680
2779,3782
2780,2437
2781,3835
2781,3567
2781,1441
2782,494
2782,3502
2782,659
2783,842
2783,1757
2783,1747
2784,1757
2784,1747
2784,842
2785,3642
2785,1145
2785,1381
2786,3
2786,1552
2786,1551
2787,1291
2787,3592
2788,1159
2788,3305
2788,3821
2789,879
2789,3088
2790,2792
2790,48
2790,802
2791,3838
2791,3440
2792,1749
2793,541
2794,3759
2795,2473
2795,186
2795,13
2796,1055
2796,1325
2796,1272
2797,2110
2797,553
2797,3027
2798,3458
2798,2916
2799,1591
2799,1852
2800,715
2800,754
2800,616
2801,586
2802,460
2803,1850
2804,1989
2804,699
2805,1597
2806,1971
2806,1674
2806,611
2807,2853
2807,3372
2807,3439
2808,3445
2808,2209
2809,580
2809,1102
2810,1300
2811,2088
2812,1316
2813,624
2814,624
2814,2899
2815,3731
2815,624
2815,2899
2816,3924
2816,3751
2816,3096
2817,3867
2817,3164
2817,2254
2818,1241
2818,993
2819,2324
2820,1919
2820,1772
2821,1507
2821,500
2822,1389
2822,2794
2822,749
2823,1180
2823,3189
2823,1881
2824,2508
2824,1385
2824,233
2825,2990
2825,1347
2825,2996
2826,1665
2827,2228
2827,1502
2828,1365
2828,1068
2828,3351
2829,2547
2830,3131
2830,137
2831,858
2832,491
2833,480
2834,2447
2834,1526
2834,372
2835,3450
2836,356
2836,1705
2836,40
2837,3584
2837,792
2838,3584
2838,2634
2839,1306
2839,2482
2839,1770
2840,722
2840,1466
2841,2586
2841,3297
2842,3035
2843,3240
2890,3996
2890,3991
2897,4025
2904,4023
2904,4026
2904,2160
9,1218
9,2080
23,410
23,2191
23,2294
10,1483
10,1718
10,2556
2921,4012
2921,3981
2921,3976
2,1314
2,1786
2,2000
2964,4044
2964,4043
2974,3988
2974,3965
2974,3972
2975,3965
2975,3988
2975,3972
2979,4038
2981,4045
2987,4021
2987,4036
1407,3620
540,1612
540,1765
540,3646
81,581
81,3761
1224,647
1224,1303
939,958
939,3324
1524,802
1524,1769
3223,4018
3223,4027
3223,4035
3277,4003
3331,4073
3332,4075
3332,1626
3332,4074
3339,4058
3339,4055
3340,4072
3341,4056
3341,4069
3342,4051
3343,4059
3352,4066
3352,4032
3352,4022
2375,1056
1229,732
1229,2693
3380,3998
3380,3960
3380,3992
3384,3445
3384,3999
3387,4089
3387,4090
3391,4048
3391,4049
3391,3979
3392,4076
3392,4077
3393,4067
3393,4063
3393,4070
3394,4082
3397,4087
3397,4079
3398,4081
3398,4080
3398,4086
3400,4052
3400,3505
3401,4078
3401,4088
3402,4084
3404,4083
3405,4068
3405,4053
3405,4062
3406,4071
3407,4060
3407,4054
3408,3977
3408,3963
3408,3997
3409,4020
3409,2496
3409,4031
3410,3990
3410,3982
3410,4042
3411,3985
3411,3989
3411,4002
3412,4057
3415,4004
3415,3957
3415,3995
3385,3474
3385,4085
2669,3454
2669,3474
3355,4091
3353,4092
3353,4050
3353,4065
3337,4061
3336,4093
3333,4094
3330,4095
3224,4096
3224,4097
3224,4098
2995,4041
2995,4040
2995,4039
2994,4099
2994,4019
2994,4033
2992,4016
2992,3980
2992,3978
2988,4017
2988,4024
2988,4029
2984,4100
2984,4101
2984,4102
2969,4103
2969,4043
2942,4104
2967,4105
2966,4106
2965,4107
2963,4046
2925,3968
2925,4011
2925,4108
2924,4109
2922,3961
2922,3987
2913,4110
2910,4111
2909,4112
2909,4113
2908,4014
2908,3973
2899,4114
2899,4115
2898,4116
2895,3970
3396,4117
3396,4118
3396,4119
3399,4120
3403,4121
3403,4122
3413,4123
3413,4124
3413,3359
3414,4125
3414,3505
3416,3974
3416,3966
3416,4008
3389,586
3389,1012
3389,3962
3356,1012
3356,3962
3356,586
3358,4126
3358,4127
3359,4128
3359,4129
3359,4130
3361,4131
3361,4132
3363,4133
3364,4134
3365,4135
3365,4136
3367,4138
3366,4137
3368,3505
3368,4125
3369,4139
3370,3372
3370,4140
3370,4141
3371,4142
3372,3974
3374,4144
3374,4145
3373,4143
3375,283
3375,4146
3375,649
3376,4147
3378,4148
3378,3979
3379,4149
3381,1337
3381,3967
3381,3971
3382,4150
