movie_id,genre_id
1,3
1,5
1,9
1,10
1,2
3,17
3,5
4,5
4,8
4,17
5,9
5,17
5,5
6,8
6,6
6,21
7,17
7,8
7,5
8,2
8,9
8,23
8,17
8,8
8,5
11,5
11,17
11,8
12,5
12,10
12,13
13,9
13,3
13,12
13,2
13,8
14,12
14,4
14,8
15,5
15,2
15,1
16,6
16,8
17,17
17,8
18,5
19,5
19,6
19,2
20,1
20,5
20,8
20,21
20,6
21,6
21,21
21,5
22,16
22,8
22,21
24,8
24,18
24,16
24,21
24,10
25,17
25,8
26,17
26,8
26,5
27,8
28,10
28,18
29,12
29,21
29,8
29,17
29,6
30,4
30,8
31,16
31,18
31,21
32,5
32,8
32,9
33,8
33,4
33,17
34,6
34,8
35,5
35,9
35,17
36,17
36,5
37,8
37,21
38,8
38,22
38,18
39,8
39,1
39,6
39,21
39,22
40,17
40,4
40,8
40,12
41,1
41,21
41,10
41,18
41,2
42,8
42,21
42,5
42,6
43,17
43,5
43,8
44,8
44,6
44,16
44,21
45,8
45,15
45,3
45,2
45,9
45,17
46,17
46,8
47,21
47,16
47,6
48,5
48,17
48,10
49,9
49,5
49,20
50,8
50,14
51,8
51,5
51,17
52,8
52,5
52,17
52,4
53,16
53,21
53,8
54,8
54,10
54,9
55,21
55,6
55,8
56,8
56,14
57,6
57,5
58,6
58,17
58,5
59,5
60,18
60,1
60,21
61,5
62,8
62,5
63,13
63,1
63,6
64,21
64,17
64,1
65,8
65,5
65,17
66,8
66,12
67,17
67,8
68,21
68,18
68,13
69,21
69,8
70,21
70,8
70,6
71,9
71,8
72,6
72,21
72,8
73,5
73,8
74,17
74,8
75,5
75,8
76,8
76,17
77,8
77,2
78,2
78,5
78,9
79,5
80,21
80,1
80,8
80,6
82,17
82,13
82,5
82,10
83,17
83,5
83,8
84,21
84,1
84,2
85,5
86,8
86,6
87,6
87,8
87,1
87,21
88,16
88,21
88,8
88,6
89,5
89,8
89,6
90,21
90,16
90,8
90,18
91,20
91,5
92,8
92,17
93,17
93,2
93,9
93,1
93,5
93,15
94,22
94,8
94,12
94,4
95,8
95,6
96,6
96,1
96,5
96,21
97,6
97,16
97,8
98,8
99,22
99,7
99,4
100,6
100,8
101,17
101,5
102,5
103,17
103,5
103,8
104,17
104,16
104,6
104,8
104,5
105,5
106,5
106,10
106,9
106,2
107,5
107,17
108,8
109,22
109,8
109,17
110,21
110,6
110,8
111,5
112,17
112,8
113,5
114,5
114,8
114,17
115,6
115,21
115,5
115,1
116,2
116,9
116,8
117,4
117,6
117,8
117,20
118,5
118,8
118,17
119,6
119,8
119,21
119,5
120,8
120,12
120,2
121,8
121,4
121,12
121,2
122,13
122,8
123,2
123,1
124,17
124,8
125,5
126,5
127,5
127,10
127,9
128,8
128,16
128,6
129,16
129,2
129,18
129,1
130,21
130,22
130,8
130,1
131,1
131,21
131,6
132,16
132,21
132,8
132,6
133,1
133,21
133,2
134,6
134,8
134,5
135,8
135,2
135,17
135,1
136,2
136,8
136,9
137,21
137,17
137,6
137,5
137,8
138,8
138,5
139,18
139,8
139,1
139,21
140,21
140,1
140,6
140,18
141,5
142,8
143,5
143,8
144,21
144,16
144,13
145,8
145,5
146,17
146,5
146,8
147,5
147,17
148,1
148,9
148,21
148,18
148,2
149,13
149,6
149,21
150,13
150,8
151,6
151,8
151,16
151,21
151,1
152,17
152,5
153,5
154,10
154,8
154,21
154,1
154,16
154,13
154,6
155,8
155,10
155,5
156,8
157,17
157,8
158,8
159,8
159,5
160,5
160,8
160,17
161,21
161,13
161,18
161,1
162,1
162,21
162,8
162,6
162,18
163,8
163,17
163,15
164,8
164,21
164,6
165,9
165,8
165,10
166,8
166,17
166,4
167,8
167,5
168,21
168,2
168,1
169,5
169,8
170,17
170,8
171,18
171,1
171,2
172,21
172,8
173,8
174,12
174,8
174,22
175,17
175,8
175,22
176,17
176,8
177,5
178,21
178,8
179,5
179,8
180,8
181,21
181,16
181,13
181,8
182,17
182,8
183,5
184,8
184,5
184,17
185,21
185,8
186,1
186,21
186,2
187,5
187,6
187,10
188,16
188,21
188,8
189,21
189,8
189,6
189,16
190,5
191,5
191,17
191,8
192,8
193,6
193,17
193,21
193,5
194,8
194,5
194,4
195,5
195,8
195,17
196,17
196,5
197,2
197,9
198,2
198,5
198,15
198,3
198,9
198,17
199,21
199,10
199,13
200,8
200,9
200,10
201,4
201,8
201,14
202,8
202,5
202,9
202,10
203,8
203,6
204,7
204,20
204,8
205,21
205,4
205,8
205,6
206,14
206,17
206,4
206,8
207,20
207,5
207,9
207,8
208,17
208,5
209,13
209,8
210,5
210,6
211,17
211,5
211,18
212,21
212,16
212,1
212,6
212,8
213,17
213,2
213,5
213,10
213,9
214,6
214,21
214,8
215,9
215,8
215,17
216,9
216,10
216,8
217,8
218,17
218,8
219,23
219,17
219,22
219,8
220,5
220,9
220,2
221,8
221,6
222,5
222,17
222,8
223,8
224,5
224,4
224,12
224,8
225,13
225,18
225,17
225,8
226,5
226,9
227,5
227,8
228,17
228,5
229,9
229,10
230,17
230,5
231,8
232,21
232,8
233,5
233,8
234,8
235,8
235,6
236,17
236,5
237,6
237,8
237,1
238,17
238,5
239,6
239,8
240,8
240,21
241,8
241,1
241,21
242,8
242,1
242,6
242,21
243,17
243,8
243,5
244,5
244,17
245,6
245,8
246,17
246,8
247,4
247,12
247,8
248,4
248,12
248,17
248,8
249,21
249,17
249,23
249,1
250,5
250,8
251,8
251,5
252,8
252,17
252,16
253,14
253,16
253,17
253,8
254,8
254,5
254,17
255,17
255,8
256,8
256,5
257,9
257,15
257,3
257,5
257,10
257,17
258,9
258,8
258,10
258,16
259,8
259,1
259,21
260,2
260,18
260,1
261,5
261,10
261,8
261,9
262,8
263,21
263,6
264,21
264,8
265,8
265,17
265,5
266,5
266,6
267,8
267,5
268,5
268,2
269,22
269,8
270,1
270,18
270,5
271,13
271,21
271,1
271,10
272,18
272,21
272,1
272,16
272,2
273,8
273,6
273,13
273,21
274,8
274,4
274,17
275,13
275,18
275,21
276,2
276,5
277,8
277,17
277,5
278,6
278,21
279,1
279,8
279,22
280,8
281,21
281,1
281,18
281,6
282,5
282,17
282,8
283,8
284,5
284,8
285,8
285,9
285,5
286,5
287,5
287,14
288,8
288,14
288,4
288,17
289,17
289,8
289,21
290,6
290,5
291,6
291,1
291,21
291,8
292,8
292,21
292,16
292,6
293,5
293,8
294,10
294,1
294,8
295,8
295,20
295,4
296,9
296,10
296,5
297,17
297,8
298,8
298,17
298,5
299,6
299,8
299,21
300,17
300,21
300,1
300,5
301,8
301,5
301,17
302,17
302,2
302,9
303,9
303,2
303,8
303,15
303,3
304,8
305,13
305,10
305,16
305,21
306,6
306,10
306,1
306,5
307,2
307,21
307,23
307,1
307,5
308,4
308,8
309,5
309,6
310,5
310,8
311,5
311,8
311,17
312,8
312,6
312,21
313,9
313,5
314,8
315,21
315,6
315,2
316,2
316,21
316,1
317,17
317,5
318,18
318,1
318,6
318,21
319,21
319,1
319,5
320,8
320,17
321,21
321,13
321,17
321,8
322,6
322,8
322,2
322,4
322,23
323,21
323,6
323,8
324,5
324,6
324,1
325,1
325,5
326,17
326,6
326,8
327,5
327,21
327,2
327,1
328,1
328,10
328,17
328,18
329,16
329,13
329,10
329,21
329,8
330,4
330,20
330,23
330,8
331,6
331,21
331,20
331,8
332,10
332,5
333,8
333,17
334,6
334,14
334,5
335,5
335,6
336,17
336,23
336,1
336,2
337,5
337,8
337,17
338,8
338,5
339,5
339,9
340,6
340,21
340,1
340,5
341,9
341,2
341,8
341,17
342,16
342,6
342,8
342,21
343,1
343,21
343,8
343,6
344,20
344,8
345,17
345,8
346,18
346,13
347,21
347,8
347,17
347,16
348,8
348,6
349,17
349,2
349,5
350,21
350,6
350,8
351,23
351,5
352,2
352,1
352,21
353,5
353,18
354,17
354,21
354,16
354,8
355,21
355,6
355,5
356,5
356,23
356,6
356,8
356,1
356,21
357,8
358,17
358,5
359,5
360,18
360,21
360,1
361,8
361,23
361,17
361,5
362,5
362,6
362,21
363,17
363,14
363,8
364,17
364,5
365,21
365,8
366,14
366,5
367,8
367,5
368,8
368,17
368,16
369,16
369,6
369,21
369,5
370,17
370,8
370,5
371,8
371,16
371,21
372,8
372,2
372,9
373,21
373,8
373,6
374,16
374,1
374,8
374,6
374,21
375,8
375,23
375,12
376,1
376,8
376,2
376,6
376,21
377,5
377,9
377,6
378,17
378,8
378,5
379,21
379,6
379,8
380,8
380,2
380,1
380,21
381,4
381,1
381,22
381,8
381,12
382,1
382,5
383,5
384,8
384,17
384,5
385,17
385,8
386,14
386,17
386,5
387,10
387,5
387,8
388,5
388,8
389,22
389,5
390,21
390,6
390,8
390,1
391,4
391,8
391,6
392,17
392,5
392,8
393,6
393,21
393,8
393,1
394,21
394,2
394,18
394,1
395,8
395,6
395,21
396,6
396,21
397,8
397,12
398,2
398,9
399,10
399,1
399,2
399,5
400,5
400,9
401,5
402,21
402,16
402,6
403,8
404,5
404,16
405,6
405,8
405,21
406,2
406,1
406,21
407,8
407,17
408,8
408,5
408,21
408,17
409,17
409,5
409,8
410,17
410,8
411,17
411,5
412,5
412,9
412,8
413,8
413,5
414,20
414,9
414,1
414,17
414,8
415,8
415,21
415,18
415,1
416,10
416,2
416,5
416,9
416,8
417,8
417,10
417,17
417,4
418,8
418,21
418,6
419,8
420,17
420,14
420,8
421,17
421,8
422,1
422,8
422,20
422,17
423,13
423,21
423,18
424,17
424,5
424,16
424,15
424,6
424,8
425,8
425,6
425,5
426,17
426,8
427,8
427,5
428,6
428,8
428,1
428,16
428,21
429,5
429,8
430,1
430,21
430,6
430,18
431,2
431,17
431,5
431,15
432,6
432,17
432,8
433,8
433,6
434,20
434,4
434,8
435,8
435,4
435,12
436,8
436,20
436,5
437,4
437,8
437,20
438,8
438,10
438,9
439,21
439,6
439,5
440,6
440,16
440,10
440,2
440,1
440,21
441,4
441,8
441,17
442,5
442,8
443,8
443,5
444,17
444,5
444,8
445,16
445,8
445,5
446,8
446,17
446,5
447,8
447,21
448,18
448,1
448,21
449,5
449,8
449,17
450,5
450,17
451,16
451,21
451,6
451,1
452,18
452,10
452,2
452,5
452,9
453,2
453,21
453,8
453,1
453,6
454,21
454,17
454,1
454,16
455,17
455,5
455,8
456,10
456,9
456,15
456,3
457,9
457,1
457,2
457,5
457,17
458,4
458,1
458,12
458,23
458,8
459,21
459,8
459,6
460,21
460,8
460,17
460,6
461,10
461,5
461,9
461,2
461,3
462,21
462,5
462,8
463,21
463,17
463,8
463,6
464,8
464,5
465,8
465,17
466,1
466,5
466,8
466,17
467,13
467,10
468,20
468,9
468,5
469,8
469,5
470,17
470,9
470,5
471,8
471,17
471,12
471,16
471,5
472,7
472,12
473,5
474,5
474,9
475,10
475,17
475,8
475,21
476,5
476,10
476,17
476,15
476,3
476,2
476,9
477,1
477,18
478,23
478,8
478,2
479,1
479,2
480,8
480,21
480,6
481,10
481,15
481,3
481,17
481,9
482,3
482,10
482,17
482,15
482,9
483,10
483,2
483,15
483,5
483,9
483,3
484,17
484,5
485,1
485,23
485,2
486,17
486,21
486,6
487,17
487,8
487,5
488,13
488,21
489,21
489,6
489,8
490,9
490,5
490,17
490,2
491,2
491,10
491,3
491,18
492,13
492,18
493,5
493,17
494,17
494,8
495,15
495,5
495,9
495,2
495,3
496,5
496,8
497,9
497,5
497,20
498,17
498,8
499,17
499,21
499,8
499,6
499,5
500,5
500,21
500,6
500,8
501,16
501,6
501,21
501,8
502,8
502,17
503,3
503,17
503,10
503,2
503,9
504,22
504,8
505,5
506,8
506,5
507,5
508,8
508,17
508,5
509,8
509,5
510,13
510,16
510,8
510,21
511,8
511,16
511,1
511,22
511,21
512,2
512,1
512,21
513,17
513,8
514,10
514,1
514,2
515,6
515,21
515,8
516,15
516,10
516,3
516,2
516,9
517,21
517,8
518,5
519,8
519,5
519,6
520,22
520,5
520,10
520,8
521,20
521,1
522,8
523,5
523,10
523,16
523,18
523,21
523,13
523,8
524,20
524,10
524,18
524,9
524,5
524,3
524,2
525,10
525,18
525,2
525,5
526,8
526,17
527,8
527,21
527,18
527,16
528,8
528,17
529,9
529,5
529,8
529,2
529,1
529,22
530,18
530,21
530,1
531,21
531,8
531,6
531,1
532,6
532,21
532,8
532,16
533,17
533,5
533,8
533,6
534,8
535,5
535,8
536,8
537,2
537,21
537,8
537,1
538,6
538,21
538,8
538,16
539,5
539,17
541,5
541,20
542,2
542,9
543,10
543,2
543,8
543,23
544,5
544,10
545,18
545,17
545,5
546,10
546,8
546,21
546,13
547,20
547,5
548,8
548,21
549,17
549,5
550,8
550,21
550,16
551,1
551,21
551,2
552,5
552,13
553,1
553,2
553,21
554,18
554,1
555,21
555,6
555,1
555,18
555,3
555,8
555,16
556,10
556,13
557,5
557,1
558,5
558,19
558,6
558,16
558,9
558,3
559,5
559,2
560,18
560,16
560,21
561,5
562,5
562,8
562,17
563,16
563,8
563,9
563,2
564,9
564,8
564,2
565,1
565,8
566,8
566,22
567,5
567,1
567,2
567,10
568,8
568,6
568,21
568,5
569,8
569,17
570,8
570,10
570,5
571,8
571,4
572,8
572,5
573,13
573,8
573,16
574,8
575,18
575,2
575,1
576,17
576,16
576,8
577,1
577,8
577,21
577,20
578,8
578,3
578,9
578,15
578,17
579,5
579,8
579,21
580,20
580,5
581,21
581,8
581,1
582,17
582,5
582,18
583,8
583,21
583,1
583,2
584,5
584,13
584,10
585,8
585,16
586,5
586,8
586,9
587,18
587,17
587,8
587,10
588,5
588,8
588,17
589,6
589,21
589,8
590,2
590,9
591,6
591,1
591,17
591,8
591,2
592,9
592,5
592,10
592,15
593,5
593,9
594,5
595,8
595,2
596,9
596,2
596,8
596,10
596,15
597,15
597,18
597,10
597,5
598,5
599,5
599,8
599,17
600,1
600,21
600,6
601,6
601,17
601,5
602,5
603,8
603,17
604,18
604,21
604,1
604,8
605,9
605,10
605,5
606,8
606,17
606,5
607,10
607,21
607,1
607,6
608,9
608,5
609,8
609,13
610,5
610,13
610,10
611,8
611,17
612,8
613,1
613,21
613,2
613,18
614,8
614,4
615,17
615,5
615,8
615,20
616,8
617,6
617,8
618,5
618,1
618,6
618,21
619,8
620,6
620,21
621,5
622,21
622,14
622,6
622,8
623,6
623,5
624,8
625,6
625,21
625,5
625,1
626,21
626,18
626,16
626,13
627,18
627,13
627,21
628,5
628,9
629,8
629,21
630,5
630,10
630,9
631,6
631,1
631,5
632,9
632,16
632,3
632,2
632,8
632,5
632,15
633,13
633,21
634,8
634,5
634,17
635,17
635,22
635,8
636,8
636,12
636,2
636,17
636,22
637,17
637,5
638,15
638,17
638,5
639,8
639,15
639,17
640,15
640,5
640,17
641,5
641,17
641,8
642,16
642,21
642,17
643,16
643,21
644,5
644,17
645,16
645,6
645,21
645,8
645,17
646,17
646,15
646,5
647,2
647,21
647,16
648,8
648,17
648,5
649,17
649,5
649,14
650,16
650,21
650,5
650,17
651,17
651,22
651,8
652,6
652,11
652,17
652,16
653,15
653,9
653,8
653,17
654,5
654,8
654,17
655,17
655,5
656,15
656,9
656,5
656,8
657,5
657,17
657,8
657,9
658,15
658,10
658,9
658,2
659,12
659,17
659,22
659,8
660,8
660,5
661,11
661,8
662,16
662,8
663,18
663,2
664,8
665,8
665,5
666,21
666,8
666,17
666,16
667,1
667,17
667,21
667,22
668,21
668,17
668,11
668,8
669,11
669,16
669,17
669,21
670,17
670,8
670,15
671,17
671,21
671,16
672,17
672,5
673,5
673,17
673,15
674,17
674,5
675,5
675,8
675,6
675,17
676,5
676,15
676,17
677,5
677,17
678,17
678,2
678,1
679,23
679,2
679,1
679,17
680,11
680,8
680,16
681,21
681,8
681,16
681,17
681,10
681,5
682,2
682,16
682,8
682,10
683,15
683,5
683,17
684,22
684,5
684,17
685,5
685,17
685,8
686,23
686,8
687,8
688,16
688,5
688,6
689,17
689,5
689,8
690,9
690,2
690,17
690,5
691,10
691,8
691,9
692,5
692,8
693,17
693,5
693,9
694,17
694,8
695,2
695,10
695,17
695,5
696,9
696,8
697,17
697,5
697,15
698,17
698,23
699,6
699,21
699,16
700,22
700,8
701,13
701,21
702,2
702,22
702,8
702,17
703,1
703,2
703,5
703,6
703,17
703,8
704,8
705,17
705,5
705,8
706,17
706,22
706,8
707,8
707,5
707,1
707,6
708,8
708,21
708,6
708,1
709,8
709,17
710,5
710,8
710,17
711,8
711,2
711,9
712,8
712,14
712,5
713,21
713,1
714,4
714,22
714,21
714,8
715,21
716,8
716,17
717,21
717,8
717,1
717,6
718,8
718,21
719,6
719,1
719,17
719,21
719,8
720,6
720,5
720,21
721,16
721,8
721,21
721,6
722,5
722,1
722,6
722,8
722,21
723,5
723,8
723,20
723,1
723,9
724,6
724,21
724,8
725,9
725,23
725,5
726,2
726,9
726,23
726,8
727,2
727,18
727,10
727,16
727,9
728,5
728,20
728,9
729,5
729,10
729,17
729,9
730,8
730,2
730,9
730,23
731,9
731,17
731,5
732,8
732,9
732,5
733,9
733,2
733,5
733,8
734,9
734,5
734,10
735,9
735,2
736,5
736,21
736,6
736,9
737,10
737,9
737,18
737,2
737,8
738,5
738,2
738,9
738,20
738,12
739,5
739,9
739,10
739,20
740,15
740,9
740,3
740,10
740,5
741,9
741,15
741,2
741,10
741,5
741,3
742,17
742,8
742,1
742,2
743,9
743,15
743,10
743,5
744,2
744,9
744,3
744,15
744,8
745,2
745,5
745,15
745,3
745,9
745,10
746,10
746,5
746,3
746,15
746,9
746,2
747,5
747,2
747,10
747,3
747,9
747,15
748,3
748,9
748,2
748,8
749,8
749,21
749,5
749,6
750,15
750,8
750,4
750,17
750,9
751,21
751,1
752,18
752,13
753,21
753,8
754,8
754,5
755,8
755,5
755,14
756,17
756,8
756,10
757,5
757,8
757,17
758,16
758,8
758,1
758,6
758,21
759,2
759,8
759,21
760,7
760,8
761,8
761,5
762,6
762,8
763,12
763,2
763,8
764,21
764,1
765,17
765,8
766,15
766,17
766,5
767,17
767,8
768,5
768,8
769,21
769,8
769,6
770,8
770,17
771,9
771,10
771,5
771,2
771,15
771,3
771,17
772,17
772,15
772,5
773,8
773,16
773,6
773,11
774,6
774,16
774,8
774,11
774,21
775,10
775,15
775,9
776,13
777,5
777,18
778,5
779,5
779,6
780,5
781,5
781,14
781,17
782,8
782,5
783,5
783,23
783,20
783,2
783,17
783,1
783,9
784,1
784,8
784,6
784,4
785,2
785,8
786,6
786,21
787,17
787,8
787,14
788,21
788,8
788,6
789,8
789,22
790,6
790,5
790,2
791,16
791,8
791,21
792,14
792,8
792,4
793,8
793,6
793,17
793,21
794,8
794,6
794,16
795,17
795,8
796,18
796,9
797,8
797,9
797,10
798,8
798,20
798,1
799,1
799,8
800,8
801,8
802,21
802,13
803,7
804,6
804,5
805,5
806,6
806,8
807,8
807,4
808,8
809,5
809,6
809,16
810,8
810,5
810,10
811,18
811,16
811,2
811,21
811,8
812,13
812,21
813,18
813,2
813,1
814,13
815,8
815,5
816,8
817,22
817,5
818,10
818,2
818,5
819,17
819,8
820,16
820,18
820,9
820,6
820,5
820,3
820,19
821,16
821,4
821,12
821,17
821,6
821,8
822,11
822,6
822,21
823,11
823,8
823,6
823,21
824,21
824,11
824,6
825,8
825,22
826,8
826,15
826,5
827,21
827,13
828,8
828,5
829,8
829,17
830,6
830,8
831,6
831,5
832,10
832,8
832,16
832,17
832,14
833,8
834,22
834,8
835,8
835,21
835,6
836,23
837,17
837,8
837,22
838,4
838,8
839,8
840,8
841,5
841,14
841,8
841,17
842,6
842,7
843,8
843,17
843,6
843,5
844,8
845,5
845,14
846,18
846,1
846,2
846,10
847,2
847,9
847,10
847,17
848,1
848,2
849,18
849,8
850,21
850,2
850,1
850,18
851,23
852,8
852,5
853,6
853,8
854,8
854,4
854,22
854,2
855,6
855,8
855,18
856,8
856,6
857,16
857,22
857,8
858,23
859,10
859,18
859,1
859,2
860,8
860,17
860,10
861,16
861,21
861,11
862,6
862,4
862,8
863,13
863,18
864,5
864,13
865,2
865,8
865,20
866,22
866,8
866,1
867,8
867,21
867,6
867,1
868,21
868,16
868,13
869,2
869,1
869,15
869,6
869,14
869,5
870,8
870,6
871,8
871,22
872,5
872,3
872,18
872,9
872,19
872,2
873,8
873,1
873,22
873,4
873,12
874,8
874,4
874,14
875,8
875,5
875,17
876,6
876,8
877,8
877,20
877,4
878,5
878,17
879,12
879,4
879,2
879,8
880,18
880,8
881,8
881,6
881,5
882,17
882,5
882,8
883,8
883,5
884,12
884,8
884,10
884,21
885,5
885,8
886,1
886,18
887,5
887,10
887,13
887,21
888,8
888,4
888,22
888,12
889,8
889,5
890,5
890,8
890,17
891,8
891,6
891,21
892,5
892,8
893,8
893,5
893,17
894,6
894,21
894,11
894,8
895,21
895,1
896,8
896,2
896,22
897,8
898,21
898,16
898,8
899,18
899,8
900,23
900,8
900,2
901,13
901,5
901,18
902,17
902,5
903,13
903,8
904,8
904,2
905,6
905,21
905,16
906,5
906,13
907,2
907,22
907,12
907,8
907,21
908,22
908,8
909,14
909,21
910,10
910,5
910,17
911,23
911,8
912,8
912,21
913,5
913,14
913,8
914,6
914,5
914,21
915,2
915,5
915,18
916,8
917,22
917,8
917,4
918,8
918,6
918,5
919,18
919,8
919,1
919,3
919,10
919,21
920,10
920,1
920,2
921,8
921,6
922,8
922,5
922,12
922,17
923,5
924,5
924,8
925,8
925,12
925,17
926,5
926,22
926,8
927,9
927,10
927,3
927,15
927,14
928,8
928,23
928,21
929,11
929,21
929,16
929,6
930,5
930,6
931,8
931,10
931,17
932,2
932,12
932,8
933,14
933,5
934,8
934,17
935,2
935,1
936,5
936,8
937,12
937,4
937,8
938,8
938,17
940,5
940,17
940,18
941,14
941,8
941,10
942,12
942,8
942,22
942,4
943,5
943,8
945,9
945,10
945,20
945,8
946,2
946,12
946,22
947,23
947,4
947,6
947,8
948,8
949,8
949,21
949,18
949,1
950,5
950,17
950,8
951,5
952,10
952,8
952,21
953,8
953,5
954,18
954,13
954,1
955,13
955,5
956,13
957,13
958,13
959,13
960,13
961,13
962,13
963,13
964,13
964,16
965,13
965,10
965,21
965,8
966,16
966,13
966,21
966,6
966,8
967,13
967,8
967,16
967,17
968,13
968,18
969,18
969,13
969,5
970,13
970,18
970,21
971,21
971,13
972,13
973,18
973,13
973,8
974,13
974,16
974,21
975,21
975,13
976,6
976,21
977,21
977,8
978,13
979,13
979,10
979,21
980,13
981,13
982,21
982,6
982,8
983,21
983,8
983,6
984,8
984,17
984,5
985,8
986,8
986,21
986,13
987,21
987,8
987,18
987,1
987,2
988,4
988,14
988,8
988,17
989,8
990,9
990,5
990,2
991,10
991,17
991,8
991,5
992,12
992,8
993,6
993,9
993,5
993,2
994,1
994,21
995,18
995,16
995,2
996,21
996,1
996,2
996,18
997,10
997,1
997,18
997,2
997,21
998,1
998,18
998,2
999,18
999,2
999,1
1000,2
1000,18
1000,1
1000,5
1001,10
1001,1
1001,6
1002,23
1002,1
1003,23
1003,1
1004,15
1004,17
1005,15
1005,17
1005,5
1005,8
1006,6
1006,21
1006,1
1006,2
1006,8
1007,1
1007,21
1008,21
1008,2
1009,2
1009,21
1009,13
1010,2
1010,21
1010,13
1011,2
1011,5
1012,5
1012,18
1013,8
1013,5
1014,8
1014,17
1014,20
1014,5
1015,6
1015,5
1016,8
1016,5
1017,6
1017,16
1017,21
1017,8
1017,5
1018,8
1018,17
1018,4
1018,22
1019,8
1020,12
1020,8
1021,8
1021,6
1021,21
1022,5
1022,3
1022,14
1022,6
1022,2
1023,16
1023,13
1024,1
1024,22
1024,8
1024,17
1024,2
1025,5
1025,8
1025,10
1026,8
1026,17
1026,5
1027,8
1028,17
1028,4
1028,8
1029,5
1029,8
1030,8
1030,15
1030,4
1030,12
1031,8
1031,17
1032,8
1032,2
1033,1
1033,21
1033,8
1033,6
1033,16
1034,5
1035,21
1035,1
1036,8
1036,17
1037,5
1037,8
1037,21
1037,6
1037,1
1037,2
1038,5
1038,1
1039,8
1039,21
1039,1
1039,6
1039,5
1040,8
1041,21
1041,2
1041,1
1042,5
1042,6
1043,5
1043,8
1043,17
1044,8
1044,17
1044,20
1044,4
1045,1
1045,5
1046,14
1046,8
1046,5
1047,8
1047,5
1047,6
1048,5
1049,17
1049,5
1050,5
1050,8
1051,5
1052,5
1052,8
1052,17
1053,1
1053,21
1053,6
1053,8
1054,1
1054,16
1054,9
1054,5
1054,6
1055,5
1056,17
1056,5
1057,16
1057,21
1058,1
1058,8
1058,12
1059,8
1059,6
1059,4
1060,17
1060,5
1061,21
1061,6
1061,8
1062,8
1062,5
1062,6
1062,21
1062,1
1063,5
1063,9
1064,12
1064,8
1064,6
1064,17
1065,4
1065,8
1065,5
1066,17
1066,21
1066,18
1066,1
1066,2
1067,21
1067,16
1067,8
1067,6
1067,18
1068,8
1069,8
1069,5
1070,5
1070,10
1071,14
1071,4
1071,8
1072,1
1072,8
1072,6
1072,21
1073,3
1073,5
1073,10
1073,15
1073,9
1074,5
1075,21
1075,2
1075,18
1075,1
1075,9
1075,10
1076,1
1076,21
1076,5
1076,18
1077,17
1077,8
1078,1
1078,2
1078,21
1078,13
1079,17
1079,1
1079,21
1079,6
1079,5
1080,6
1080,5
1080,16
1080,2
1081,12
1081,8
1081,22
1082,17
1082,6
1082,8
1083,5
1084,8
1084,21
1084,18
1084,1
1085,8
1085,5
1085,17
1086,2
1086,5
1087,8
1087,21
1087,16
1087,6
1088,6
1088,17
1088,8
1088,21
1088,1
1089,2
1089,1
1089,10
1090,5
1090,17
1091,1
1091,2
1091,18
1092,5
1092,18
1092,8
1093,8
1094,5
1094,17
1095,14
1095,5
1095,17
1095,8
1096,5
1096,17
1097,8
1097,17
1097,5
1098,1
1098,2
1098,18
1099,5
1099,10
1099,16
1100,10
1100,8
1100,5
1100,17
1101,17
1101,5
1102,6
1102,1
1102,21
1103,8
1104,6
1104,2
1104,17
1104,1
1104,21
1105,18
1105,1
1106,17
1106,5
1106,8
1107,17
1107,9
1107,3
1107,5
1107,15
1107,2
1107,10
1108,5
1108,8
1108,17
1109,1
1109,18
1109,13
1110,5
1110,17
1111,8
1111,17
1112,21
1112,18
1112,6
1112,1
1113,18
1113,5
1113,2
1113,1
1114,17
1114,5
1115,1
1115,2
1115,9
1115,5
1116,5
1116,10
1116,9
1117,16
1117,21
1117,8
1117,18
1118,22
1118,8
1118,1
1119,10
1119,2
1119,1
1120,5
1120,17
1120,1
1120,9
1120,2
1121,8
1121,6
1121,21
1122,18
1122,13
1122,21
1123,8
1123,1
1123,13
1124,9
1124,20
1124,5
1124,8
1125,8
1125,5
1125,17
1126,8
1126,5
1127,8
1127,9
1127,2
1128,8
1128,5
1129,16
1129,21
1129,1
1130,6
1130,21
1130,1
1130,8
1131,6
1131,2
1131,1
1131,10
1131,18
1132,8
1132,17
1133,8
1133,6
1134,5
1134,9
1135,18
1135,13
1136,5
1136,6
1136,21
1136,1
1137,17
1137,6
1137,5
1137,1
1138,2
1138,10
1138,1
1139,1
1139,21
1139,8
1140,21
1140,8
1141,2
1141,21
1141,1
1142,8
1143,5
1143,17
1144,2
1144,8
1144,21
1144,1
1145,1
1145,21
1146,6
1146,21
1146,16
1146,8
1147,8
1147,12
1147,22
1147,4
1147,2
1148,21
1148,8
1148,6
1148,16
1149,8
1149,5
1150,13
1150,10
1151,8
1152,1
1152,8
1152,21
1152,16
1153,1
1153,8
1153,21
1154,6
1154,8
1154,21
1155,17
1155,5
1156,1
1156,21
1156,6
1157,17
1157,5
1158,8
1159,8
1160,21
1160,1
1160,8
1161,8
1161,17
1161,5
1162,5
1163,5
1163,8
1164,17
1164,5
1164,8
1165,4
1165,17
1165,8
1165,12
1166,13
1166,16
1167,21
1167,16
1167,8
1168,9
1168,5
1168,18
1169,21
1169,6
1169,8
1170,21
1170,18
1170,8
1171,9
1171,10
1171,16
1171,8
1172,21
1172,18
1172,13
1173,6
1173,10
1173,5
1173,17
1174,8
1175,21
1175,16
1175,6
1176,22
1176,5
1177,9
1177,5
1177,2
1178,21
1178,8
1178,6
1179,17
1179,8
1180,14
1180,17
1180,8
1181,22
1181,8
1182,16
1182,8
1182,21
1182,6
1183,8
1183,21
1183,6
1184,8
1185,21
1185,6
1185,17
1185,8
1186,21
1186,1
1186,2
1186,18
1187,8
1188,17
1188,10
1188,5
1188,8
1189,2
1189,21
1189,1
1189,10
1189,18
1190,5
1190,8
1191,8
1191,17
1192,8
1192,17
1193,6
1193,21
1193,8
1194,1
1194,6
1194,21
1194,8
1195,8
1195,2
1195,10
1195,16
1195,3
1195,9
1195,17
1195,15
1196,6
1196,5
1196,8
1197,18
1197,13
1197,1
1198,12
1198,4
1198,8
1199,8
1200,22
1200,12
1200,17
1200,8
1201,5
1201,8
1202,5
1203,9
1203,5
1203,18
1204,5
1205,8
1205,17
1206,5
1206,1
1206,9
1206,6
1207,6
1207,16
1207,21
1207,8
1208,5
1209,13
1209,16
1210,8
1211,8
1211,17
1212,1
1212,2
1212,21
1213,18
1213,1
1213,8
1213,2
1214,23
1214,8
1214,17
1215,6
1215,8
1215,21
1216,22
1216,8
1216,4
1216,12
1217,5
1217,9
1217,2
1218,5
1218,20
1218,6
1219,5
1219,8
1219,17
1220,8
1221,8
1221,17
1222,1
1222,2
1222,5
1222,9
1223,1
1223,21
1225,8
1225,5
1226,10
1226,16
1226,21
1226,18
1227,18
1227,9
1227,2
1228,8
1228,6
1228,21
1228,1
1230,21
1230,8
1230,16
1230,6
1230,10
1230,1
1231,5
1231,6
1231,17
1232,21
1232,13
1232,10
1233,8
1233,5
1233,6
1233,17
1234,14
1234,5
1234,9
1235,13
1235,2
1235,1
1235,18
1236,5
1236,17
1236,8
1237,1
1237,21
1237,6
1238,13
1238,16
1238,10
1239,5
1239,15
1239,14
1239,1
1239,6
1240,5
1240,17
1240,14
1241,1
1241,16
1241,21
1241,18
1242,8
1242,21
1242,16
1242,17
1242,6
1243,8
1243,17
1243,5
1244,6
1244,21
1245,21
1245,16
1245,8
1245,6
1246,21
1246,1
1246,6
1247,8
1247,5
1248,17
1248,8
1249,1
1249,8
1249,20
1250,19
1250,7
1251,8
1251,21
1252,21
1252,5
1252,8
1252,6
1252,16
1253,1
1253,8
1253,2
1254,1
1254,6
1254,12
1254,8
1254,23
1255,6
1255,8
1255,16
1255,21
1256,2
1256,5
1256,9
1256,8
1257,8
1258,8
1258,5
1259,8
1259,9
1259,5
1260,8
1260,5
1261,8
1261,17
1261,5
1262,5
1262,9
1263,6
1263,8
1263,5
1263,21
1264,5
1264,2
1264,9
1264,10
1264,8
1265,8
1265,5
1265,6
1265,7
1266,9
1266,1
1266,18
1266,21
1266,2
1267,6
1267,8
1267,21
1267,1
1268,16
1268,8
1268,21
1269,17
1269,10
1269,8
1270,5
1270,8
1270,14
1270,17
1271,2
1271,5
1272,5
1272,8
1273,8
1273,20
1274,21
1274,6
1274,16
1275,8
1276,5
1276,6
1276,8
1276,17
1276,16
1276,21
1277,8
1278,9
1278,2
1278,5
1278,10
1279,5
1280,1
1280,2
1280,6
1280,5
1281,8
1282,18
1282,1
1282,21
1282,13
1283,20
1283,5
1284,5
1285,1
1285,21
1285,6
1285,5
1286,9
1286,5
1286,8
1287,6
1287,17
1287,8
1287,12
1288,10
1288,5
1288,17
1288,8
1289,8
1289,5
1290,1
1290,8
1290,18
1290,21
1291,5
1291,17
1292,2
1292,5
1292,15
1292,9
1292,10
1292,8
1292,3
1293,1
1293,18
1293,21
1294,8
1294,5
1294,17
1295,8
1295,5
1295,2
1296,17
1296,5
1296,8
1297,5
1298,2
1298,23
1298,5
1299,8
1299,17
1300,16
1300,21
1300,6
1301,21
1301,8
1301,13
1302,8
1302,21
1302,6
1303,5
1303,1
1303,2
1303,17
1304,5
1304,17
1305,17
1305,8
1305,5
1306,8
1306,17
1307,9
1307,8
1307,20
1308,17
1308,5
1309,5
1309,8
1310,5
1310,15
1310,10
1310,2
1310,3
1310,22
1310,9
1311,21
1311,18
1311,8
1311,16
1312,8
1312,1
1312,5
1312,6
1313,9
1313,10
1313,5
1314,17
1314,5
1314,6
1314,8
1314,21
1315,8
1315,16
1316,5
1316,8
1317,17
1317,8
1317,5
1318,21
1318,18
1318,1
1318,2
1319,1
1319,6
1319,21
1320,5
1320,9
1321,18
1321,1
1321,9
1321,2
1321,5
1322,18
1322,8
1322,16
1322,21
1322,13
1323,8
1324,5
1324,17
1325,18
1325,13
1326,1
1326,22
1326,17
1326,8
1327,15
1327,17
1327,8
1328,22
1328,8
1329,8
1329,23
1330,8
1330,17
1331,8
1331,12
1331,4
1331,2
1331,17
1332,4
1332,17
1332,8
1332,15
1333,4
1333,8
1334,5
1334,17
1334,8
1335,8
1335,9
1336,17
1336,8
1336,22
1337,14
1337,5
1337,8
1338,8
1338,11
1339,22
1339,17
1339,8
1340,17
1340,8
1341,8
1342,11
1342,8
1343,9
1343,17
1343,8
1344,17
1344,22
1344,8
1345,6
1345,8
1345,21
1346,8
1346,17
1347,17
1347,8
1347,6
1347,15
1348,12
1348,5
1348,2
1349,4
1349,8
1349,12
1350,6
1350,8
1350,16
1350,21
1351,8
1351,15
1351,9
1352,8
1353,6
1353,1
1353,8
1353,21
1354,8
1354,20
1355,8
1356,8
1357,8
1357,20
1357,4
1358,8
1358,5
1359,4
1359,17
1359,8
1360,8
1360,4
1360,12
1361,8
1362,8
1363,6
1363,5
1364,21
1364,16
1364,6
1365,21
1365,18
1365,6
1365,1
1365,5
1366,5
1366,17
1366,8
1367,15
1367,2
1367,10
1367,9
1368,8
1368,5
1369,13
1370,10
1370,13
1371,13
1372,10
1372,13
1373,10
1373,13
1374,16
1374,21
1374,13
1375,21
1375,13
1375,16
1376,13
1376,21
1377,21
1377,13
1378,21
1378,13
1378,16
1379,21
1379,13
1380,21
1380,13
1381,13
1381,21
1381,2
1382,21
1382,13
1383,13
1384,18
1384,16
1384,13
1384,21
1385,13
1385,21
1386,13
1386,21
1387,16
1387,21
1387,13
1388,13
1388,21
1389,13
1389,5
1389,21
1390,13
1390,21
1391,10
1391,21
1391,13
1392,21
1392,13
1393,21
1393,13
1394,21
1394,13
1395,13
1396,21
1396,13
1397,13
1398,13
1399,8
1399,16
1399,13
1400,6
1400,1
1400,21
1401,6
1401,1
1401,21
1402,1
1402,6
1402,21
1403,10
1403,5
1403,13
1404,13
1404,10
1404,5
1405,5
1405,2
1405,9
1406,17
1406,5
1406,2
1406,1
1406,21
1406,23
1408,6
1408,21
1408,16
1408,18
1409,8
1409,18
1410,5
1410,18
1410,2
1411,23
1411,5
1411,2
1411,18
1412,21
1412,8
1412,2
1412,1
1413,5
1413,10
1413,9
1414,20
1414,18
1414,9
1414,5
1415,23
1415,9
1415,5
1416,2
1416,1
1416,8
1417,8
1417,17
1418,1
1418,2
1418,18
1419,8
1420,6
1420,8
1421,8
1421,16
1422,17
1422,8
1423,18
1423,13
1423,21
1423,16
1424,5
1424,6
1425,8
1425,22
1426,5
1426,17
1427,18
1427,5
1427,9
1428,5
1428,9
1429,3
1429,9
1429,1
1429,10
1429,2
1430,1
1430,18
1431,5
1431,9
1431,10
1432,9
1432,6
1432,5
1433,9
1433,5
1433,18
1434,5
1434,9
1434,18
1435,20
1435,8
1435,5
1435,9
1436,17
1436,10
1436,9
1436,2
1437,17
1437,8
1437,9
1437,2
1438,5
1438,18
1438,9
1438,2
1439,2
1439,10
1439,9
1440,3
1440,16
1440,15
1440,9
1440,2
1441,9
1441,2
1441,10
1441,5
1442,17
1442,2
1442,20
1442,5
1442,1
1442,9
1442,6
1443,5
1443,9
1443,13
1443,10
1444,9
1444,2
1444,17
1444,18
1444,5
1445,9
1445,5
1445,18
1445,2
1446,23
1446,9
1446,1
1446,5
1447,2
1447,9
1447,10
1448,8
1448,9
1448,2
1449,6
1449,8
1449,16
1449,1
1449,21
1450,8
1450,2
1450,17
1450,5
1450,9
1451,5
1451,20
1452,8
1452,17
1453,7
1454,17
1454,5
1454,10
1455,21
1455,8
1455,17
1455,11
1455,6
1456,22
1456,8
1456,17
1457,8
1458,8
1459,8
1459,14
1460,12
1460,8
1461,16
1461,21
1461,5
1462,5
1462,8
1463,8
1464,8
1465,8
1465,21
1465,16
1466,2
1466,9
1467,3
1467,2
1467,15
1467,9
1467,5
1467,10
1468,9
1468,5
1468,3
1468,2
1468,17
1468,15
1469,9
1469,3
1469,15
1469,17
1469,10
1470,20
1470,9
1470,5
1470,8
1471,9
1471,10
1471,15
1471,5
1471,8
1472,9
1472,12
1472,8
1472,15
1473,2
1473,3
1473,5
1473,9
1474,10
1474,9
1475,15
1475,3
1475,2
1475,9
1475,10
1476,5
1476,15
1476,9
1476,17
1476,10
1476,2
1477,9
1477,10
1477,3
1477,2
1477,5
1478,2
1478,10
1478,3
1478,9
1478,5
1479,9
1479,18
1479,2
1479,10
1480,9
1480,5
1480,15
1480,2
1480,17
1480,3
1480,10
1481,9
1481,13
1481,16
1481,10
1481,2
1482,2
1482,1
1482,9
1482,18
1483,10
1483,5
1483,9
1484,15
1484,3
1484,10
1484,9
1484,17
1485,10
1485,21
1485,16
1486,5
1486,9
1486,18
1487,5
1487,10
1487,9
1487,3
1487,15
1488,10
1488,17
1488,5
1489,4
1489,8
1489,2
1489,9
1490,5
1490,19
1490,15
1490,9
1490,3
1491,2
1491,1
1491,18
1492,8
1492,14
1493,21
1493,13
1494,10
1494,17
1494,5
1494,8
1495,5
1496,21
1496,16
1496,5
1496,6
1497,18
1497,17
1497,5
1498,8
1498,6
1499,13
1500,8
1500,6
1501,1
1501,2
1502,2
1502,10
1502,3
1503,8
1503,18
1504,8
1504,13
1504,21
1504,18
1505,18
1505,5
1505,1
1505,13
1506,8
1506,6
1506,10
1506,21
1506,13
1507,21
1507,13
1508,21
1508,13
1509,15
1509,3
1509,8
1509,9
1509,10
1509,5
1510,5
1510,10
1511,8
1511,5
1511,17
1512,16
1512,21
1512,6
1513,6
1513,5
1514,8
1514,6
1514,17
1515,8
1515,14
1516,8
1517,17
1517,6
1517,2
1517,5
1518,5
1518,17
1518,18
1519,10
1519,15
1519,17
1519,2
1519,5
1519,9
1520,5
1520,17
1520,18
1521,9
1521,15
1521,3
1522,2
1522,21
1522,8
1522,3
1523,18
1523,10
1523,2
1523,16
1523,8
1523,3
1523,9
1525,9
1525,3
1525,2
1525,5
1525,8
1525,15
1526,9
1526,2
1526,15
1526,23
1526,3
1527,2
1527,10
1527,17
1528,17
1528,5
1529,8
1529,5
1529,17
1530,17
1530,8
1531,10
1531,8
1531,2
1532,13
1532,5
1532,10
1533,5
1533,13
1533,10
1534,5
1534,2
1535,5
1536,9
1536,20
1536,5
1537,18
1537,21
1537,1
1537,2
1538,17
1538,5
1538,8
1539,5
1539,8
1540,8
1540,6
1540,13
1540,4
1540,21
1541,13
1541,8
1542,10
1542,9
1542,8
1542,2
1543,10
1543,8
1543,9
1543,2
1544,5
1544,2
1544,18
1544,13
1544,15
1545,5
1545,13
1545,1
1545,8
1546,5
1546,8
1546,17
1547,8
1547,17
1547,21
1548,18
1548,13
1548,1
1549,14
1549,8
1549,17
1550,5
1551,1
1551,5
1551,21
1552,10
1552,2
1552,21
1552,16
1552,1
1552,8
1553,5
1553,10
1554,16
1554,21
1554,8
1554,6
1555,8
1555,5
1555,21
1555,6
1556,21
1557,17
1557,21
1557,8
1558,21
1558,6
1558,8
1558,17
1558,16
1559,11
1559,8
1560,21
1560,8
1561,16
1561,5
1562,8
1562,6
1562,21
1562,11
1563,16
1563,21
1563,11
1564,14
1564,8
1565,8
1565,14
1565,4
1566,17
1566,5
1566,8
1567,17
1567,2
1567,1
1567,8
1567,10
1568,8
1568,21
1568,6
1569,5
1570,17
1570,8
1571,8
1571,17
1571,6
1572,21
1572,17
1572,8
1572,6
1573,22
1573,8
1574,21
1574,11
1575,21
1575,22
1576,5
1576,17
1577,16
1577,11
1577,21
1578,2
1578,6
1579,16
1579,21
1580,6
1580,21
1581,16
1581,6
1581,21
1582,21
1582,6
1583,21
1583,8
1583,16
1583,6
1584,8
1584,6
1585,18
1585,21
1585,8
1585,16
1586,8
1586,9
1586,5
1587,4
1587,20
1587,8
1588,22
1588,5
1588,8
1589,2
1589,5
1589,8
1590,8
1590,5
1590,9
1591,8
1591,17
1591,5
1592,8
1592,5
1592,17
1593,17
1593,5
1594,17
1594,8
1594,5
1595,5
1595,17
1595,6
1596,5
1596,8
1596,17
1597,5
1597,6
1598,8
1598,5
1599,17
1599,5
1599,8
1600,2
1600,9
1600,5
1600,10
1600,8
1601,5
1602,13
1602,18
1603,14
1603,5
1603,17
1603,8
1604,17
1604,5
1605,8
1605,6
1606,5
1606,17
1607,8
1607,17
1607,5
1608,13
1608,10
1608,8
1608,21
1609,5
1609,6
1610,5
1611,17
1611,10
1611,5
1612,16
1612,21
1613,21
1613,8
1614,17
1614,8
1615,4
1615,17
1615,8
1616,8
1617,5
1617,6
1617,21
1617,1
1618,14
1618,10
1618,5
1618,18
1618,8
1618,1
1618,2
1619,8
1620,21
1620,1
1620,6
1621,21
1621,16
1621,13
1622,6
1622,5
1623,5
1623,8
1624,2
1624,8
1625,4
1625,6
1625,8
1626,8
1626,6
1627,10
1627,5
1627,6
1628,18
1628,13
1629,18
1629,13
1629,16
1630,21
1630,5
1630,6
1630,8
1631,5
1631,8
1632,10
1632,8
1632,17
1633,17
1633,5
1634,9
1634,2
1634,5
1634,3
1635,5
1636,17
1636,5
1636,14
1637,10
1637,17
1637,8
1638,5
1638,14
1639,5
1639,15
1639,12
1640,6
1640,5
1641,14
1641,8
1641,5
1642,4
1642,8
1642,17
1643,8
1643,5
1644,6
1644,1
1645,8
1645,5
1646,16
1646,21
1646,2
1646,18
1647,17
1647,8
1648,4
1648,8
1649,8
1649,13
1649,12
1650,13
1650,5
1651,5
1651,17
1651,8
1651,10
1652,5
1652,8
1653,8
1653,21
1653,6
1654,10
1654,8
1654,5
1655,8
1655,18
1655,1
1656,17
1656,5
1656,22
1656,8
1657,5
1658,13
1658,21
1658,5
1658,10
1659,13
1659,21
1659,1
1660,8
1661,5
1661,8
1661,17
1662,8
1662,4
1663,1
1663,21
1664,5
1664,20
1665,12
1665,8
1665,4
1666,14
1666,8
1667,16
1667,13
1668,9
1668,5
1669,17
1669,10
1669,8
1670,14
1670,8
1670,5
1671,2
1671,8
1671,21
1671,1
1672,9
1672,17
1672,8
1673,18
1673,21
1673,13
1673,16
1674,6
1674,8
1674,1
1674,5
1675,4
1675,14
1675,17
1675,8
1676,6
1676,8
1676,17
1677,5
1677,8
1677,6
1677,10
1678,8
1679,5
1679,8
1680,21
1680,1
1681,2
1681,3
1681,15
1681,8
1681,5
1681,9
1682,3
1682,5
1682,10
1682,9
1682,2
1683,8
1683,5
1684,8
1685,5
1686,8
1687,6
1687,5
1688,8
1689,18
1689,13
1690,18
1690,1
1690,21
1691,10
1691,18
1691,1
1691,2
1692,18
1692,13
1692,2
1693,13
1693,2
1694,2
1694,1
1695,8
1695,5
1696,2
1696,1
1696,8
1697,6
1697,5
1697,16
1698,6
1698,16
1698,5
1699,2
1699,10
1699,1
1700,5
1700,8
1701,5
1702,1
1702,2
1702,21
1703,17
1703,1
1703,13
1703,21
1703,16
1703,18
1704,5
1705,5
1706,5
1707,6
1707,5
1708,6
1708,5
1709,5
1709,6
1710,10
1710,8
1710,9
1710,2
1710,5
1711,5
1711,8
1711,17
1712,5
1713,6
1713,21
1713,5
1714,21
1714,13
1714,16
1715,17
1715,14
1715,5
1715,8
1716,6
1716,8
1716,21
1717,9
1717,8
1717,10
1717,5
1718,18
1718,2
1718,21
1718,1
1719,3
1719,15
1719,2
1719,9
1719,10
1719,8
1720,5
1720,8
1720,17
1721,5
1721,8
1721,17
1721,12
1722,9
1722,5
1722,8
1723,10
1723,9
1723,2
1724,8
1724,9
1724,10
1725,23
1725,8
1726,21
1726,2
1726,1
1727,2
1727,1
1728,1
1728,2
1729,2
1729,1
1729,5
1729,17
1730,5
1730,2
1730,17
1730,1
1731,5
1731,18
1731,8
1732,17
1732,18
1732,5
1732,16
1732,2
1733,8
1733,20
1734,20
1734,8
1735,20
1735,8
1736,8
1736,20
1737,6
1737,21
1737,16
1737,5
1738,2
1738,10
1738,16
1738,21
1739,20
1739,5
1739,17
1740,5
1740,8
1741,17
1741,5
1741,8
1742,21
1742,8
1743,1
1743,9
1743,8
1743,20
1744,20
1744,9
1744,1
1745,8
1745,1
1745,9
1745,20
1746,5
1747,8
1747,5
1747,17
1748,21
1748,8
1748,6
1748,4
1749,22
1749,8
1749,12
1750,16
1750,18
1750,13
1751,21
1751,2
1751,9
1751,1
1751,10
1752,2
1752,18
1752,8
1752,10
1753,8
1753,4
1753,5
1753,17
1754,8
1754,5
1755,8
1756,8
1756,5
1756,22
1757,4
1757,17
1757,8
1758,8
1758,5
1758,21
1758,17
1759,16
1759,8
1759,21
1760,8
1760,21
1760,6
1761,17
1761,23
1761,8
1762,8
1762,4
1762,14
1763,17
1763,5
1763,8
1764,17
1764,8
1765,10
1765,8
1765,21
1766,20
1766,8
1766,5
1766,17
1767,21
1767,13
1767,18
1767,1
1768,15
1768,10
1768,9
1768,2
1768,5
1769,18
1769,1
1769,5
1769,17
1769,2
1770,13
1770,10
1771,8
1771,17
1771,10
1772,13
1772,18
1772,8
1773,8
1773,18
1773,13
1774,13
1774,8
1774,18
1775,5
1775,21
1775,1
1775,6
1776,6
1776,1
1776,5
1777,13
1778,13
1778,5
1779,13
1779,21
1780,5
1780,21
1780,13
1781,5
1781,6
1782,13
1782,5
1782,14
1783,8
1783,18
1783,21
1783,13
1784,8
1784,6
1784,21
1784,16
1785,5
1785,17
1785,21
1786,17
1786,10
1786,5
1786,8
1787,2
1787,1
1787,5
1788,1
1788,5
1788,2
1789,5
1789,6
1790,5
1790,17
1791,20
1791,8
1792,6
1792,8
1792,21
1793,8
1793,22
1794,5
1794,23
1795,6
1795,21
1795,8
1796,8
1796,17
1797,17
1797,14
1797,5
1797,8
1798,2
1798,5
1798,13
1798,21
1798,6
1798,1
1799,17
1799,5
1800,5
1801,5
1801,6
1801,1
1801,21
1802,21
1802,13
1802,8
1803,8
1803,1
1803,6
1803,21
1804,10
1804,17
1804,5
1804,8
1805,4
1805,5
1805,17
1806,4
1806,14
1806,8
1807,18
1807,3
1808,17
1808,18
1808,8
1808,5
1809,17
1809,8
1810,18
1810,9
1810,5
1811,21
1811,6
1811,5
1812,4
1812,8
1812,9
1813,5
1814,17
1814,8
1814,5
1815,6
1815,21
1815,16
1815,8
1816,8
1816,6
1816,5
1816,16
1816,21
1817,21
1817,13
1817,10
1818,10
1818,13
1819,13
1819,21
1820,13
1820,21
1821,13
1821,21
1822,5
1823,13
1823,16
1823,6
1824,1
1824,8
1824,21
1825,8
1825,1
1825,21
1826,8
1826,1
1826,21
1827,1
1827,21
1827,6
1827,8
1828,21
1828,8
1828,1
1829,21
1829,13
1829,18
1830,1
1830,18
1830,21
1830,8
1831,18
1831,23
1831,21
1831,1
1832,18
1832,2
1832,1
1833,2
1833,18
1834,2
1834,18
1834,1
1835,18
1835,1
1836,1
1836,18
1837,18
1837,1
1838,8
1838,1
1839,8
1839,1
1839,21
1840,1
1840,21
1840,8
1841,2
1841,1
1842,6
1842,5
1843,16
1843,1
1843,21
1843,6
1843,8
1844,17
1844,8
1845,5
1845,1
1845,6
1846,8
1847,13
1847,21
1847,18
1848,1
1848,2
1848,18
1849,13
1850,13
1850,8
1850,21
1851,13
1851,10
1851,17
1851,5
1852,13
1852,18
1853,16
1853,13
1853,8
1853,18
1854,9
1854,18
1854,5
1854,6
1855,6
1855,8
1855,21
1856,17
1856,5
1857,10
1857,3
1857,9
1857,15
1858,2
1858,13
1858,23
1859,8
1859,16
1859,6
1859,21
1860,8
1860,14
1861,17
1861,8
1861,4
1862,15
1862,8
1862,17
1862,4
1863,3
1863,8
1863,2
1863,18
1863,10
1863,9
1863,5
1864,5
1864,8
1865,6
1865,21
1865,1
1866,17
1866,5
1867,17
1867,8
1868,1
1868,18
1869,8
1869,5
1869,17
1870,8
1870,15
1871,5
1872,16
1872,21
1872,6
1873,5
1873,6
1874,17
1874,5
1874,8
1875,5
1875,1
1876,5
1876,8
1877,17
1877,16
1877,8
1878,21
1878,16
1878,5
1878,6
1879,6
1879,8
1879,5
1880,8
1880,17
1880,5
1881,17
1881,8
1881,2
1882,18
1882,8
1882,16
1882,21
1883,8
1883,5
1883,14
1883,17
1884,17
1884,5
1885,5
1885,8
1885,17
1886,5
1886,8
1886,17
1887,13
1887,18
1887,21
1888,1
1888,21
1888,17
1888,6
1889,21
1889,10
1889,5
1889,13
1890,8
1890,17
1890,5
1891,8
1892,11
1892,8
1892,16
1892,6
1892,17
1893,18
1893,13
1893,5
1894,2
1894,5
1894,1
1894,18
1895,5
1895,1
1895,21
1895,6
1895,14
1895,17
1896,10
1896,1
1896,2
1897,5
1897,8
1898,8
1898,17
1899,5
1899,17
1899,10
1900,10
1900,8
1901,1
1901,5
1901,21
1901,18
1901,2
1901,6
1902,8
1902,5
1902,17
1903,18
1903,10
1903,1
1903,2
1904,17
1904,5
1904,8
1905,8
1905,17
1906,13
1906,10
1907,13
1907,2
1908,21
1908,13
1908,17
1908,10
1908,1
1909,13
1909,10
1910,2
1910,10
1910,13
1911,10
1911,16
1911,21
1911,13
1911,8
1912,4
1912,8
1913,1
1913,2
1913,18
1913,8
1914,2
1914,1
1914,18
1915,2
1915,1
1915,5
1915,18
1916,2
1916,18
1916,1
1917,13
1917,10
1917,8
1918,10
1918,18
1918,13
1919,21
1919,13
1919,18
1919,8
1920,8
1920,18
1920,13
1921,8
1921,18
1921,13
1922,10
1922,13
1922,18
1923,21
1923,18
1923,13
1924,10
1924,8
1924,17
1924,13
1925,16
1925,13
1925,17
1926,21
1926,13
1927,18
1927,13
1928,5
1928,15
1928,13
1929,18
1929,13
1930,18
1930,13
1931,18
1931,1
1931,21
1932,8
1932,13
1932,18
1933,13
1933,18
1934,8
1934,1
1934,22
1935,1
1935,22
1935,8
1936,17
1936,5
1936,8
1937,21
1937,16
1937,18
1938,8
1938,21
1939,7
1939,14
1940,8
1941,5
1941,2
1941,6
1941,1
1942,8
1942,16
1942,14
1942,17
1943,8
1943,9
1943,2
1943,3
1944,8
1944,21
1944,16
1944,6
1945,17
1945,5
1946,17
1946,8
1946,14
1947,8
1947,6
1947,21
1948,5
1948,8
1949,5
1950,17
1950,5
1950,8
1951,13
1951,5
1951,21
1952,5
1952,3
1952,10
1952,15
1953,23
1953,1
1953,5
1953,18
1954,17
1954,21
1954,6
1954,8
1955,17
1955,8
1956,5
1957,8
1957,21
1957,6
1957,16
1957,1
1958,8
1958,17
1958,5
1959,5
1959,18
1959,10
1959,2
1959,9
1960,13
1960,16
1961,16
1961,21
1961,8
1962,13
1962,1
1962,5
1963,8
1963,17
1963,5
1964,8
1964,5
1964,17
1965,5
1965,10
1965,1
1965,18
1966,10
1966,18
1966,1
1966,5
1967,21
1967,17
1967,5
1968,16
1968,21
1968,10
1968,13
1969,6
1969,18
1969,5
1969,9
1969,1
1969,2
1970,14
1970,5
1970,17
1971,2
1971,18
1971,21
1971,1
1972,1
1972,5
1972,10
1972,18
1973,5
1973,17
1974,8
1975,11
1975,21
1975,6
1975,8
1976,11
1976,6
1976,8
1976,21
1977,8
1977,2
1977,22
1977,4
1977,12
1978,8
1978,6
1978,17
1979,2
1979,22
1979,8
1979,12
1980,8
1980,6
1981,8
1981,17
1982,17
1982,2
1982,5
1983,21
1983,2
1983,8
1984,1
1984,16
1984,10
1984,5
1984,2
1985,5
1986,5
1986,8
1987,8
1988,17
1988,6
1988,8
1988,21
1989,8
1989,2
1989,12
1990,18
1990,5
1990,17
1990,15
1990,13
1991,13
1991,5
1992,5
1992,2
1992,1
1993,17
1993,16
1993,21
1993,6
1994,5
1995,16
1995,5
1995,8
1995,6
1996,5
1997,16
1997,21
1997,6
1998,13
1998,5
1999,14
1999,8
2000,8
2000,4
2000,17
2001,8
2002,5
2003,9
2003,8
2003,1
2003,5
2003,2
2003,18
2003,3
2004,16
2004,21
2004,8
2005,6
2005,21
2005,17
2006,6
2006,8
2006,17
2006,21
2007,5
2007,8
2008,8
2008,17
2009,8
2009,21
2009,6
2009,17
2010,5
2011,16
2011,8
2011,21
2012,5
2012,14
2014,17
2014,8
2015,5
2015,10
2015,17
2015,20
2016,5
2016,13
2016,10
2017,13
2018,16
2018,13
2018,8
2019,13
2019,8
2019,21
2020,13
2021,5
2022,13
2022,21
2022,5
2023,5
2024,13
2025,13
2026,5
2027,18
2027,5
2028,21
2028,5
2028,10
2028,13
2029,2
2029,5
2030,2
2030,5
2031,5
2032,17
2032,5
2032,10
2032,8
2033,5
2033,9
2034,9
2034,5
2035,3
2035,2
2035,9
2035,5
2035,10
2036,8
2036,17
2037,21
2037,8
2037,17
2037,6
2038,21
2038,6
2038,16
2038,8
2039,5
2039,9
2040,6
2040,5
2040,17
2041,21
2041,5
2042,1
2042,18
2043,18
2043,1
2044,5
2045,16
2045,3
2045,6
2045,21
2046,8
2046,21
2046,6
2047,1
2047,22
2047,21
2048,1
2048,17
2048,8
2048,22
2049,16
2049,6
2049,21
2050,8
2050,17
2050,2
2051,2
2051,1
2051,12
2052,8
2052,18
2052,21
2053,9
2053,5
2053,17
2054,5
2055,2
2055,5
2055,8
2055,1
2055,21
2056,5
2056,17
2056,8
2057,13
2058,16
2058,13
2058,21
2059,6
2059,17
2059,5
2060,5
2060,8
2061,8
2061,9
2061,2
2062,2
2062,8
2062,17
2063,17
2063,8
2063,12
2064,5
2064,8
2065,16
2065,6
2065,22
2065,8
2066,21
2066,6
2066,8
2066,16
2066,13
2067,13
2067,18
2068,21
2068,13
2068,6
2069,8
2070,14
2070,7
2071,1
2071,6
2071,5
2071,21
2072,8
2072,17
2072,20
2073,12
2073,8
2074,5
2074,15
2075,5
2075,17
2076,8
2076,14
2076,4
2077,13
2077,21
2077,10
2078,21
2078,13
2078,5
2079,5
2079,17
2080,8
2080,21
2080,2
2081,8
2081,17
2081,2
2081,10
2081,1
2082,5
2082,15
2082,17
2082,8
2083,16
2083,8
2083,17
2084,17
2084,3
2084,9
2084,10
2084,15
2085,8
2085,15
2086,13
2086,21
2087,1
2087,21
2087,2
2087,5
2087,6
2088,2
2088,1
2088,5
2089,16
2089,6
2089,8
2089,21
2090,8
2090,22
2091,17
2091,8
2092,9
2092,5
2092,2
2092,10
2092,15
2093,5
2093,17
2093,8
2094,20
2094,8
2094,5
2095,1
2095,8
2095,22
2095,5
2095,2
2096,17
2096,6
2096,5
2097,8
2097,5
2097,1
2097,6
2097,2
2098,17
2098,8
2099,13
2099,16
2099,21
2100,15
2100,5
2100,2
2100,17
2100,10
2100,9
2100,3
2101,21
2101,8
2101,18
2101,13
2102,18
2102,13
2103,21
2103,16
2103,6
2103,13
2104,13
2104,16
2104,21
2105,8
2106,6
2106,8
2106,5
2106,1
2106,21
2107,8
2107,17
2107,16
2108,17
2108,5
2109,17
2109,4
2109,6
2109,8
2110,6
2110,16
2110,21
2110,8
2111,17
2111,8
2111,6
2111,5
2112,1
2112,18
2112,21
2113,8
2113,17
2113,21
2113,6
2114,5
2115,8
2115,17
2115,22
2116,8
2116,17
2117,8
2117,16
2117,23
2118,23
2118,8
2119,5
2119,1
2120,8
2121,5
2121,15
2121,17
2121,14
2121,9
2121,8
2122,8
2122,17
2123,8
2123,22
2123,17
2124,4
2124,12
2124,17
2124,8
2125,17
2125,8
2126,5
2126,17
2127,2
2127,17
2127,5
2127,8
2128,17
2128,5
2129,21
2129,11
2130,21
2130,8
2130,11
2130,17
2131,17
2131,22
2131,15
2132,17
2132,8
2132,14
2133,8
2133,17
2133,22
2134,1
2134,22
2134,2
2135,21
2135,16
2135,8
2136,15
2136,2
2136,5
2137,21
2137,2
2137,1
2138,1
2138,2
2138,21
2139,1
2139,21
2139,2
2140,2
2140,8
2140,17
2141,1
2141,23
2141,8
2142,6
2142,8
2143,2
2143,5
2143,6
2143,9
2144,17
2144,21
2144,8
2144,6
2145,8
2146,5
2146,17
2146,8
2147,5
2147,20
2147,8
2147,17
2148,5
2148,8
2149,4
2149,8
2150,21
2150,8
2150,13
2151,2
2151,18
2151,5
2151,10
2152,8
2152,17
2153,2
2153,8
2154,15
2154,14
2154,8
2155,12
2155,22
2155,8
2155,17
2156,5
2156,8
2157,21
2157,18
2157,13
2158,21
2158,8
2159,5
2159,8
2159,6
2160,17
2160,5
2161,8
2162,13
2162,16
2162,10
2162,8
2162,21
2163,21
2164,6
2164,1
2164,21
2164,18
2165,1
2165,6
2165,18
2165,21
2166,6
2166,16
2166,3
2166,10
2166,9
2166,2
2166,5
2167,8
2167,5
2168,1
2168,2
2168,21
2169,2
2169,1
2169,21
2170,2
2170,1
2170,21
2171,13
2171,21
2171,16
2171,10
2172,1
2172,2
2172,21
2173,13
2173,21
2173,16
2173,6
2173,10
2174,14
2174,8
2175,5
2175,10
2175,8
2176,1
2176,2
2176,10
2176,3
2177,8
2177,5
2178,5
2178,8
2178,22
2179,16
2179,8
2179,21
2179,6
2180,4
2180,8
2180,21
2181,5
2181,17
2181,8
2182,8
2183,8
2184,5
2184,13
2184,18
2184,21
2185,8
2185,16
2185,21
2185,13
2186,5
2186,10
2186,13
2187,13
2187,10
2188,18
2188,5
2188,13
2189,8
2189,6
2190,6
2190,1
2190,8
2190,21
2191,13
2192,22
2192,2
2192,1
2192,8
2192,5
2193,13
2193,21
2193,18
2193,5
2194,17
2194,23
2195,8
2195,5
2195,17
2196,21
2196,6
2196,1
2197,1
2197,8
2197,21
2198,10
2198,13
2198,5
2199,8
2199,18
2199,21
2199,1
2200,2
2200,18
2200,5
2201,2
2201,15
2201,17
2201,5
2201,3
2201,9
2202,8
2202,22
2202,5
2203,8
2203,12
2203,2
2204,8
2204,2
2204,5
2204,23
2205,14
2205,8
2206,5
2207,5
2208,5
2208,17
2208,10
2209,5
2210,8
2210,6
2210,16
2210,21
2211,17
2211,5
2211,8
2212,5
2212,17
2212,8
2213,5
2213,8
2214,2
2214,5
2214,8
2214,10
2215,2
2215,8
2215,4
2215,22
2215,12
2216,9
2216,1
2216,20
2216,3
2216,2
2216,18
2216,10
2217,21
2217,8
2218,5
2218,16
2218,21
2219,14
2219,8
2219,5
2220,8
2220,15
2220,14
2220,5
2220,17
2221,8
2221,12
2221,1
2221,22
2222,21
2222,8
2223,21
2223,8
2224,1
2224,12
2224,22
2224,8
2225,5
2225,8
2226,8
2227,18
2227,2
2227,5
2228,8
2228,4
2229,8
2229,17
2229,5
2230,2
2230,23
2230,8
2231,8
2231,21
2231,13
2232,5
2232,17
2233,17
2233,8
2233,5
2233,14
2234,8
2234,5
2234,17
2235,10
2235,16
2235,13
2236,1
2236,2
2236,21
2236,6
2237,8
2238,15
2238,5
2238,10
2238,9
2239,17
2239,10
2239,5
2239,8
2240,8
2240,10
2240,5
2241,8
2242,12
2242,8
2243,12
2243,8
2243,22
2244,8
2244,23
2245,17
2245,8
2246,8
2246,12
2247,8
2247,17
2247,5
2248,20
2248,8
2249,8
2249,5
2250,8
2251,21
2251,8
2252,21
2252,16
2252,8
2253,17
2253,8
2254,5
2254,21
2254,6
2254,1
2255,4
2255,8
2256,22
2256,17
2256,8
2257,21
2257,16
2257,1
2257,6
2257,8
2258,5
2258,10
2258,8
2259,8
2260,8
2261,8
2262,8
2263,13
2263,10
2263,21
2263,1
2264,9
2264,3
2264,10
2264,5
2264,2
2265,8
2265,6
2265,5
2266,8
2267,17
2267,23
2267,8
2267,22
2268,8
2268,5
2269,6
2269,21
2269,11
2269,8
2270,22
2270,23
2270,12
2270,8
2270,4
2270,2
2270,17
2271,17
2271,8
2272,5
2272,8
2273,8
2274,5
2274,8
2274,14
2275,5
2275,8
2275,17
2276,5
2276,23
2277,8
2277,22
2278,8
2279,6
2279,8
2279,17
2279,16
2280,5
2280,17
2281,8
2282,17
2282,5
2283,10
2283,6
2283,8
2283,16
2284,17
2284,8
2285,21
2285,8
2286,17
2286,8
2287,2
2287,1
2287,9
2287,10
2288,12
2288,8
2288,17
2289,8
2289,18
2289,5
2290,2
2290,10
2290,5
2290,9
2292,8
2293,15
2293,12
2293,5
2293,14
2293,4
2293,8
2294,21
2294,1
2294,6
2294,8
2295,5
2295,2
2295,17
2296,8
2297,8
2297,2
2298,4
2298,8
2298,6
2298,21
2299,8
2299,17
2300,20
2300,8
2301,4
2301,8
2301,5
2302,5
2302,2
2302,18
2303,8
2303,21
2303,6
2304,5
2305,8
2305,20
2305,4
2306,8
2306,4
2307,20
2307,8
2307,5
2308,21
2308,8
2308,12
2309,8
2310,8
2310,17
2310,16
2310,21
2311,8
2311,4
2312,8
2312,9
2312,5
2313,21
2313,13
2313,18
2314,8
2315,8
2315,17
2316,22
2316,5
2316,8
2317,1
2317,16
2317,21
2317,6
2318,8
2318,4
2318,6
2319,8
2319,17
2319,15
2320,5
2320,8
2321,8
2322,5
2322,8
2323,13
2323,21
2324,21
2324,18
2324,8
2324,16
2325,13
2326,17
2326,6
2326,1
2326,2
2326,21
2326,8
2327,8
2327,2
2327,17
2327,22
2328,1
2328,6
2328,5
2329,5
2329,8
2330,8
2330,4
2331,16
2331,1
2331,6
2331,8
2331,17
2331,3
2331,21
2332,20
2332,8
2333,13
2333,8
2334,8
2334,17
2335,21
2336,8
2336,5
2336,16
2337,8
2337,5
2338,8
2338,5
2338,17
2339,4
2339,5
2340,21
2340,16
2340,8
2341,5
2341,4
2341,8
2341,17
2342,5
2343,5
2344,17
2344,8
2344,5
2345,4
2345,8
2345,12
2346,5
2346,9
2346,14
2347,5
2347,14
2347,9
2348,8
2348,21
2349,8
2349,21
2349,4
2350,16
2350,8
2351,8
2352,5
2352,14
2353,14
2353,5
2354,8
2354,20
2354,5
2355,1
2355,21
2356,1
2356,14
2356,21
2356,8
2356,17
2357,10
2357,5
2357,13
2358,17
2358,8
2358,23
2358,2
2359,8
2359,17
2360,5
2360,17
2360,8
2361,8
2361,21
2361,13
2361,16
2362,8
2362,20
2362,5
2363,1
2363,10
2363,13
2363,5
2364,1
2364,6
2364,21
2365,8
2365,6
2365,5
2366,1
2366,21
2366,6
2367,5
2367,1
2368,18
2368,17
2368,8
2369,17
2369,5
2369,20
2369,8
2370,23
2370,8
2371,21
2371,8
2371,6
2372,16
2372,13
2373,21
2373,8
2374,1
2374,21
2374,6
2376,5
2376,8
2376,17
2377,17
2377,8
2377,2
2377,21
2378,2
2378,9
2378,5
2379,15
2379,8
2379,5
2379,3
2379,9
2379,2
2380,8
2381,11
2381,6
2381,8
2381,21
2382,13
2382,21
2383,8
2384,21
2384,6
2384,8
2385,21
2385,13
2385,1
2385,18
2386,5
2386,6
2387,5
2387,8
2387,22
2388,6
2388,8
2389,17
2389,5
2390,8
2390,17
2390,5
2391,8
2391,5
2391,17
2392,5
2392,8
2392,9
2393,17
2393,1
2393,23
2394,21
2394,1
2394,8
2394,2
2394,6
2395,5
2395,8
2396,8
2396,21
2397,6
2397,5
2397,16
2398,17
2398,8
2398,5
2399,18
2399,5
2400,20
2400,4
2400,7
2401,6
2401,21
2401,8
2401,1
2402,17
2402,8
2403,5
2404,6
2404,8
2404,21
2404,1
2404,11
2405,8
2405,22
2406,13
2406,18
2407,8
2407,17
2407,5
2408,8
2408,22
2409,5
2409,17
2409,8
2410,13
2411,8
2411,2
2412,5
2412,14
2412,4
2412,8
2413,8
2414,13
2415,21
2415,18
2415,2
2416,21
2416,16
2417,10
2417,5
2417,8
2418,20
2418,8
2418,5
2419,20
2419,8
2420,5
2420,17
2420,20
2421,6
2421,4
2421,8
2421,21
2422,8
2422,5
2423,6
2423,21
2423,11
2423,8
2424,23
2424,8
2424,2
2425,23
2425,17
2425,1
2426,8
2426,6
2426,21
2427,14
2427,8
2427,4
2428,22
2428,21
2428,11
2428,8
2429,8
2429,17
2429,18
2430,1
2430,6
2430,21
2431,5
2431,2
2432,8
2432,12
2432,21
2433,16
2433,5
2434,9
2434,10
2434,5
2435,5
2435,8
2435,17
2435,6
2435,2
2436,5
2436,14
2436,17
2437,5
2438,10
2438,17
2438,5
2439,5
2439,17
2440,5
2440,17
2440,16
2441,5
2441,15
2441,9
2441,2
2442,15
2442,9
2442,5
2442,16
2442,2
2442,6
2443,15
2443,9
2443,5
2443,8
2443,2
2443,17
2444,15
2444,2
2444,5
2444,9
2445,5
2445,3
2445,10
2445,2
2445,9
2446,18
2446,2
2446,9
2447,17
2447,12
2447,8
2448,8
2448,4
2448,12
2449,22
2449,2
2449,1
2449,12
2449,8
2450,4
2450,8
2451,13
2451,21
2452,2
2452,9
2452,8
2453,8
2453,4
2453,22
2453,17
2454,4
2454,8
2455,8
2455,1
2455,5
2455,2
2456,8
2456,6
2456,2
2457,21
2457,6
2457,8
2458,5
2459,17
2459,5
2460,8
2460,15
2460,5
2461,5
2461,8
2462,14
2462,8
2462,17
2463,8
2463,17
2464,1
2464,21
2464,5
2464,6
2464,23
2465,20
2465,8
2466,21
2466,8
2466,6
2466,1
2467,1
2467,6
2467,8
2467,21
2468,6
2468,1
2468,8
2468,21
2469,1
2469,8
2469,6
2469,21
2470,6
2470,21
2470,8
2470,16
2470,11
2471,8
2471,17
2472,8
2472,17
2472,5
2472,14
2473,18
2473,9
2473,2
2473,5
2473,1
2474,1
2474,18
2474,5
2474,9
2474,2
2475,18
2475,2
2475,9
2475,10
2475,5
2475,1
2476,8
2476,1
2477,1
2477,8
2477,6
2478,4
2478,8
2478,20
2478,1
2479,16
2479,21
2480,17
2480,8
2481,8
2481,4
2481,5
2481,22
2482,17
2482,8
2483,17
2483,5
2483,8
2484,8
2484,5
2485,1
2485,21
2485,6
2486,17
2486,8
2487,17
2487,5
2487,8
2488,8
2488,9
2489,17
2489,21
2489,8
2489,16
2490,13
2490,10
2490,8
2490,16
2491,21
2491,8
2491,2
2492,9
2492,5
2492,17
2492,8
2493,8
2493,5
2494,8
2494,17
2494,10
2494,5
2495,8
2495,23
2496,20
2496,8
2497,8
2497,12
2497,4
2498,4
2498,8
2498,2
2499,8
2499,18
2500,17
2500,8
2501,13
2501,8
2501,16
2502,14
2502,17
2502,5
2502,8
2503,4
2503,14
2503,8
2504,5
2504,8
2504,2
2504,10
2505,8
2505,5
2505,17
2506,17
2506,8
2506,5
2506,14
2507,5
2507,3
2507,2
2507,9
2507,17
2507,15
2508,6
2508,1
2508,21
2508,8
2509,17
2509,23
2509,8
2510,9
2510,5
2510,10
2510,2
2511,18
2511,13
2511,2
2511,21
2512,5
2513,8
2513,2
2513,23
2514,8
2514,2
2514,5
2515,14
2515,8
2516,6
2516,21
2516,4
2516,8
2517,8
2517,21
2518,5
2518,8
2519,17
2519,5
2519,8
2520,8
2521,8
2521,16
2521,18
2522,8
2523,8
2523,5
2523,20
2524,5
2525,23
2526,8
2526,6
2526,14
2527,8
2527,16
2527,6
2527,21
2527,18
2528,20
2528,5
2529,5
2529,17
2529,8
2530,21
2530,8
2530,22
2531,5
2531,10
2531,17
2532,8
2532,21
2533,8
2533,22
2533,1
2534,15
2534,5
2535,6
2535,5
2535,8
2536,5
2536,17
2537,5
2538,5
2538,8
2539,21
2539,1
2539,2
2539,18
2540,8
2540,17
2541,8
2541,17
2541,6
2541,21
2542,8
2542,5
2543,5
2543,8
2543,6
2544,5
2544,17
2544,8
2545,8
2545,5
2546,8
2546,17
2546,16
2546,21
2546,18
2547,8
2547,5
2548,6
2548,5
2548,8
2549,14
2549,8
2549,15
2549,17
2550,13
2550,8
2550,21
2551,4
2551,8
2552,8
2552,17
2552,5
2553,17
2553,15
2553,6
2553,5
2554,8
2554,13
2555,6
2555,21
2556,20
2556,5
2557,8
2557,21
2557,16
2558,20
2558,8
2558,17
2559,22
2559,1
2560,8
2560,17
2561,6
2561,8
2561,16
2561,21
2562,8
2562,14
2562,17
2563,8
2563,13
2563,17
2564,6
2564,16
2564,10
2564,1
2564,21
2565,18
2565,9
2565,5
2565,17
2566,17
2566,8
2566,5
2567,8
2567,5
2568,8
2568,17
2568,5
2569,5
2569,17
2570,8
2570,17
2571,18
2571,13
2572,1
2572,13
2572,18
2573,1
2573,18
2573,13
2574,13
2574,18
2574,21
2575,8
2575,17
2576,8
2576,1
2576,2
2577,4
2577,2
2577,8
2577,17
2578,5
2578,14
2579,21
2579,8
2579,17
2579,1
2580,13
2581,8
2582,5
2582,17
2582,8
2583,8
2583,5
2584,18
2584,2
2584,1
2585,14
2585,8
2585,17
2586,6
2586,5
2587,17
2587,8
2587,21
2588,5
2588,17
2588,14
2588,10
2588,22
2588,15
2589,5
2589,15
2590,5
2590,15
2591,5
2591,4
2591,8
2591,15
2592,6
2592,15
2592,8
2593,17
2593,15
2593,5
2594,9
2594,2
2594,5
2595,2
2595,9
2595,5
2595,3
2595,19
2595,15
2595,10
2596,15
2596,2
2596,17
2596,10
2596,9
2597,6
2597,8
2597,5
2598,5
2598,17
2598,21
2599,9
2599,3
2599,8
2599,10
2599,2
2600,17
2600,5
2601,5
2602,5
2602,6
2603,5
2604,5
2604,17
2604,8
2605,13
2605,8
2606,5
2607,1
2607,21
2607,2
2608,5
2608,1
2608,23
2608,2
2609,16
2609,13
2610,1
2610,22
2610,17
2610,8
2611,8
2611,2
2611,5
2611,23
2612,6
2612,8
2612,5
2613,21
2613,1
2613,2
2614,21
2614,8
2615,2
2615,21
2615,1
2616,8
2616,17
2617,1
2617,18
2617,21
2617,2
2618,21
2618,2
2618,1
2619,5
2619,8
2620,17
2620,22
2620,8
2621,6
2621,1
2621,5
2622,17
2622,21
2622,8
2622,16
2622,6
2623,20
2623,7
2624,22
2624,8
2624,2
2624,1
2625,6
2625,11
2625,16
2625,21
2626,10
2626,8
2626,16
2626,17
2627,18
2627,21
2627,13
2627,16
2628,13
2628,18
2629,18
2629,13
2629,21
2629,10
2630,21
2630,13
2630,18
2630,10
2631,18
2631,22
2631,21
2631,10
2631,13
2632,18
2632,13
2632,10
2633,10
2633,13
2633,18
2634,17
2634,13
2634,10
2634,18
2635,17
2635,8
2636,2
2636,5
2636,10
2637,5
2637,23
2638,9
2638,2
2639,5
2639,9
2639,8
2639,2
2640,15
2640,17
2640,5
2641,13
2641,10
2641,21
2642,7
2643,8
2643,6
2643,17
2644,23
2645,6
2645,16
2645,1
2645,21
2646,8
2646,6
2646,21
2647,14
2647,8
2647,17
2647,5
2648,8
2648,17
2648,6
2648,5
2649,13
2649,18
2649,21
2649,8
2650,5
2651,5
2652,5
2653,17
2653,5
2654,13
2654,5
2654,21
2654,18
2655,1
2655,5
2655,18
2655,13
2656,5
2656,18
2656,1
2656,13
2657,5
2657,10
2657,18
2657,1
2657,13
2658,13
2658,5
2658,18
2659,13
2659,1
2659,18
2660,18
2660,21
2660,1
2661,18
2661,17
2662,18
2662,1
2663,18
2663,21
2663,2
2663,1
2664,1
2664,2
2664,21
2664,18
2665,18
2665,1
2665,2
2666,1
2666,5
2667,16
2667,13
2667,21
2668,17
2668,8
2670,10
2670,13
2671,6
2671,1
2671,5
2671,21
2672,5
2672,17
2673,8
2674,8
2674,6
2674,21
2674,5
2674,1
2675,6
2675,21
2675,1
2676,16
2676,17
2676,5
2676,6
2677,8
2678,22
2678,8
2678,17
2679,12
2679,8
2679,3
2679,14
2680,1
2680,6
2680,21
2681,1
2681,17
2681,6
2681,21
2681,8
2681,13
2682,6
2682,8
2682,21
2683,21
2683,6
2683,1
2684,16
2684,8
2684,21
2685,8
2685,21
2685,16
2685,6
2686,21
2686,18
2686,13
2687,8
2687,5
2688,8
2688,6
2689,21
2689,4
2689,6
2689,8
2690,11
2690,8
2691,23
2691,8
2692,8
2692,6
2693,5
2693,2
2693,10
2693,1
2694,6
2694,1
2694,8
2695,21
2695,8
2695,22
2695,12
2696,17
2696,8
2696,5
2697,1
2697,21
2697,6
2698,2
2698,18
2698,9
2698,1
2698,3
2699,22
2699,8
2700,8
2701,9
2701,3
2701,5
2701,8
2701,2
2702,5
2703,8
2703,12
2703,1
2703,22
2704,9
2704,10
2704,2
2704,3
2704,5
2705,1
2705,8
2705,21
2705,2
2706,13
2707,13
2707,8
2707,18
2707,21
2707,4
2708,2
2708,3
2708,15
2708,5
2708,17
2708,10
2708,9
2709,5
2710,6
2710,8
2711,21
2711,1
2712,1
2712,21
2713,21
2713,8
2713,6
2713,17
2714,8
2714,22
2714,1
2714,21
2714,2
2715,22
2715,1
2716,6
2716,8
2716,5
2717,2
2717,1
2717,13
2717,18
2717,21
2718,1
2718,2
2718,10
2719,14
2719,5
2719,17
2720,8
2720,14
2720,17
2720,5
2721,13
2722,18
2723,8
2723,6
2724,10
2724,9
2724,5
2725,5
2726,8
2726,17
2726,5
2727,8
2727,16
2727,21
2728,8
2729,8
2729,14
2730,8
2730,17
2730,14
2731,17
2731,23
2731,8
2732,18
2732,1
2732,2
2733,8
2733,5
2734,8
2734,16
2734,13
2734,21
2735,10
2735,2
2735,9
2735,3
2735,1
2736,8
2736,16
2737,18
2737,6
2737,1
2737,21
2738,1
2738,8
2739,23
2739,17
2739,1
2739,2
2740,9
2740,1
2740,2
2740,10
2741,5
2742,1
2742,21
2742,6
2742,8
2743,8
2743,22
2743,12
2744,5
2745,8
2746,5
2746,22
2747,8
2747,12
2748,5
2749,9
2749,5
2749,8
2749,2
2749,10
2750,5
2750,17
2750,18
2751,5
2751,17
2751,8
2752,8
2753,17
2753,8
2754,14
2754,5
2754,8
2754,17
2755,18
2755,21
2755,1
2755,13
2756,21
2756,1
2756,2
2757,6
2757,5
2758,13
2759,13
2759,18
2760,8
2760,17
2760,23
2760,5
2760,2
2760,1
2761,8
2761,21
2762,22
2762,5
2762,2
2763,1
2763,21
2763,18
2763,13
2763,10
2764,10
2764,1
2764,13
2764,18
2765,10
2765,13
2765,18
2766,13
2766,10
2767,22
2767,1
2767,5
2768,13
2769,17
2769,8
2769,5
2770,8
2770,17
2771,5
2772,16
2772,21
2772,8
2773,8
2773,16
2773,21
2773,13
2774,5
2774,8
2774,17
2775,22
2775,4
2775,8
2775,17
2776,8
2776,13
2776,21
2776,6
2777,5
2777,21
2777,6
2778,17
2778,8
2778,6
2778,5
2779,20
2779,5
2780,18
2780,21
2780,6
2780,13
2781,21
2781,1
2781,2
2781,18
2781,8
2782,5
2782,7
2783,6
2783,5
2784,6
2784,5
2785,8
2785,17
2786,8
2786,23
2787,16
2787,21
2787,8
2788,17
2788,5
2788,23
2789,13
2790,17
2790,10
2790,18
2790,1
2790,2
2791,2
2791,6
2791,1
2791,21
2792,5
2792,17
2792,20
2793,8
2793,5
2794,17
2794,8
2794,5
2795,4
2795,8
2795,17
2796,2
2796,1
2796,10
2796,18
2797,8
2797,1
2797,6
2797,14
2798,13
2798,21
2799,8
2799,5
2799,6
2799,17
2800,8
2800,16
2800,21
2800,6
2801,8
2801,6
2801,21
2801,1
2802,5
2802,2
2802,8
2802,14
2803,8
2803,5
2803,17
2803,14
2804,8
2805,10
2805,5
2805,18
2805,1
2806,8
2806,21
2806,6
2807,13
2807,21
2807,16
2808,15
2808,6
2808,8
2809,5
2810,8
2810,20
2810,5
2810,17
2811,20
2811,8
2812,20
2812,4
2812,8
2813,13
2813,21
2814,21
2814,13
2815,13
2816,17
2816,8
2816,10
2817,5
2817,14
2817,17
2818,10
2818,8
2818,18
2818,13
2819,5
2819,18
2819,15
2819,17
2820,5
2820,8
2821,2
2821,18
2821,1
2822,18
2822,2
2822,9
2823,13
2823,10
2823,18
2823,5
2823,9
2824,18
2824,13
2825,18
2825,13
2826,13
2826,18
2827,18
2827,13
2827,17
2827,1
2827,8
2828,8
2828,21
2828,13
2828,17
2828,14
2829,6
2829,18
2829,1
2829,21
2830,13
2831,14
2831,5
2831,13
2832,5
2832,13
2833,13
2834,21
2834,5
2834,13
2835,14
2835,8
2835,5
2836,2
2836,3
2836,9
2836,1
2836,21
2836,18
2837,1
2837,21
2837,8
2837,6
2838,21
2838,6
2838,1
2839,5
2839,17
2840,8
2841,22
2841,8
2842,8
2842,17
2842,5
2843,8
2843,21
2882,24
2886,1
2890,1
2890,21
2890,8
2896,6
2897,20
2897,8
2897,4
2904,16
2904,13
2904,21
2911,5
2911,8
2912,5
2912,8
9,1
9,6
9,21
23,1
23,6
23,21
10,1
10,2
10,21
2921,5
2921,1
2921,6
2943,14
2,2
2,5
2,9
2,10
2964,9
2968,21
2974,8
2974,1
2975,8
2975,1
2979,21
2979,13
2981,1
2981,21
2981,8
2986,5
2987,6
2987,16
2987,8
2989,3
2991,3
2993,2
2993,3
2996,5
1407,5
1407,8
1407,17
540,2
540,3
540,5
540,9
540,15
81,8
81,13
81,17
81,21
1224,5
1224,17
939,8
939,17
1524,2
1524,9
1524,10
3223,5
3223,8
3225,5
3269,3
3277,21
3277,1
3331,17
3331,8
3332,10
3332,2
3332,1
3332,9
3332,17
3339,21
3339,8
3340,2
3340,5
3340,3
3341,1
3341,17
3342,8
3343,8
3343,1
3351,1
3352,2
3352,1
3354,2
3354,1
2375,5
2375,6
2375,17
1229,5
1229,6
3357,21
3360,13
3362,6
3377,5
3380,8
3380,21
3380,1
3383,5
3384,21
3384,12
3384,10
3384,8
3384,2
3384,1
3386,1
3387,21
3387,13
3387,16
3388,3
3390,5
3391,9
3391,5
3391,10
3391,2
3391,18
3391,1
3392,1
3392,21
3393,1
3393,21
3394,21
3395,1
3397,13
3397,5
3398,13
3400,2
3400,1
3400,10
3401,21
3401,1
3401,5
3401,6
3402,5
3402,1
3402,17
3404,13
3405,3
3405,5
3405,2
3405,9
3406,3
3407,13
3407,2
3407,21
3407,1
3407,18
3408,17
3408,1
3408,5
3408,2
3409,1
3409,16
3409,6
3409,8
3410,2
3410,6
3410,9
3410,5
3410,3
3411,3
3411,9
3411,10
3411,2
3411,5
3412,6
3412,21
3412,1
3412,8
3415,21
3415,1
3415,6
3415,8
3385,8
3385,13
3385,18
3385,21
2669,1
2669,13
2669,18
2669,21
3355,14
3353,21
3337,6
3337,16
3337,21
3336,3
3333,8
3330,1
3224,3
2995,5
2995,14
2994,1
2994,21
2992,4
2992,6
2988,1
2984,5
2969,9
2942,21
2967,1
2966,13
2965,3
2963,8
2963,21
2925,3
2924,8
2922,9
2913,21
2910,6
2910,21
2909,1
2909,21
2908,1
2908,13
2899,1
2898,1
2895,13
3396,1
3399,1
3403,3
3413,5
3414,2
3416,1
3389,1
3389,8
3356,1
3358,5
3359,3
3361,5
3363,5
3364,1
3365,1
3367,21
3366,13
3368,9
3369,1
3370,1
3371,1
3372,1
3374,1
3373,21
3375,27
3376,3
3378,3
3379,3
3381,1
3381,5
3381,21
3382,1
3382,3
